pincode,population,grade
110001,48527,district_apportioned
110002,48527,district_apportioned
110003,170746,district_apportioned
110004,48527,district_apportioned
110005,48527,district_apportioned
110006,48527,district_apportioned
110007,221994,district_apportioned
110008,48527,district_apportioned
110009,243769,district_apportioned
110010,79068,district_apportioned
110011,48527,district_apportioned
110012,48527,district_apportioned
110013,170746,district_apportioned
110014,170746,district_apportioned
110015,282583,district_apportioned
110016,79068,district_apportioned
110017,170746,district_apportioned
110018,282583,district_apportioned
110019,170746,district_apportioned
110020,170746,district_apportioned
110021,79068,district_apportioned
110022,79068,district_apportioned
110023,79068,district_apportioned
110024,170746,district_apportioned
110025,170746,district_apportioned
110026,282583,district_apportioned
110027,282583,district_apportioned
110028,79068,district_apportioned
110029,79068,district_apportioned
110030,79068,district_apportioned
110031,155395,district_apportioned
110032,155395,district_apportioned
110033,243769,district_apportioned
110034,243769,district_apportioned
110035,243769,district_apportioned
110036,243769,district_apportioned
110037,79068,district_apportioned
110038,79068,district_apportioned
110039,243769,district_apportioned
110040,243769,district_apportioned
110041,282583,district_apportioned
110042,243769,district_apportioned
110043,79068,district_apportioned
110044,170746,district_apportioned
110045,79068,district_apportioned
110046,79068,district_apportioned
110047,79068,district_apportioned
110048,170746,district_apportioned
110049,170746,district_apportioned
110050,170746,district_apportioned
110051,155395,district_apportioned
110052,243769,district_apportioned
110053,155395,district_apportioned
110054,221994,district_apportioned
110055,48527,district_apportioned
110056,243769,district_apportioned
110057,79068,district_apportioned
110058,282583,district_apportioned
110059,282583,district_apportioned
110060,48527,district_apportioned
110061,79068,district_apportioned
110062,170746,district_apportioned
110063,282583,district_apportioned
110064,79068,district_apportioned
110065,170746,district_apportioned
110066,79068,district_apportioned
110067,79068,district_apportioned
110068,79068,district_apportioned
110069,48527,district_apportioned
110070,79068,district_apportioned
110071,79068,district_apportioned
110072,79068,district_apportioned
110073,79068,district_apportioned
110074,79068,district_apportioned
110075,79068,district_apportioned
110076,170746,district_apportioned
110077,79068,district_apportioned
110078,79068,district_apportioned
110080,170746,district_apportioned
110081,243769,district_apportioned
110082,243769,district_apportioned
110083,243769,district_apportioned
110084,71002,district_apportioned
110085,221994,district_apportioned
110086,221994,district_apportioned
110087,282583,district_apportioned
110088,243769,district_apportioned
110089,243769,district_apportioned
110090,155395,district_apportioned
110091,155395,district_apportioned
110092,155395,district_apportioned
110093,155395,district_apportioned
110094,155395,district_apportioned
110095,155395,district_apportioned
110096,155395,district_apportioned
110097,79068,district_apportioned
110098,71002,district_apportioned
110100,48527,district_apportioned
121001,90487,district_apportioned
121002,90487,district_apportioned
121003,90487,district_apportioned
121004,90487,district_apportioned
121005,90487,district_apportioned
121006,90487,district_apportioned
121007,90487,district_apportioned
121008,90487,district_apportioned
121009,90487,district_apportioned
121010,90487,district_apportioned
121012,90487,district_apportioned
121013,90487,district_apportioned
121014,90487,district_apportioned
121015,90487,district_apportioned
121101,90487,district_apportioned
121102,90487,district_apportioned
121103,90487,district_apportioned
121105,90487,district_apportioned
121106,90487,district_apportioned
121107,90487,district_apportioned
122001,42068,district_apportioned
122002,42068,district_apportioned
122003,42068,district_apportioned
122004,42068,district_apportioned
122005,42068,district_apportioned
122006,42068,district_apportioned
122007,42068,district_apportioned
122008,42068,district_apportioned
122009,42068,district_apportioned
122010,42068,district_apportioned
122011,42068,district_apportioned
122012,42068,district_apportioned
122015,42068,district_apportioned
122016,42068,district_apportioned
122017,42068,district_apportioned
122018,42068,district_apportioned
122051,42068,district_apportioned
122052,42068,district_apportioned
122098,42068,district_apportioned
122101,42068,district_apportioned
122102,42068,district_apportioned
122103,42068,district_apportioned
122104,42068,district_apportioned
122105,42068,district_apportioned
122107,42068,district_apportioned
122108,42068,district_apportioned
122413,42068,district_apportioned
122414,42068,district_apportioned
122502,42068,district_apportioned
122503,42068,district_apportioned
122504,42068,district_apportioned
122505,42068,district_apportioned
122506,42068,district_apportioned
122508,42068,district_apportioned
123001,131727,district_apportioned
123021,69256,district_apportioned
123023,131727,district_apportioned
123024,131727,district_apportioned
123027,131727,district_apportioned
123028,131727,district_apportioned
123029,131727,district_apportioned
123031,131727,district_apportioned
123034,69256,district_apportioned
123035,69256,district_apportioned
123101,69256,district_apportioned
123102,69256,district_apportioned
123103,69256,district_apportioned
123106,42068,district_apportioned
123110,69256,district_apportioned
123301,69256,district_apportioned
123302,69256,district_apportioned
123303,69256,district_apportioned
123401,42068,district_apportioned
123411,69256,district_apportioned
123412,69256,district_apportioned
123501,69256,district_apportioned
124001,70747,district_apportioned
124010,70747,district_apportioned
124021,70747,district_apportioned
124022,70747,district_apportioned
124102,50442,district_apportioned
124103,50442,district_apportioned
124104,50442,district_apportioned
124105,50442,district_apportioned
124106,50442,district_apportioned
124107,50442,district_apportioned
124108,50442,district_apportioned
124109,50442,district_apportioned
124111,70747,district_apportioned
124112,70747,district_apportioned
124113,70747,district_apportioned
124141,70747,district_apportioned
124142,50442,district_apportioned
124146,50442,district_apportioned
124201,50442,district_apportioned
124202,50442,district_apportioned
124303,70747,district_apportioned
124401,70747,district_apportioned
124404,50442,district_apportioned
124406,70747,district_apportioned
124411,70747,district_apportioned
124412,70747,district_apportioned
124501,50442,district_apportioned
124504,50442,district_apportioned
124505,50442,district_apportioned
124506,50442,district_apportioned
124507,50442,district_apportioned
124508,50442,district_apportioned
124513,70747,district_apportioned
124514,70747,district_apportioned
125001,87197,district_apportioned
125004,87197,district_apportioned
125005,87197,district_apportioned
125006,87197,district_apportioned
125007,87197,district_apportioned
125011,87197,district_apportioned
125033,87197,district_apportioned
125037,87197,district_apportioned
125038,87197,district_apportioned
125039,87197,district_apportioned
125042,87197,district_apportioned
125044,87197,district_apportioned
125047,87197,district_apportioned
125048,157002,district_apportioned
125049,87197,district_apportioned
125050,157002,district_apportioned
125051,87197,district_apportioned
125052,87197,district_apportioned
125053,157002,district_apportioned
125054,86346,district_apportioned
125055,86346,district_apportioned
125056,86346,district_apportioned
125058,86346,district_apportioned
125060,86346,district_apportioned
125075,86346,district_apportioned
125076,86346,district_apportioned
125077,86346,district_apportioned
125078,86346,district_apportioned
125101,86346,district_apportioned
125102,86346,district_apportioned
125103,86346,district_apportioned
125104,86346,district_apportioned
125106,157002,district_apportioned
125110,86346,district_apportioned
125111,157002,district_apportioned
125112,87197,district_apportioned
125113,87197,district_apportioned
125120,87197,district_apportioned
125121,87197,district_apportioned
125133,157002,district_apportioned
125201,86346,district_apportioned
126101,121287,district_apportioned
126102,121287,district_apportioned
126110,121287,district_apportioned
126111,121287,district_apportioned
126112,121287,district_apportioned
126113,121287,district_apportioned
126114,121287,district_apportioned
126115,121287,district_apportioned
126116,121287,district_apportioned
126125,121287,district_apportioned
126152,121287,district_apportioned
127021,60535,district_apportioned
127022,60535,district_apportioned
127025,60535,district_apportioned
127026,60535,district_apportioned
127027,60535,district_apportioned
127028,60535,district_apportioned
127029,60535,district_apportioned
127030,60535,district_apportioned
127031,60535,district_apportioned
127032,60535,district_apportioned
127035,60535,district_apportioned
127040,60535,district_apportioned
127041,60535,district_apportioned
127042,60535,district_apportioned
127043,60535,district_apportioned
127045,60535,district_apportioned
127046,60535,district_apportioned
127111,60535,district_apportioned
127114,60535,district_apportioned
127201,60535,district_apportioned
127306,60535,district_apportioned
127307,60535,district_apportioned
127308,60535,district_apportioned
127309,60535,district_apportioned
127310,60535,district_apportioned
127311,60535,district_apportioned
127312,60535,district_apportioned
131001,65909,district_apportioned
131021,65909,district_apportioned
131022,65909,district_apportioned
131023,65909,district_apportioned
131024,65909,district_apportioned
131027,65909,district_apportioned
131028,65909,district_apportioned
131029,65909,district_apportioned
131030,65909,district_apportioned
131039,65909,district_apportioned
131101,65909,district_apportioned
131102,65909,district_apportioned
131103,65909,district_apportioned
131301,65909,district_apportioned
131302,65909,district_apportioned
131304,65909,district_apportioned
131305,65909,district_apportioned
131306,65909,district_apportioned
131402,65909,district_apportioned
131403,65909,district_apportioned
131408,65909,district_apportioned
131409,65909,district_apportioned
132001,100355,district_apportioned
132022,100355,district_apportioned
132023,100355,district_apportioned
132024,100355,district_apportioned
132036,100355,district_apportioned
132037,100355,district_apportioned
132039,100355,district_apportioned
132040,100355,district_apportioned
132041,100355,district_apportioned
132046,100355,district_apportioned
132054,100355,district_apportioned
132101,92726,district_apportioned
132102,92726,district_apportioned
132103,92726,district_apportioned
132104,92726,district_apportioned
132105,92726,district_apportioned
132106,92726,district_apportioned
132107,92726,district_apportioned
132108,92726,district_apportioned
132113,92726,district_apportioned
132114,100355,district_apportioned
132115,92726,district_apportioned
132116,100355,district_apportioned
132117,100355,district_apportioned
132122,92726,district_apportioned
132140,92726,district_apportioned
132145,92726,district_apportioned
132157,100355,district_apportioned
133001,49059,district_apportioned
133004,49059,district_apportioned
133005,49059,district_apportioned
133006,49059,district_apportioned
133008,49059,district_apportioned
133010,49059,district_apportioned
133101,49059,district_apportioned
133102,49059,district_apportioned
133103,93400,district_apportioned
133104,49059,district_apportioned
133201,49059,district_apportioned
133202,49059,district_apportioned
133203,49059,district_apportioned
133204,93400,district_apportioned
133205,49059,district_apportioned
133206,93400,district_apportioned
133207,49059,district_apportioned
133301,35081,district_apportioned
133302,35081,district_apportioned
134003,49059,district_apportioned
134005,49059,district_apportioned
134007,49059,district_apportioned
134008,49059,district_apportioned
134101,35081,district_apportioned
134102,35081,district_apportioned
134103,35081,district_apportioned
134104,35081,district_apportioned
134105,35081,district_apportioned
134107,35081,district_apportioned
134108,35081,district_apportioned
134109,35081,district_apportioned
134112,35081,district_apportioned
134113,35081,district_apportioned
134114,35081,district_apportioned
134116,35081,district_apportioned
134117,35081,district_apportioned
134118,49059,district_apportioned
134201,49059,district_apportioned
134202,49059,district_apportioned
134203,49059,district_apportioned
134204,49059,district_apportioned
134205,35081,district_apportioned
135001,93400,district_apportioned
135002,93400,district_apportioned
135003,93400,district_apportioned
135004,93400,district_apportioned
135021,93400,district_apportioned
135101,93400,district_apportioned
135102,93400,district_apportioned
135103,93400,district_apportioned
135106,93400,district_apportioned
135133,93400,district_apportioned
136020,97664,district_apportioned
136021,97664,district_apportioned
136026,97664,district_apportioned
136027,97664,district_apportioned
136030,80388,district_apportioned
136033,97664,district_apportioned
136034,97664,district_apportioned
136035,97664,district_apportioned
136038,80388,district_apportioned
136042,97664,district_apportioned
136043,97664,district_apportioned
136044,97664,district_apportioned
136117,97664,district_apportioned
136118,80388,district_apportioned
136119,80388,district_apportioned
136128,80388,district_apportioned
136129,80388,district_apportioned
136130,80388,district_apportioned
136131,80388,district_apportioned
136132,80388,district_apportioned
136135,80388,district_apportioned
136136,80388,district_apportioned
136156,80388,district_apportioned
140001,38035,district_apportioned
140101,38035,district_apportioned
140102,38035,district_apportioned
140103,45210,district_apportioned
140108,38035,district_apportioned
140109,45210,district_apportioned
140110,45210,district_apportioned
140111,38035,district_apportioned
140112,45210,district_apportioned
140113,38035,district_apportioned
140114,38035,district_apportioned
140115,38035,district_apportioned
140116,38035,district_apportioned
140117,38035,district_apportioned
140118,38035,district_apportioned
140119,38035,district_apportioned
140123,38035,district_apportioned
140124,38035,district_apportioned
140125,38035,district_apportioned
140126,38035,district_apportioned
140133,38035,district_apportioned
140201,45210,district_apportioned
140301,45210,district_apportioned
140306,45210,district_apportioned
140307,45210,district_apportioned
140308,45210,district_apportioned
140401,65368,district_apportioned
140402,65368,district_apportioned
140405,150041,district_apportioned
140406,65368,district_apportioned
140407,150041,district_apportioned
140408,150041,district_apportioned
140412,65368,district_apportioned
140413,45210,district_apportioned
140417,65368,district_apportioned
140501,45210,district_apportioned
140506,45210,district_apportioned
140507,45210,district_apportioned
140601,65368,district_apportioned
140602,65368,district_apportioned
140603,45210,district_apportioned
140604,45210,district_apportioned
140701,65368,district_apportioned
140702,65368,district_apportioned
140802,65368,district_apportioned
140901,45210,district_apportioned
141001,48594,district_apportioned
141002,48594,district_apportioned
141003,48594,district_apportioned
141004,48594,district_apportioned
141006,48594,district_apportioned
141007,48594,district_apportioned
141008,48594,district_apportioned
141010,48594,district_apportioned
141012,48594,district_apportioned
141013,48594,district_apportioned
141014,48594,district_apportioned
141015,48594,district_apportioned
141016,48594,district_apportioned
141017,48594,district_apportioned
141101,48594,district_apportioned
141102,48594,district_apportioned
141103,48594,district_apportioned
141104,48594,district_apportioned
141105,48594,district_apportioned
141106,48594,district_apportioned
141107,48594,district_apportioned
141108,48594,district_apportioned
141109,48594,district_apportioned
141110,48594,district_apportioned
141112,48594,district_apportioned
141113,48594,district_apportioned
141114,48594,district_apportioned
141115,48594,district_apportioned
141116,48594,district_apportioned
141117,48594,district_apportioned
141118,48594,district_apportioned
141119,48594,district_apportioned
141120,48594,district_apportioned
141121,48594,district_apportioned
141122,48594,district_apportioned
141123,48594,district_apportioned
141125,48594,district_apportioned
141126,48594,district_apportioned
141127,48594,district_apportioned
141201,48594,district_apportioned
141202,48594,district_apportioned
141203,48594,district_apportioned
141204,48594,district_apportioned
141205,48594,district_apportioned
141206,48594,district_apportioned
141401,48594,district_apportioned
141411,65368,district_apportioned
141412,48594,district_apportioned
141413,48594,district_apportioned
141414,48594,district_apportioned
141415,48594,district_apportioned
141416,48594,district_apportioned
141417,48594,district_apportioned
141418,48594,district_apportioned
141419,48594,district_apportioned
141421,48594,district_apportioned
141422,48594,district_apportioned
141801,65368,district_apportioned
142001,52408,district_apportioned
142002,52408,district_apportioned
142003,52408,district_apportioned
142011,52408,district_apportioned
142021,48594,district_apportioned
142022,48594,district_apportioned
142023,48594,district_apportioned
142024,48594,district_apportioned
142025,48594,district_apportioned
142026,48594,district_apportioned
142027,48594,district_apportioned
142028,48594,district_apportioned
142029,48594,district_apportioned
142030,48594,district_apportioned
142031,48594,district_apportioned
142032,48594,district_apportioned
142033,48594,district_apportioned
142034,48594,district_apportioned
142035,48594,district_apportioned
142036,48594,district_apportioned
142037,52408,district_apportioned
142038,52408,district_apportioned
142039,52408,district_apportioned
142040,52408,district_apportioned
142041,81163,district_apportioned
142042,52408,district_apportioned
142043,81163,district_apportioned
142044,81163,district_apportioned
142045,52408,district_apportioned
142046,52408,district_apportioned
142047,81163,district_apportioned
142048,52408,district_apportioned
142049,52408,district_apportioned
142050,81163,district_apportioned
142052,81163,district_apportioned
142053,52408,district_apportioned
142054,52408,district_apportioned
142055,52408,district_apportioned
142056,52408,district_apportioned
142057,52408,district_apportioned
142058,52408,district_apportioned
142060,81163,district_apportioned
143001,88952,district_apportioned
143002,88952,district_apportioned
143003,88952,district_apportioned
143005,88952,district_apportioned
143006,88952,district_apportioned
143008,88952,district_apportioned
143009,39987,district_apportioned
143022,39987,district_apportioned
143101,88952,district_apportioned
143102,88952,district_apportioned
143103,88952,district_apportioned
143105,88952,district_apportioned
143107,39987,district_apportioned
143108,88952,district_apportioned
143109,88952,district_apportioned
143111,39987,district_apportioned
143112,39987,district_apportioned
143113,88952,district_apportioned
143114,39987,district_apportioned
143115,39987,district_apportioned
143116,88952,district_apportioned
143117,39987,district_apportioned
143118,39987,district_apportioned
143119,88952,district_apportioned
143149,88952,district_apportioned
143201,88952,district_apportioned
143202,88952,district_apportioned
143203,88952,district_apportioned
143204,88952,district_apportioned
143205,88952,district_apportioned
143301,39987,district_apportioned
143302,39987,district_apportioned
143303,39987,district_apportioned
143304,39987,district_apportioned
143305,39987,district_apportioned
143401,39987,district_apportioned
143402,39987,district_apportioned
143406,39987,district_apportioned
143407,39987,district_apportioned
143408,39987,district_apportioned
143409,39987,district_apportioned
143410,39987,district_apportioned
143411,39987,district_apportioned
143412,39987,district_apportioned
143413,39987,district_apportioned
143414,88952,district_apportioned
143415,39987,district_apportioned
143416,39987,district_apportioned
143419,39987,district_apportioned
143422,39987,district_apportioned
143501,88952,district_apportioned
143502,88952,district_apportioned
143504,88952,district_apportioned
143505,88397,district_apportioned
143506,88397,district_apportioned
143507,88397,district_apportioned
143511,88397,district_apportioned
143512,88397,district_apportioned
143513,88397,district_apportioned
143514,88397,district_apportioned
143515,88397,district_apportioned
143516,88397,district_apportioned
143517,88397,district_apportioned
143518,88397,district_apportioned
143519,88397,district_apportioned
143520,88397,district_apportioned
143521,88397,district_apportioned
143525,88397,district_apportioned
143526,88397,district_apportioned
143527,88397,district_apportioned
143528,88397,district_apportioned
143529,88397,district_apportioned
143530,88397,district_apportioned
143531,88397,district_apportioned
143532,88397,district_apportioned
143533,52544,district_apportioned
143534,52544,district_apportioned
143601,88952,district_apportioned
143602,88397,district_apportioned
143603,88952,district_apportioned
143604,88397,district_apportioned
143605,88397,district_apportioned
143606,88952,district_apportioned
144001,34275,district_apportioned
144002,34275,district_apportioned
144003,34275,district_apportioned
144004,34275,district_apportioned
144005,34275,district_apportioned
144006,34275,district_apportioned
144007,34275,district_apportioned
144008,34275,district_apportioned
144009,34275,district_apportioned
144010,34275,district_apportioned
144011,34275,district_apportioned
144012,34275,district_apportioned
144020,34275,district_apportioned
144021,34275,district_apportioned
144022,34275,district_apportioned
144023,34275,district_apportioned
144024,34275,district_apportioned
144025,34275,district_apportioned
144026,34275,district_apportioned
144027,34275,district_apportioned
144028,34275,district_apportioned
144029,18555,district_apportioned
144030,34275,district_apportioned
144031,34275,district_apportioned
144032,34275,district_apportioned
144033,34275,district_apportioned
144034,34275,district_apportioned
144035,34275,district_apportioned
144036,34275,district_apportioned
144037,34275,district_apportioned
144039,34275,district_apportioned
144040,34275,district_apportioned
144041,34275,district_apportioned
144042,34275,district_apportioned
144043,34275,district_apportioned
144044,34275,district_apportioned
144101,34275,district_apportioned
144102,34275,district_apportioned
144103,34275,district_apportioned
144104,34275,district_apportioned
144105,33055,district_apportioned
144106,34275,district_apportioned
144201,34275,district_apportioned
144202,33055,district_apportioned
144204,33055,district_apportioned
144205,33055,district_apportioned
144206,33055,district_apportioned
144207,33055,district_apportioned
144208,33055,district_apportioned
144209,33055,district_apportioned
144210,33055,district_apportioned
144211,33055,district_apportioned
144212,33055,district_apportioned
144213,33055,district_apportioned
144214,33055,district_apportioned
144216,33055,district_apportioned
144221,33055,district_apportioned
144222,33055,district_apportioned
144223,33055,district_apportioned
144224,18555,district_apportioned
144301,34275,district_apportioned
144302,34275,district_apportioned
144303,34275,district_apportioned
144305,33055,district_apportioned
144306,33055,district_apportioned
144311,34275,district_apportioned
144401,40758,district_apportioned
144402,34275,district_apportioned
144403,34275,district_apportioned
144404,33055,district_apportioned
144405,34275,district_apportioned
144406,33055,district_apportioned
144407,34275,district_apportioned
144408,40758,district_apportioned
144409,34275,district_apportioned
144410,34275,district_apportioned
144411,40758,district_apportioned
144415,18555,district_apportioned
144416,34275,district_apportioned
144417,18555,district_apportioned
144418,34275,district_apportioned
144419,34275,district_apportioned
144421,18555,district_apportioned
144422,18555,district_apportioned
144501,18555,district_apportioned
144502,18555,district_apportioned
144503,18555,district_apportioned
144504,18555,district_apportioned
144505,18555,district_apportioned
144506,18555,district_apportioned
144507,18555,district_apportioned
144508,18555,district_apportioned
144509,18555,district_apportioned
144510,18555,district_apportioned
144511,18555,district_apportioned
144512,18555,district_apportioned
144513,18555,district_apportioned
144514,18555,district_apportioned
144515,18555,district_apportioned
144516,18555,district_apportioned
144517,18555,district_apportioned
144518,18555,district_apportioned
144519,33055,district_apportioned
144520,33055,district_apportioned
144521,18555,district_apportioned
144522,18555,district_apportioned
144523,33055,district_apportioned
144524,18555,district_apportioned
144525,18555,district_apportioned
144526,18555,district_apportioned
144527,18555,district_apportioned
144528,33055,district_apportioned
144529,33055,district_apportioned
144530,33055,district_apportioned
144531,33055,district_apportioned
144532,18555,district_apportioned
144533,18555,district_apportioned
144601,40758,district_apportioned
144602,40758,district_apportioned
144603,40758,district_apportioned
144606,40758,district_apportioned
144620,40758,district_apportioned
144621,40758,district_apportioned
144622,40758,district_apportioned
144623,34275,district_apportioned
144624,40758,district_apportioned
144625,40758,district_apportioned
144626,40758,district_apportioned
144628,40758,district_apportioned
144629,34275,district_apportioned
144630,34275,district_apportioned
144631,40758,district_apportioned
144632,40758,district_apportioned
144633,34275,district_apportioned
144701,34275,district_apportioned
144702,34275,district_apportioned
144703,34275,district_apportioned
144801,34275,district_apportioned
144802,40758,district_apportioned
144803,40758,district_apportioned
144804,40758,district_apportioned
144805,34275,district_apportioned
144806,34275,district_apportioned
144819,40758,district_apportioned
145001,88397,district_apportioned
145022,52544,district_apportioned
145023,52544,district_apportioned
145024,52544,district_apportioned
145025,52544,district_apportioned
145026,52544,district_apportioned
145027,52544,district_apportioned
145029,52544,district_apportioned
145101,52544,district_apportioned
146001,33055,district_apportioned
146021,33055,district_apportioned
146022,33055,district_apportioned
146023,33055,district_apportioned
146024,33055,district_apportioned
146101,33055,district_apportioned
146102,33055,district_apportioned
146103,33055,district_apportioned
146104,33055,district_apportioned
146105,33055,district_apportioned
146106,33055,district_apportioned
146107,33055,district_apportioned
146108,33055,district_apportioned
146109,33055,district_apportioned
146110,33055,district_apportioned
146111,33055,district_apportioned
146112,33055,district_apportioned
146113,33055,district_apportioned
146114,33055,district_apportioned
146115,18555,district_apportioned
146116,33055,district_apportioned
147001,65368,district_apportioned
147002,65368,district_apportioned
147003,65368,district_apportioned
147004,65368,district_apportioned
147005,65368,district_apportioned
147006,65368,district_apportioned
147007,65368,district_apportioned
147021,65368,district_apportioned
147101,65368,district_apportioned
147102,65368,district_apportioned
147103,65368,district_apportioned
147104,65368,district_apportioned
147105,65368,district_apportioned
147111,65368,district_apportioned
147201,65368,district_apportioned
147202,65368,district_apportioned
147203,65368,district_apportioned
147301,150041,district_apportioned
148001,87114,district_apportioned
148002,87114,district_apportioned
148017,87114,district_apportioned
148018,87114,district_apportioned
148019,87114,district_apportioned
148020,87114,district_apportioned
148021,87114,district_apportioned
148022,87114,district_apportioned
148023,87114,district_apportioned
148024,49627,district_apportioned
148025,49627,district_apportioned
148026,87114,district_apportioned
148027,87114,district_apportioned
148028,87114,district_apportioned
148029,87114,district_apportioned
148030,87114,district_apportioned
148031,87114,district_apportioned
148033,87114,district_apportioned
148034,87114,district_apportioned
148035,87114,district_apportioned
148100,49627,district_apportioned
148101,49627,district_apportioned
148102,49627,district_apportioned
148103,49627,district_apportioned
148104,49627,district_apportioned
148105,49627,district_apportioned
148106,49627,district_apportioned
148107,49627,district_apportioned
148108,49627,district_apportioned
148109,49627,district_apportioned
151001,92568,district_apportioned
151002,92568,district_apportioned
151003,92568,district_apportioned
151004,92568,district_apportioned
151005,92568,district_apportioned
151101,64146,district_apportioned
151102,64146,district_apportioned
151103,92568,district_apportioned
151104,92568,district_apportioned
151105,92568,district_apportioned
151106,92568,district_apportioned
151108,87114,district_apportioned
151111,92568,district_apportioned
151201,92568,district_apportioned
151202,68612,district_apportioned
151203,68612,district_apportioned
151204,52544,district_apportioned
151205,68612,district_apportioned
151206,92568,district_apportioned
151207,68612,district_apportioned
151208,68612,district_apportioned
151209,68612,district_apportioned
151210,75158,district_apportioned
151211,75158,district_apportioned
151212,68612,district_apportioned
151213,68612,district_apportioned
151301,92568,district_apportioned
151302,92568,district_apportioned
151401,92568,district_apportioned
151501,64146,district_apportioned
151502,64146,district_apportioned
151503,64146,district_apportioned
151504,64146,district_apportioned
151505,64146,district_apportioned
151506,64146,district_apportioned
151507,64146,district_apportioned
151508,64146,district_apportioned
151509,64146,district_apportioned
151510,64146,district_apportioned
152001,81163,district_apportioned
152002,81163,district_apportioned
152003,81163,district_apportioned
152004,81163,district_apportioned
152005,81163,district_apportioned
152020,52544,district_apportioned
152021,81163,district_apportioned
152022,75158,district_apportioned
152023,81163,district_apportioned
152024,81163,district_apportioned
152025,68612,district_apportioned
152026,75158,district_apportioned
152028,81163,district_apportioned
152031,75158,district_apportioned
152032,75158,district_apportioned
152033,81163,district_apportioned
152101,75158,district_apportioned
152107,75158,district_apportioned
152112,75158,district_apportioned
152113,75158,district_apportioned
152114,75158,district_apportioned
152115,75158,district_apportioned
152116,81163,district_apportioned
152117,81163,district_apportioned
152118,52544,district_apportioned
152121,81163,district_apportioned
152122,81163,district_apportioned
152123,81163,district_apportioned
152124,81163,district_apportioned
152128,81163,district_apportioned
152132,81163,district_apportioned
160001,45889,district_apportioned
160002,45889,district_apportioned
160003,45889,district_apportioned
160004,45889,district_apportioned
160005,45889,district_apportioned
160009,45889,district_apportioned
160011,45889,district_apportioned
160012,45889,district_apportioned
160014,38035,district_apportioned
160015,45889,district_apportioned
160016,45889,district_apportioned
160017,45889,district_apportioned
160018,45889,district_apportioned
160019,45889,district_apportioned
160020,45889,district_apportioned
160022,45889,district_apportioned
160023,45889,district_apportioned
160025,45889,district_apportioned
160030,45889,district_apportioned
160036,45889,district_apportioned
160043,45889,district_apportioned
160047,45889,district_apportioned
160055,45210,district_apportioned
160059,45210,district_apportioned
160062,45210,district_apportioned
160071,45210,district_apportioned
160101,45889,district_apportioned
160102,45889,district_apportioned
160103,45210,district_apportioned
160104,45210,district_apportioned
171001,14281,district_apportioned
171002,14281,district_apportioned
171003,14281,district_apportioned
171004,14281,district_apportioned
171005,14281,district_apportioned
171006,14281,district_apportioned
171007,14281,district_apportioned
171008,14281,district_apportioned
171009,14281,district_apportioned
171010,14281,district_apportioned
171011,14281,district_apportioned
171012,14281,district_apportioned
171013,14281,district_apportioned
171014,14281,district_apportioned
171015,14281,district_apportioned
171018,14281,district_apportioned
171019,14281,district_apportioned
171102,20726,district_apportioned
171103,14281,district_apportioned
171201,14281,district_apportioned
171202,14281,district_apportioned
171203,14281,district_apportioned
171204,14281,district_apportioned
171205,14281,district_apportioned
171206,14281,district_apportioned
171207,14281,district_apportioned
171208,14281,district_apportioned
171209,14281,district_apportioned
171210,14281,district_apportioned
171211,14281,district_apportioned
171212,14281,district_apportioned
171213,14281,district_apportioned
171214,14281,district_apportioned
171215,14281,district_apportioned
171216,14281,district_apportioned
171217,14281,district_apportioned
171218,14281,district_apportioned
171219,14281,district_apportioned
171220,14281,district_apportioned
171221,14281,district_apportioned
171222,14281,district_apportioned
171223,14281,district_apportioned
171224,14281,district_apportioned
171225,14281,district_apportioned
171226,14281,district_apportioned
171301,14281,district_apportioned
172001,14281,district_apportioned
172002,23048,district_apportioned
172021,14281,district_apportioned
172022,14281,district_apportioned
172023,23048,district_apportioned
172024,14281,district_apportioned
172025,23048,district_apportioned
172026,23048,district_apportioned
172027,14281,district_apportioned
172028,14281,district_apportioned
172029,14281,district_apportioned
172030,5608,district_apportioned
172031,14281,district_apportioned
172032,23048,district_apportioned
172033,23048,district_apportioned
172034,14281,district_apportioned
172101,5608,district_apportioned
172102,14281,district_apportioned
172103,5608,district_apportioned
172104,5608,district_apportioned
172105,5608,district_apportioned
172106,5608,district_apportioned
172107,5608,district_apportioned
172108,5608,district_apportioned
172109,5608,district_apportioned
172110,5608,district_apportioned
172111,5608,district_apportioned
172112,5608,district_apportioned
172113,3946,district_apportioned
172114,3946,district_apportioned
172115,5608,district_apportioned
172116,5608,district_apportioned
172117,3946,district_apportioned
172118,5608,district_apportioned
172201,14281,district_apportioned
173001,33116,district_apportioned
173021,33116,district_apportioned
173022,33116,district_apportioned
173023,33116,district_apportioned
173024,33116,district_apportioned
173025,33116,district_apportioned
173026,33116,district_apportioned
173027,33116,district_apportioned
173029,33116,district_apportioned
173030,33116,district_apportioned
173031,33116,district_apportioned
173032,33116,district_apportioned
173101,33116,district_apportioned
173104,33116,district_apportioned
173201,20726,district_apportioned
173202,20726,district_apportioned
173204,20726,district_apportioned
173205,20726,district_apportioned
173206,20726,district_apportioned
173207,20726,district_apportioned
173208,20726,district_apportioned
173209,20726,district_apportioned
173210,20726,district_apportioned
173211,20726,district_apportioned
173212,20726,district_apportioned
173213,20726,district_apportioned
173214,20726,district_apportioned
173215,20726,district_apportioned
173217,14281,district_apportioned
173218,20726,district_apportioned
173220,20726,district_apportioned
173221,20726,district_apportioned
173222,20726,district_apportioned
173223,33116,district_apportioned
173225,20726,district_apportioned
173229,33116,district_apportioned
173230,20726,district_apportioned
173233,20726,district_apportioned
173234,20726,district_apportioned
173235,20726,district_apportioned
173236,20726,district_apportioned
174001,15817,district_apportioned
174002,15817,district_apportioned
174003,15817,district_apportioned
174004,15817,district_apportioned
174005,15817,district_apportioned
174011,15817,district_apportioned
174012,15817,district_apportioned
174013,15817,district_apportioned
174015,15817,district_apportioned
174017,15817,district_apportioned
174021,15817,district_apportioned
174023,15817,district_apportioned
174024,15817,district_apportioned
174026,15817,district_apportioned
174027,15817,district_apportioned
174028,15817,district_apportioned
174029,15817,district_apportioned
174030,15817,district_apportioned
174031,15817,district_apportioned
174032,15817,district_apportioned
174033,15817,district_apportioned
174034,15817,district_apportioned
174035,15817,district_apportioned
174036,15817,district_apportioned
174101,20726,district_apportioned
174102,20726,district_apportioned
174103,20726,district_apportioned
174201,15817,district_apportioned
174301,14891,district_apportioned
174302,14891,district_apportioned
174303,14891,district_apportioned
174304,15817,district_apportioned
174305,15817,district_apportioned
174306,14891,district_apportioned
174307,14891,district_apportioned
174308,14891,district_apportioned
174309,15817,district_apportioned
174310,15817,district_apportioned
174311,15817,district_apportioned
174312,15817,district_apportioned
174314,14891,district_apportioned
174315,14891,district_apportioned
174316,14891,district_apportioned
174317,14891,district_apportioned
174319,14891,district_apportioned
174320,14891,district_apportioned
174321,14891,district_apportioned
174405,15817,district_apportioned
174503,14891,district_apportioned
174505,15817,district_apportioned
174507,14891,district_apportioned
175001,17853,district_apportioned
175002,17853,district_apportioned
175003,17853,district_apportioned
175004,17853,district_apportioned
175005,17853,district_apportioned
175006,17853,district_apportioned
175007,17853,district_apportioned
175008,17853,district_apportioned
175009,17853,district_apportioned
175010,17853,district_apportioned
175011,17853,district_apportioned
175012,17853,district_apportioned
175013,17853,district_apportioned
175014,17853,district_apportioned
175015,17853,district_apportioned
175016,17853,district_apportioned
175017,17853,district_apportioned
175018,17853,district_apportioned
175019,17853,district_apportioned
175021,17853,district_apportioned
175023,17853,district_apportioned
175024,17853,district_apportioned
175025,17853,district_apportioned
175026,17853,district_apportioned
175027,17853,district_apportioned
175028,17853,district_apportioned
175029,17853,district_apportioned
175030,17853,district_apportioned
175031,17853,district_apportioned
175032,17853,district_apportioned
175033,17853,district_apportioned
175034,17853,district_apportioned
175035,17853,district_apportioned
175036,17853,district_apportioned
175037,17853,district_apportioned
175038,17853,district_apportioned
175039,17853,district_apportioned
175040,17853,district_apportioned
175042,17853,district_apportioned
175045,17853,district_apportioned
175046,17853,district_apportioned
175047,17853,district_apportioned
175048,17853,district_apportioned
175049,17853,district_apportioned
175050,17853,district_apportioned
175051,17853,district_apportioned
175052,17853,district_apportioned
175101,17853,district_apportioned
175102,23048,district_apportioned
175103,23048,district_apportioned
175104,23048,district_apportioned
175105,23048,district_apportioned
175106,17853,district_apportioned
175121,17853,district_apportioned
175122,23048,district_apportioned
175123,17853,district_apportioned
175124,17853,district_apportioned
175125,17853,district_apportioned
175126,23048,district_apportioned
175128,23048,district_apportioned
175129,23048,district_apportioned
175130,23048,district_apportioned
175131,23048,district_apportioned
175132,3946,district_apportioned
175133,3946,district_apportioned
175134,17853,district_apportioned
175136,23048,district_apportioned
175138,23048,district_apportioned
175139,3946,district_apportioned
175140,3946,district_apportioned
175141,17853,district_apportioned
175142,3946,district_apportioned
175143,23048,district_apportioned
176001,15101,district_apportioned
176002,15101,district_apportioned
176021,15101,district_apportioned
176022,15101,district_apportioned
176023,15101,district_apportioned
176025,15101,district_apportioned
176026,15101,district_apportioned
176027,15101,district_apportioned
176028,15101,district_apportioned
176029,15101,district_apportioned
176030,15101,district_apportioned
176031,15101,district_apportioned
176032,15101,district_apportioned
176033,15101,district_apportioned
176036,15101,district_apportioned
176037,15101,district_apportioned
176038,15101,district_apportioned
176039,15817,district_apportioned
176040,15817,district_apportioned
176041,15817,district_apportioned
176042,15817,district_apportioned
176043,15817,district_apportioned
176044,15817,district_apportioned
176045,15817,district_apportioned
176047,15101,district_apportioned
176048,15817,district_apportioned
176049,15817,district_apportioned
176051,15101,district_apportioned
176052,15101,district_apportioned
176053,15101,district_apportioned
176054,15101,district_apportioned
176055,15101,district_apportioned
176056,15101,district_apportioned
176057,15101,district_apportioned
176058,15101,district_apportioned
176059,15101,district_apportioned
176060,15101,district_apportioned
176061,15101,district_apportioned
176062,15101,district_apportioned
176063,15101,district_apportioned
176064,15101,district_apportioned
176065,15101,district_apportioned
176066,15101,district_apportioned
176071,15101,district_apportioned
176073,15101,district_apportioned
176075,15101,district_apportioned
176076,15101,district_apportioned
176077,15101,district_apportioned
176081,15101,district_apportioned
176082,15101,district_apportioned
176083,15101,district_apportioned
176084,15101,district_apportioned
176085,15101,district_apportioned
176086,15101,district_apportioned
176087,15101,district_apportioned
176088,15101,district_apportioned
176089,15101,district_apportioned
176090,17853,district_apportioned
176091,15101,district_apportioned
176092,15101,district_apportioned
176093,15101,district_apportioned
176094,15101,district_apportioned
176095,15101,district_apportioned
176096,15101,district_apportioned
176097,15101,district_apportioned
176098,15101,district_apportioned
176101,15101,district_apportioned
176102,15101,district_apportioned
176103,15101,district_apportioned
176107,15101,district_apportioned
176108,15817,district_apportioned
176109,15817,district_apportioned
176110,15817,district_apportioned
176111,15817,district_apportioned
176115,15101,district_apportioned
176125,15101,district_apportioned
176128,15101,district_apportioned
176200,15101,district_apportioned
176201,15101,district_apportioned
176202,15101,district_apportioned
176203,15101,district_apportioned
176204,15101,district_apportioned
176205,15101,district_apportioned
176206,15101,district_apportioned
176207,20763,district_apportioned
176208,15101,district_apportioned
176209,15101,district_apportioned
176210,15101,district_apportioned
176211,15101,district_apportioned
176213,15101,district_apportioned
176214,15101,district_apportioned
176215,15101,district_apportioned
176216,15101,district_apportioned
176217,15101,district_apportioned
176218,15101,district_apportioned
176219,15101,district_apportioned
176225,15101,district_apportioned
176301,20763,district_apportioned
176302,20763,district_apportioned
176303,20763,district_apportioned
176304,20763,district_apportioned
176305,20763,district_apportioned
176306,20763,district_apportioned
176308,20763,district_apportioned
176309,20763,district_apportioned
176310,20763,district_apportioned
176311,20763,district_apportioned
176312,20763,district_apportioned
176313,20763,district_apportioned
176314,20763,district_apportioned
176315,20763,district_apportioned
176316,20763,district_apportioned
176317,20763,district_apportioned
176318,20763,district_apportioned
176319,20763,district_apportioned
176320,20763,district_apportioned
176321,20763,district_apportioned
176323,20763,district_apportioned
176324,20763,district_apportioned
176325,20763,district_apportioned
176326,20763,district_apportioned
176401,15101,district_apportioned
176402,15101,district_apportioned
176403,15101,district_apportioned
176501,15101,district_apportioned
176502,15101,district_apportioned
176601,14891,district_apportioned
177001,15817,district_apportioned
177005,15817,district_apportioned
177006,15817,district_apportioned
177007,15817,district_apportioned
177020,15817,district_apportioned
177021,15817,district_apportioned
177022,15817,district_apportioned
177023,15817,district_apportioned
177024,15817,district_apportioned
177025,15817,district_apportioned
177026,15817,district_apportioned
177027,15817,district_apportioned
177028,15817,district_apportioned
177029,15817,district_apportioned
177031,14891,district_apportioned
177033,15817,district_apportioned
177034,15101,district_apportioned
177038,15817,district_apportioned
177039,14891,district_apportioned
177040,15817,district_apportioned
177041,15817,district_apportioned
177042,15817,district_apportioned
177043,15101,district_apportioned
177044,15817,district_apportioned
177045,15817,district_apportioned
177048,15817,district_apportioned
177101,15101,district_apportioned
177103,15101,district_apportioned
177104,15101,district_apportioned
177105,15101,district_apportioned
177106,15101,district_apportioned
177107,15101,district_apportioned
177108,15101,district_apportioned
177109,14891,district_apportioned
177110,14891,district_apportioned
177111,15101,district_apportioned
177112,15101,district_apportioned
177113,15101,district_apportioned
177114,15817,district_apportioned
177117,15101,district_apportioned
177118,15817,district_apportioned
177119,15817,district_apportioned
177201,14891,district_apportioned
177202,14891,district_apportioned
177203,14891,district_apportioned
177204,14891,district_apportioned
177205,14891,district_apportioned
177206,14891,district_apportioned
177207,14891,district_apportioned
177208,14891,district_apportioned
177209,14891,district_apportioned
177210,14891,district_apportioned
177211,14891,district_apportioned
177212,14891,district_apportioned
177213,14891,district_apportioned
177219,14891,district_apportioned
177220,14891,district_apportioned
177301,15817,district_apportioned
177401,15817,district_apportioned
177501,15817,district_apportioned
177601,15817,district_apportioned
180001,34772,district_apportioned
180002,34772,district_apportioned
180003,34772,district_apportioned
180004,34772,district_apportioned
180005,34772,district_apportioned
180006,34772,district_apportioned
180007,34772,district_apportioned
180009,34772,district_apportioned
180010,34772,district_apportioned
180011,34772,district_apportioned
180012,34772,district_apportioned
180013,34772,district_apportioned
180015,34772,district_apportioned
180016,34772,district_apportioned
180017,34772,district_apportioned
180018,34772,district_apportioned
180019,34772,district_apportioned
180020,34772,district_apportioned
181101,34772,district_apportioned
181102,34772,district_apportioned
181111,34772,district_apportioned
181121,34772,district_apportioned
181122,34772,district_apportioned
181123,34772,district_apportioned
181124,34772,district_apportioned
181131,34772,district_apportioned
181132,34772,district_apportioned
181133,34772,district_apportioned
181141,318898,district_apportioned
181143,34772,district_apportioned
181145,34772,district_apportioned
181152,34772,district_apportioned
181201,34772,district_apportioned
181202,34772,district_apportioned
181203,34772,district_apportioned
181204,34772,district_apportioned
181205,34772,district_apportioned
181206,34772,district_apportioned
181207,34772,district_apportioned
181221,34772,district_apportioned
181224,34772,district_apportioned
182101,27749,district_apportioned
182104,27749,district_apportioned
182121,27749,district_apportioned
182122,27749,district_apportioned
182124,27749,district_apportioned
182125,27749,district_apportioned
182126,27749,district_apportioned
182127,27749,district_apportioned
182128,27749,district_apportioned
182141,27749,district_apportioned
182142,27749,district_apportioned
182143,34161,district_apportioned
182144,27749,district_apportioned
182145,34161,district_apportioned
182146,34161,district_apportioned
182147,34161,district_apportioned
182148,34161,district_apportioned
182161,27749,district_apportioned
182201,34161,district_apportioned
182202,34161,district_apportioned
182203,34161,district_apportioned
182204,27749,district_apportioned
182205,34161,district_apportioned
182206,34161,district_apportioned
182221,34161,district_apportioned
182222,34161,district_apportioned
182301,27749,district_apportioned
182311,104889,district_apportioned
182312,27749,district_apportioned
182313,27749,district_apportioned
182315,27749,district_apportioned
182320,104889,district_apportioned
184101,38527,district_apportioned
184102,38527,district_apportioned
184104,38527,district_apportioned
184120,34772,district_apportioned
184121,34772,district_apportioned
184141,38527,district_apportioned
184142,38527,district_apportioned
184143,38527,district_apportioned
184144,38527,district_apportioned
184145,38527,district_apportioned
184148,38527,district_apportioned
184151,38527,district_apportioned
184152,38527,district_apportioned
184201,38527,district_apportioned
184202,38527,district_apportioned
184203,38527,district_apportioned
184204,38527,district_apportioned
184205,27749,district_apportioned
184206,38527,district_apportioned
184210,34772,district_apportioned
185101,158945,district_apportioned
185102,158945,district_apportioned
185121,45887,district_apportioned
185131,45887,district_apportioned
185132,45887,district_apportioned
185133,45887,district_apportioned
185135,45887,district_apportioned
185151,45887,district_apportioned
185152,45887,district_apportioned
185153,45887,district_apportioned
185154,34772,district_apportioned
185155,45887,district_apportioned
185156,45887,district_apportioned
185201,45887,district_apportioned
185202,45887,district_apportioned
185203,27749,district_apportioned
185211,158945,district_apportioned
185212,45887,district_apportioned
185233,104889,district_apportioned
185234,45887,district_apportioned
190001,49473,district_apportioned
190002,49473,district_apportioned
190003,49473,district_apportioned
190004,49473,district_apportioned
190005,94218,district_apportioned
190006,49473,district_apportioned
190007,94218,district_apportioned
190008,49473,district_apportioned
190009,49473,district_apportioned
190010,49473,district_apportioned
190011,49473,district_apportioned
190012,49473,district_apportioned
190014,94218,district_apportioned
190015,49473,district_apportioned
190017,49473,district_apportioned
190018,49473,district_apportioned
190019,49473,district_apportioned
190020,49473,district_apportioned
190021,94218,district_apportioned
190023,49473,district_apportioned
190024,49473,district_apportioned
190025,49473,district_apportioned
191101,49473,district_apportioned
191102,49473,district_apportioned
191103,63452,district_apportioned
191111,94218,district_apportioned
191112,70055,district_apportioned
191113,94218,district_apportioned
191121,49473,district_apportioned
191131,49473,district_apportioned
191132,94218,district_apportioned
191201,297446,district_apportioned
191202,49473,district_apportioned
191203,49473,district_apportioned
192101,63452,district_apportioned
192121,63452,district_apportioned
192122,63452,district_apportioned
192123,70055,district_apportioned
192124,141494,district_apportioned
192125,63452,district_apportioned
192126,63452,district_apportioned
192129,63452,district_apportioned
192201,63452,district_apportioned
192202,63452,district_apportioned
192210,63452,district_apportioned
192211,63452,district_apportioned
192212,63452,district_apportioned
192221,141494,district_apportioned
192230,63452,district_apportioned
192231,63452,district_apportioned
192232,63452,district_apportioned
192233,141494,district_apportioned
192301,70055,district_apportioned
192302,70055,district_apportioned
192303,70055,district_apportioned
192304,70055,district_apportioned
192305,63452,district_apportioned
192306,70055,district_apportioned
192401,63452,district_apportioned
193101,59296,district_apportioned
193103,59296,district_apportioned
193108,59296,district_apportioned
193109,59296,district_apportioned
193121,59296,district_apportioned
193122,59296,district_apportioned
193123,59296,district_apportioned
193201,59296,district_apportioned
193221,174071,district_apportioned
193222,174071,district_apportioned
193223,174071,district_apportioned
193224,174071,district_apportioned
193225,174071,district_apportioned
193301,59296,district_apportioned
193302,59296,district_apportioned
193303,59296,district_apportioned
193306,70055,district_apportioned
193401,49473,district_apportioned
193402,59296,district_apportioned
193403,59296,district_apportioned
193404,59296,district_apportioned
193411,94218,district_apportioned
193501,59296,district_apportioned
193502,59296,district_apportioned
193503,196116,district_apportioned
193504,59296,district_apportioned
193505,196116,district_apportioned
194101,58879,district_apportioned
194102,23467,district_apportioned
194103,23467,district_apportioned
194104,58879,district_apportioned
194105,58879,district_apportioned
194106,58879,district_apportioned
194107,58879,district_apportioned
194109,23467,district_apportioned
194201,58879,district_apportioned
194202,58879,district_apportioned
194301,23467,district_apportioned
194302,23467,district_apportioned
194303,23467,district_apportioned
194401,58879,district_apportioned
201001,167202,district_apportioned
201002,167202,district_apportioned
201003,167202,district_apportioned
201004,167202,district_apportioned
201005,167202,district_apportioned
201006,167202,district_apportioned
201007,167202,district_apportioned
201008,82406,district_apportioned
201009,167202,district_apportioned
201010,167202,district_apportioned
201011,167202,district_apportioned
201012,167202,district_apportioned
201013,167202,district_apportioned
201014,167202,district_apportioned
201015,167202,district_apportioned
201016,167202,district_apportioned
201017,167202,district_apportioned
201018,167202,district_apportioned
201019,167202,district_apportioned
201020,167202,district_apportioned
201102,167202,district_apportioned
201103,167202,district_apportioned
201201,167202,district_apportioned
201204,167202,district_apportioned
201206,167202,district_apportioned
201301,82406,district_apportioned
201303,82406,district_apportioned
201304,82406,district_apportioned
201305,82406,district_apportioned
201306,82406,district_apportioned
201307,82406,district_apportioned
201309,82406,district_apportioned
201310,82406,district_apportioned
201311,82406,district_apportioned
201312,82406,district_apportioned
201313,82406,district_apportioned
201314,82406,district_apportioned
201315,82406,district_apportioned
201316,82406,district_apportioned
201317,82406,district_apportioned
201318,82406,district_apportioned
202001,111330,district_apportioned
202002,111330,district_apportioned
202121,111330,district_apportioned
202122,111330,district_apportioned
202123,111330,district_apportioned
202124,111330,district_apportioned
202125,111330,district_apportioned
202126,111330,district_apportioned
202127,111330,district_apportioned
202128,111330,district_apportioned
202129,111330,district_apportioned
202130,111330,district_apportioned
202131,111330,district_apportioned
202132,111330,district_apportioned
202133,111330,district_apportioned
202134,111330,district_apportioned
202135,111330,district_apportioned
202136,111330,district_apportioned
202137,111330,district_apportioned
202138,111330,district_apportioned
202139,142246,district_apportioned
202140,111330,district_apportioned
202141,111330,district_apportioned
202142,111330,district_apportioned
202143,111330,district_apportioned
202145,111330,district_apportioned
202146,111330,district_apportioned
202150,111330,district_apportioned
202155,111330,district_apportioned
202165,111330,district_apportioned
202170,111330,district_apportioned
202280,111330,district_apportioned
202281,111330,district_apportioned
202282,111330,district_apportioned
203001,106035,district_apportioned
203002,106035,district_apportioned
203129,106035,district_apportioned
203131,106035,district_apportioned
203132,106035,district_apportioned
203135,82406,district_apportioned
203141,106035,district_apportioned
203150,106035,district_apportioned
203155,106035,district_apportioned
203201,106035,district_apportioned
203202,106035,district_apportioned
203203,106035,district_apportioned
203205,106035,district_apportioned
203206,106035,district_apportioned
203207,82406,district_apportioned
203209,82406,district_apportioned
203389,106035,district_apportioned
203390,106035,district_apportioned
203391,106035,district_apportioned
203392,106035,district_apportioned
203393,106035,district_apportioned
203394,106035,district_apportioned
203395,106035,district_apportioned
203396,106035,district_apportioned
203397,106035,district_apportioned
203398,106035,district_apportioned
203399,106035,district_apportioned
203401,106035,district_apportioned
203402,106035,district_apportioned
203403,106035,district_apportioned
203405,106035,district_apportioned
203407,106035,district_apportioned
203408,106035,district_apportioned
203409,106035,district_apportioned
203411,106035,district_apportioned
203412,106035,district_apportioned
204101,142246,district_apportioned
204102,142246,district_apportioned
204211,142246,district_apportioned
204212,142246,district_apportioned
204213,142246,district_apportioned
204214,142246,district_apportioned
204215,142246,district_apportioned
204216,142246,district_apportioned
205001,133466,district_apportioned
205119,133466,district_apportioned
205121,133466,district_apportioned
205247,133466,district_apportioned
205261,133466,district_apportioned
205262,133466,district_apportioned
205263,133466,district_apportioned
205264,133466,district_apportioned
205265,133466,district_apportioned
205267,133466,district_apportioned
205268,133466,district_apportioned
205301,133466,district_apportioned
205303,133466,district_apportioned
205304,133466,district_apportioned
206001,105454,district_apportioned
206002,105454,district_apportioned
206003,105454,district_apportioned
206120,105454,district_apportioned
206121,98539,district_apportioned
206122,98539,district_apportioned
206123,105454,district_apportioned
206124,105454,district_apportioned
206125,105454,district_apportioned
206126,105454,district_apportioned
206127,105454,district_apportioned
206128,105454,district_apportioned
206129,98539,district_apportioned
206130,105454,district_apportioned
206131,105454,district_apportioned
206241,98539,district_apportioned
206242,105454,district_apportioned
206243,98539,district_apportioned
206244,98539,district_apportioned
206245,105454,district_apportioned
206246,98539,district_apportioned
206247,98539,district_apportioned
206248,98539,district_apportioned
206249,98539,district_apportioned
206250,98539,district_apportioned
206251,98539,district_apportioned
206252,98539,district_apportioned
206253,105454,district_apportioned
206255,98539,district_apportioned
207001,73937,district_apportioned
207002,73937,district_apportioned
207003,73937,district_apportioned
207120,73937,district_apportioned
207121,73937,district_apportioned
207122,73937,district_apportioned
207123,73937,district_apportioned
207124,73937,district_apportioned
207125,73937,district_apportioned
207241,73937,district_apportioned
207242,73937,district_apportioned
207243,73937,district_apportioned
207244,73937,district_apportioned
207245,73937,district_apportioned
207246,73937,district_apportioned
207247,73937,district_apportioned
207248,73937,district_apportioned
207249,73937,district_apportioned
207250,73937,district_apportioned
207301,73937,district_apportioned
207302,73937,district_apportioned
207401,73937,district_apportioned
207402,73937,district_apportioned
207403,73937,district_apportioned
208001,130893,district_apportioned
208002,130893,district_apportioned
208003,130893,district_apportioned
208004,130893,district_apportioned
208005,130893,district_apportioned
208006,130893,district_apportioned
208007,130893,district_apportioned
208008,130893,district_apportioned
208009,130893,district_apportioned
208010,130893,district_apportioned
208011,130893,district_apportioned
208012,130893,district_apportioned
208013,130893,district_apportioned
208014,130893,district_apportioned
208015,130893,district_apportioned
208016,130893,district_apportioned
208017,130893,district_apportioned
208019,130893,district_apportioned
208020,130893,district_apportioned
208021,130893,district_apportioned
208022,130893,district_apportioned
208023,130893,district_apportioned
208024,130893,district_apportioned
208025,130893,district_apportioned
208026,130893,district_apportioned
208027,130893,district_apportioned
209101,85533,district_apportioned
209111,85533,district_apportioned
209112,85533,district_apportioned
209115,85533,district_apportioned
209121,85533,district_apportioned
209125,85533,district_apportioned
209202,85533,district_apportioned
209203,130893,district_apportioned
209204,85533,district_apportioned
209205,85533,district_apportioned
209206,130893,district_apportioned
209208,85533,district_apportioned
209209,85533,district_apportioned
209210,85533,district_apportioned
209214,130893,district_apportioned
209217,130893,district_apportioned
209301,85533,district_apportioned
209302,85533,district_apportioned
209303,85533,district_apportioned
209304,130893,district_apportioned
209305,130893,district_apportioned
209306,85533,district_apportioned
209307,85533,district_apportioned
209308,130893,district_apportioned
209310,85533,district_apportioned
209311,85533,district_apportioned
209312,85533,district_apportioned
209401,130893,district_apportioned
209402,130893,district_apportioned
209501,145016,district_apportioned
209502,101259,district_apportioned
209503,101259,district_apportioned
209504,145016,district_apportioned
209505,101259,district_apportioned
209601,145016,district_apportioned
209602,145016,district_apportioned
209621,145016,district_apportioned
209622,145016,district_apportioned
209625,145016,district_apportioned
209651,145016,district_apportioned
209652,145016,district_apportioned
209720,97448,district_apportioned
209721,97448,district_apportioned
209722,97448,district_apportioned
209723,97448,district_apportioned
209724,145016,district_apportioned
209725,97448,district_apportioned
209726,97448,district_apportioned
209727,97448,district_apportioned
209728,97448,district_apportioned
209729,97448,district_apportioned
209731,97448,district_apportioned
209732,97448,district_apportioned
209733,97448,district_apportioned
209734,97448,district_apportioned
209735,97448,district_apportioned
209736,97448,district_apportioned
209738,97448,district_apportioned
209739,145016,district_apportioned
209743,145016,district_apportioned
209745,101259,district_apportioned
209747,97448,district_apportioned
209749,145016,district_apportioned
209801,172687,district_apportioned
209821,172687,district_apportioned
209825,172687,district_apportioned
209827,172687,district_apportioned
209831,172687,district_apportioned
209841,172687,district_apportioned
209859,172687,district_apportioned
209860,172687,district_apportioned
209861,172687,district_apportioned
209862,72095,district_apportioned
209863,85533,district_apportioned
209864,172687,district_apportioned
209865,172687,district_apportioned
209866,172687,district_apportioned
209867,172687,district_apportioned
209868,172687,district_apportioned
209869,172687,district_apportioned
209870,172687,district_apportioned
209871,172687,district_apportioned
209881,172687,district_apportioned
210001,199934,district_apportioned
210120,199934,district_apportioned
210121,199934,district_apportioned
210123,199934,district_apportioned
210125,199934,district_apportioned
210126,199934,district_apportioned
210128,199934,district_apportioned
210129,199934,district_apportioned
210201,199934,district_apportioned
210202,123966,district_apportioned
210203,123966,district_apportioned
210204,123966,district_apportioned
210205,123966,district_apportioned
210206,123966,district_apportioned
210207,123966,district_apportioned
210208,123966,district_apportioned
210209,123966,district_apportioned
210301,110428,district_apportioned
210341,110428,district_apportioned
210421,79633,district_apportioned
210422,110428,district_apportioned
210423,79633,district_apportioned
210424,79633,district_apportioned
210425,79633,district_apportioned
210426,79633,district_apportioned
210427,79633,district_apportioned
210428,110428,district_apportioned
210429,79633,district_apportioned
210430,110428,district_apportioned
210431,79633,district_apportioned
210432,110428,district_apportioned
210433,79633,district_apportioned
210501,110428,district_apportioned
210502,110428,district_apportioned
210504,79633,district_apportioned
210505,110428,district_apportioned
210506,110428,district_apportioned
210507,79633,district_apportioned
211001,102662,district_apportioned
211002,102662,district_apportioned
211003,102662,district_apportioned
211004,102662,district_apportioned
211005,102662,district_apportioned
211006,102662,district_apportioned
211007,102662,district_apportioned
211008,102662,district_apportioned
211010,102662,district_apportioned
211011,102662,district_apportioned
211012,102662,district_apportioned
211013,102662,district_apportioned
211014,102662,district_apportioned
211015,102662,district_apportioned
211016,102662,district_apportioned
211017,102662,district_apportioned
211018,102662,district_apportioned
211019,102662,district_apportioned
211021,102662,district_apportioned
211022,102662,district_apportioned
212104,102662,district_apportioned
212105,102662,district_apportioned
212106,102662,district_apportioned
212107,102662,district_apportioned
212108,102662,district_apportioned
212109,102662,district_apportioned
212111,102662,district_apportioned
212201,102662,district_apportioned
212202,319919,district_apportioned
212203,102662,district_apportioned
212204,102662,district_apportioned
212205,319919,district_apportioned
212206,319919,district_apportioned
212207,319919,district_apportioned
212208,102662,district_apportioned
212212,102662,district_apportioned
212213,102662,district_apportioned
212214,319919,district_apportioned
212216,102662,district_apportioned
212217,102662,district_apportioned
212218,102662,district_apportioned
212301,102662,district_apportioned
212302,102662,district_apportioned
212303,102662,district_apportioned
212305,102662,district_apportioned
212306,102662,district_apportioned
212307,102662,district_apportioned
212308,102662,district_apportioned
212401,102662,district_apportioned
212402,102662,district_apportioned
212404,102662,district_apportioned
212405,102662,district_apportioned
212502,102662,district_apportioned
212503,102662,district_apportioned
212507,102662,district_apportioned
212601,101259,district_apportioned
212620,101259,district_apportioned
212621,101259,district_apportioned
212622,101259,district_apportioned
212631,101259,district_apportioned
212635,101259,district_apportioned
212641,101259,district_apportioned
212645,101259,district_apportioned
212650,101259,district_apportioned
212651,101259,district_apportioned
212652,101259,district_apportioned
212653,101259,district_apportioned
212654,101259,district_apportioned
212655,101259,district_apportioned
212656,101259,district_apportioned
212657,101259,district_apportioned
212658,101259,district_apportioned
212659,101259,district_apportioned
212661,101259,district_apportioned
212663,101259,district_apportioned
212664,101259,district_apportioned
212665,101259,district_apportioned
221001,72095,district_apportioned
221002,72095,district_apportioned
221003,72095,district_apportioned
221004,72095,district_apportioned
221005,72095,district_apportioned
221006,72095,district_apportioned
221007,72095,district_apportioned
221008,72095,district_apportioned
221009,976378,district_apportioned
221010,72095,district_apportioned
221011,72095,district_apportioned
221012,72095,district_apportioned
221101,72095,district_apportioned
221103,72095,district_apportioned
221104,72095,district_apportioned
221105,72095,district_apportioned
221106,72095,district_apportioned
221107,72095,district_apportioned
221108,72095,district_apportioned
221109,72095,district_apportioned
221110,72095,district_apportioned
221112,72095,district_apportioned
221115,72095,district_apportioned
221116,72095,district_apportioned
221201,72095,district_apportioned
221202,72095,district_apportioned
221204,72095,district_apportioned
221206,72095,district_apportioned
221207,72095,district_apportioned
221208,72095,district_apportioned
221301,121763,district_apportioned
221302,72095,district_apportioned
221303,121763,district_apportioned
221304,121763,district_apportioned
221305,72095,district_apportioned
221306,121763,district_apportioned
221307,72095,district_apportioned
221308,121763,district_apportioned
221309,121763,district_apportioned
221310,121763,district_apportioned
221311,72095,district_apportioned
221313,72095,district_apportioned
221314,121763,district_apportioned
221401,121763,district_apportioned
221402,121763,district_apportioned
221403,72095,district_apportioned
221404,121763,district_apportioned
221405,72095,district_apportioned
221406,121763,district_apportioned
221409,121763,district_apportioned
221502,102662,district_apportioned
221503,102662,district_apportioned
221505,102662,district_apportioned
221507,102662,district_apportioned
221508,102662,district_apportioned
221601,78785,district_apportioned
221602,78785,district_apportioned
221603,78785,district_apportioned
221701,83071,district_apportioned
221705,78785,district_apportioned
221706,78785,district_apportioned
221709,83071,district_apportioned
221711,83071,district_apportioned
221712,83071,district_apportioned
221713,83071,district_apportioned
221715,83071,district_apportioned
221716,83071,district_apportioned
221717,83071,district_apportioned
221718,83071,district_apportioned
222001,109615,district_apportioned
222002,109615,district_apportioned
222003,109615,district_apportioned
222105,109615,district_apportioned
222109,109615,district_apportioned
222125,109615,district_apportioned
222127,109615,district_apportioned
222128,109615,district_apportioned
222129,109615,district_apportioned
222131,109615,district_apportioned
222132,109615,district_apportioned
222133,109615,district_apportioned
222135,109615,district_apportioned
222136,109615,district_apportioned
222137,109615,district_apportioned
222138,109615,district_apportioned
222139,109615,district_apportioned
222141,109615,district_apportioned
222142,109615,district_apportioned
222143,109615,district_apportioned
222144,109615,district_apportioned
222145,109615,district_apportioned
222146,109615,district_apportioned
222148,109615,district_apportioned
222149,109615,district_apportioned
222161,109615,district_apportioned
222162,109615,district_apportioned
222165,109615,district_apportioned
222170,109615,district_apportioned
222175,109615,district_apportioned
222180,109615,district_apportioned
222181,109615,district_apportioned
222201,109615,district_apportioned
222202,109615,district_apportioned
222203,109615,district_apportioned
222204,109615,district_apportioned
222301,88305,district_apportioned
222302,88305,district_apportioned
222303,88305,district_apportioned
223101,109615,district_apportioned
223102,109615,district_apportioned
223103,109615,district_apportioned
223104,109615,district_apportioned
223105,109615,district_apportioned
223221,128164,district_apportioned
223222,78785,district_apportioned
223223,128164,district_apportioned
223224,128164,district_apportioned
223225,128164,district_apportioned
223226,128164,district_apportioned
223227,128164,district_apportioned
224001,176500,district_apportioned
224116,176500,district_apportioned
224117,176500,district_apportioned
224118,176500,district_apportioned
224119,176500,district_apportioned
224120,176500,district_apportioned
224121,46113,district_apportioned
224122,46113,district_apportioned
224123,46113,district_apportioned
224125,46113,district_apportioned
224126,176500,district_apportioned
224127,46113,district_apportioned
224129,46113,district_apportioned
224132,46113,district_apportioned
224133,46113,district_apportioned
224135,46113,district_apportioned
224137,46113,district_apportioned
224139,46113,district_apportioned
224141,46113,district_apportioned
224143,46113,district_apportioned
224145,46113,district_apportioned
224146,46113,district_apportioned
224147,46113,district_apportioned
224149,46113,district_apportioned
224151,46113,district_apportioned
224152,46113,district_apportioned
224153,176500,district_apportioned
224155,46113,district_apportioned
224157,46113,district_apportioned
224158,176500,district_apportioned
224159,46113,district_apportioned
224161,46113,district_apportioned
224164,46113,district_apportioned
224168,46113,district_apportioned
224171,46113,district_apportioned
224172,46113,district_apportioned
224176,46113,district_apportioned
224181,46113,district_apportioned
224182,46113,district_apportioned
224183,46113,district_apportioned
224186,46113,district_apportioned
224188,176500,district_apportioned
224189,46113,district_apportioned
224190,46113,district_apportioned
224195,46113,district_apportioned
224201,46113,district_apportioned
224202,46113,district_apportioned
224203,46113,district_apportioned
224204,176500,district_apportioned
224205,46113,district_apportioned
224206,46113,district_apportioned
224207,176500,district_apportioned
224208,46113,district_apportioned
224209,46113,district_apportioned
224210,46113,district_apportioned
224225,176500,district_apportioned
224227,46113,district_apportioned
224228,46113,district_apportioned
224229,176500,district_apportioned
224230,46113,district_apportioned
224231,46113,district_apportioned
224232,46113,district_apportioned
224234,46113,district_apportioned
224235,46113,district_apportioned
224238,46113,district_apportioned
224284,46113,district_apportioned
225001,93163,district_apportioned
225002,93163,district_apportioned
225003,93163,district_apportioned
225119,93163,district_apportioned
225120,93163,district_apportioned
225121,93163,district_apportioned
225122,93163,district_apportioned
225123,93163,district_apportioned
225124,93163,district_apportioned
225125,93163,district_apportioned
225126,93163,district_apportioned
225201,93163,district_apportioned
225202,93163,district_apportioned
225203,93163,district_apportioned
225204,93163,district_apportioned
225205,93163,district_apportioned
225206,93163,district_apportioned
225207,93163,district_apportioned
225208,93163,district_apportioned
225301,93163,district_apportioned
225302,93163,district_apportioned
225303,93163,district_apportioned
225304,93163,district_apportioned
225305,93163,district_apportioned
225306,93163,district_apportioned
225401,93163,district_apportioned
225403,93163,district_apportioned
225404,93163,district_apportioned
225405,93163,district_apportioned
225409,93163,district_apportioned
225412,93163,district_apportioned
225413,93163,district_apportioned
225414,93163,district_apportioned
225415,93163,district_apportioned
225416,93163,district_apportioned
226001,106740,district_apportioned
226002,106740,district_apportioned
226003,106740,district_apportioned
226004,106740,district_apportioned
226005,106740,district_apportioned
226006,106740,district_apportioned
226007,106740,district_apportioned
226008,106740,district_apportioned
226009,106740,district_apportioned
226010,106740,district_apportioned
226011,106740,district_apportioned
226012,106740,district_apportioned
226013,106740,district_apportioned
226014,106740,district_apportioned
226015,106740,district_apportioned
226016,106740,district_apportioned
226017,106740,district_apportioned
226018,106740,district_apportioned
226019,106740,district_apportioned
226020,106740,district_apportioned
226021,106740,district_apportioned
226022,106740,district_apportioned
226023,106740,district_apportioned
226024,106740,district_apportioned
226025,106740,district_apportioned
226026,106740,district_apportioned
226027,106740,district_apportioned
226028,106740,district_apportioned
226029,106740,district_apportioned
226030,106740,district_apportioned
226031,106740,district_apportioned
226101,106740,district_apportioned
226102,106740,district_apportioned
226103,106740,district_apportioned
226104,106740,district_apportioned
226201,106740,district_apportioned
226202,106740,district_apportioned
226203,106740,district_apportioned
226301,106740,district_apportioned
226302,106740,district_apportioned
226303,106740,district_apportioned
226401,106740,district_apportioned
226501,106740,district_apportioned
227304,88305,district_apportioned
227405,88305,district_apportioned
227406,88305,district_apportioned
227407,88305,district_apportioned
227408,88305,district_apportioned
227409,88305,district_apportioned
227411,88305,district_apportioned
227412,88305,district_apportioned
227413,88305,district_apportioned
227801,88305,district_apportioned
227805,88305,district_apportioned
227806,88305,district_apportioned
227807,88305,district_apportioned
227808,88305,district_apportioned
227809,88305,district_apportioned
227811,88305,district_apportioned
227812,88305,district_apportioned
227813,88305,district_apportioned
227814,88305,district_apportioned
227815,88305,district_apportioned
227816,88305,district_apportioned
227817,88305,district_apportioned
228001,88305,district_apportioned
228118,88305,district_apportioned
228119,88305,district_apportioned
228120,88305,district_apportioned
228121,88305,district_apportioned
228125,88305,district_apportioned
228131,88305,district_apportioned
228132,88305,district_apportioned
228133,88305,district_apportioned
228141,88305,district_apportioned
228142,88305,district_apportioned
228145,88305,district_apportioned
228151,88305,district_apportioned
228155,88305,district_apportioned
228159,88305,district_apportioned
228161,88305,district_apportioned
228171,88305,district_apportioned
228178,88305,district_apportioned
229001,70949,district_apportioned
229010,70949,district_apportioned
229103,70949,district_apportioned
229120,70949,district_apportioned
229121,70949,district_apportioned
229122,70949,district_apportioned
229123,70949,district_apportioned
229124,70949,district_apportioned
229125,70949,district_apportioned
229126,70949,district_apportioned
229127,70949,district_apportioned
229128,70949,district_apportioned
229129,70949,district_apportioned
229130,70949,district_apportioned
229135,70949,district_apportioned
229201,70949,district_apportioned
229202,70949,district_apportioned
229203,70949,district_apportioned
229204,70949,district_apportioned
229205,70949,district_apportioned
229206,70949,district_apportioned
229207,70949,district_apportioned
229208,70949,district_apportioned
229209,70949,district_apportioned
229210,70949,district_apportioned
229211,70949,district_apportioned
229212,70949,district_apportioned
229215,70949,district_apportioned
229216,70949,district_apportioned
229301,70949,district_apportioned
229302,70949,district_apportioned
229303,70949,district_apportioned
229304,70949,district_apportioned
229305,70949,district_apportioned
229306,70949,district_apportioned
229307,70949,district_apportioned
229308,70949,district_apportioned
229309,70949,district_apportioned
229310,70949,district_apportioned
229311,70949,district_apportioned
229316,70949,district_apportioned
229401,70949,district_apportioned
229402,70949,district_apportioned
229404,70949,district_apportioned
229405,70949,district_apportioned
229406,70949,district_apportioned
229408,80229,district_apportioned
229410,80229,district_apportioned
229411,102662,district_apportioned
229412,102662,district_apportioned
229413,102662,district_apportioned
229801,70949,district_apportioned
229802,70949,district_apportioned
230001,80229,district_apportioned
230002,80229,district_apportioned
230121,80229,district_apportioned
230124,80229,district_apportioned
230125,80229,district_apportioned
230126,80229,district_apportioned
230127,80229,district_apportioned
230128,80229,district_apportioned
230129,80229,district_apportioned
230130,80229,district_apportioned
230131,80229,district_apportioned
230132,80229,district_apportioned
230133,80229,district_apportioned
230134,80229,district_apportioned
230135,80229,district_apportioned
230136,80229,district_apportioned
230137,80229,district_apportioned
230138,80229,district_apportioned
230139,80229,district_apportioned
230141,80229,district_apportioned
230142,80229,district_apportioned
230143,80229,district_apportioned
230144,80229,district_apportioned
230201,80229,district_apportioned
230202,80229,district_apportioned
230204,80229,district_apportioned
230301,80229,district_apportioned
230302,80229,district_apportioned
230304,80229,district_apportioned
230306,80229,district_apportioned
230401,80229,district_apportioned
230402,80229,district_apportioned
230403,80229,district_apportioned
230404,80229,district_apportioned
230405,80229,district_apportioned
230501,80229,district_apportioned
230502,80229,district_apportioned
230503,80229,district_apportioned
231001,166465,district_apportioned
231205,93128,district_apportioned
231206,93128,district_apportioned
231207,93128,district_apportioned
231208,93128,district_apportioned
231209,93128,district_apportioned
231210,93128,district_apportioned
231211,166465,district_apportioned
231212,93128,district_apportioned
231213,93128,district_apportioned
231215,93128,district_apportioned
231216,93128,district_apportioned
231217,93128,district_apportioned
231218,93128,district_apportioned
231219,93128,district_apportioned
231220,93128,district_apportioned
231221,93128,district_apportioned
231222,93128,district_apportioned
231223,93128,district_apportioned
231224,93128,district_apportioned
231225,93128,district_apportioned
231226,93128,district_apportioned
231301,166465,district_apportioned
231302,166465,district_apportioned
231303,166465,district_apportioned
231304,166465,district_apportioned
231305,166465,district_apportioned
231306,166465,district_apportioned
231307,166465,district_apportioned
231309,166465,district_apportioned
231311,166465,district_apportioned
231312,166465,district_apportioned
231313,166465,district_apportioned
231314,166465,district_apportioned
231501,166465,district_apportioned
232101,72095,district_apportioned
232102,72095,district_apportioned
232103,72095,district_apportioned
232104,72095,district_apportioned
232105,72095,district_apportioned
232106,72095,district_apportioned
232107,72095,district_apportioned
232108,72095,district_apportioned
232109,72095,district_apportioned
232110,72095,district_apportioned
232111,72095,district_apportioned
232118,72095,district_apportioned
232120,976378,district_apportioned
232325,86197,district_apportioned
232326,86197,district_apportioned
232327,86197,district_apportioned
232328,86197,district_apportioned
232329,86197,district_apportioned
232330,86197,district_apportioned
232331,86197,district_apportioned
232332,86197,district_apportioned
232333,86197,district_apportioned
232336,86197,district_apportioned
232339,86197,district_apportioned
232340,86197,district_apportioned
233001,86197,district_apportioned
233002,86197,district_apportioned
233221,86197,district_apportioned
233222,86197,district_apportioned
233223,86197,district_apportioned
233224,86197,district_apportioned
233225,86197,district_apportioned
233226,86197,district_apportioned
233227,86197,district_apportioned
233228,86197,district_apportioned
233229,86197,district_apportioned
233230,86197,district_apportioned
233231,86197,district_apportioned
233232,86197,district_apportioned
233233,86197,district_apportioned
233300,86197,district_apportioned
233301,86197,district_apportioned
233302,86197,district_apportioned
233303,86197,district_apportioned
233304,86197,district_apportioned
233305,86197,district_apportioned
233306,86197,district_apportioned
233307,86197,district_apportioned
233310,86197,district_apportioned
233311,86197,district_apportioned
241001,170535,district_apportioned
241121,170535,district_apportioned
241122,170535,district_apportioned
241123,170535,district_apportioned
241124,170535,district_apportioned
241125,170535,district_apportioned
241126,170535,district_apportioned
241127,170535,district_apportioned
241201,170535,district_apportioned
241202,170535,district_apportioned
241203,170535,district_apportioned
241204,170535,district_apportioned
241301,170535,district_apportioned
241302,170535,district_apportioned
241303,170535,district_apportioned
241304,170535,district_apportioned
241305,170535,district_apportioned
241401,170535,district_apportioned
241402,170535,district_apportioned
241403,170535,district_apportioned
241404,170535,district_apportioned
241405,170535,district_apportioned
241406,170535,district_apportioned
241407,170535,district_apportioned
242001,176855,district_apportioned
242021,175328,district_apportioned
242042,176855,district_apportioned
242123,176855,district_apportioned
242127,176855,district_apportioned
242220,176855,district_apportioned
242221,176855,district_apportioned
242223,176855,district_apportioned
242226,176855,district_apportioned
242301,176855,district_apportioned
242303,176855,district_apportioned
242305,176855,district_apportioned
242306,176855,district_apportioned
242307,176855,district_apportioned
242401,176855,district_apportioned
242405,176855,district_apportioned
242406,176855,district_apportioned
242407,176855,district_apportioned
243001,185348,district_apportioned
243002,185348,district_apportioned
243003,184637,district_apportioned
243004,185348,district_apportioned
243005,185348,district_apportioned
243006,185348,district_apportioned
243122,185348,district_apportioned
243123,184637,district_apportioned
243126,185348,district_apportioned
243201,185348,district_apportioned
243202,185348,district_apportioned
243203,185348,district_apportioned
243301,185348,district_apportioned
243302,185348,district_apportioned
243303,185348,district_apportioned
243401,185348,district_apportioned
243402,185348,district_apportioned
243403,185348,district_apportioned
243407,185348,district_apportioned
243501,185348,district_apportioned
243502,185348,district_apportioned
243503,185348,district_apportioned
243504,185348,district_apportioned
243505,185348,district_apportioned
243506,185348,district_apportioned
243601,175328,district_apportioned
243630,175328,district_apportioned
243631,175328,district_apportioned
243632,175328,district_apportioned
243633,175328,district_apportioned
243634,175328,district_apportioned
243635,175328,district_apportioned
243636,175328,district_apportioned
243637,175328,district_apportioned
243638,175328,district_apportioned
243639,175328,district_apportioned
243641,175328,district_apportioned
243720,175328,district_apportioned
243722,175328,district_apportioned
243723,175328,district_apportioned
243724,175328,district_apportioned
243725,175328,district_apportioned
243726,175328,district_apportioned
243727,175328,district_apportioned
243751,175328,district_apportioned
244001,265111,district_apportioned
244102,122681,district_apportioned
244103,265111,district_apportioned
244104,265111,district_apportioned
244105,265111,district_apportioned
244221,122681,district_apportioned
244222,122681,district_apportioned
244223,122681,district_apportioned
244225,122681,district_apportioned
244231,122681,district_apportioned
244235,122681,district_apportioned
244236,122681,district_apportioned
244241,122681,district_apportioned
244242,122681,district_apportioned
244245,122681,district_apportioned
244251,122681,district_apportioned
244255,122681,district_apportioned
244301,265111,district_apportioned
244302,265111,district_apportioned
244303,265111,district_apportioned
244304,122681,district_apportioned
244401,265111,district_apportioned
244402,265111,district_apportioned
244410,265111,district_apportioned
244411,265111,district_apportioned
244412,265111,district_apportioned
244413,265111,district_apportioned
244414,265111,district_apportioned
244415,265111,district_apportioned
244501,122681,district_apportioned
244504,265111,district_apportioned
244601,265111,district_apportioned
244602,265111,district_apportioned
244701,233582,district_apportioned
244712,96994,district_apportioned
244713,96994,district_apportioned
244715,96994,district_apportioned
244716,96994,district_apportioned
244717,96994,district_apportioned
244901,233582,district_apportioned
244921,233582,district_apportioned
244922,233582,district_apportioned
244923,233582,district_apportioned
244924,233582,district_apportioned
244925,233582,district_apportioned
244926,233582,district_apportioned
244927,233582,district_apportioned
244928,233582,district_apportioned
245101,167202,district_apportioned
245201,167202,district_apportioned
245205,121763,district_apportioned
245206,156531,district_apportioned
245207,167202,district_apportioned
245208,167202,district_apportioned
245301,121763,district_apportioned
245304,121763,district_apportioned
246001,14318,district_apportioned
246113,14318,district_apportioned
246121,14318,district_apportioned
246123,14318,district_apportioned
246124,14318,district_apportioned
246125,14318,district_apportioned
246127,14318,district_apportioned
246128,14318,district_apportioned
246129,14318,district_apportioned
246130,14318,district_apportioned
246131,14318,district_apportioned
246141,17306,district_apportioned
246142,14318,district_apportioned
246144,14318,district_apportioned
246146,14318,district_apportioned
246147,14318,district_apportioned
246148,14318,district_apportioned
246149,14318,district_apportioned
246150,14318,district_apportioned
246155,14318,district_apportioned
246159,14318,district_apportioned
246161,14318,district_apportioned
246162,14318,district_apportioned
246163,14318,district_apportioned
246164,14318,district_apportioned
246165,14318,district_apportioned
246166,14318,district_apportioned
246167,14318,district_apportioned
246169,14318,district_apportioned
246171,17306,district_apportioned
246172,14318,district_apportioned
246173,14318,district_apportioned
246174,14318,district_apportioned
246175,14318,district_apportioned
246176,14318,district_apportioned
246177,14318,district_apportioned
246178,14318,district_apportioned
246179,14318,district_apportioned
246193,14318,district_apportioned
246194,14318,district_apportioned
246275,14318,district_apportioned
246276,14318,district_apportioned
246277,14318,district_apportioned
246278,14318,district_apportioned
246279,14318,district_apportioned
246285,14318,district_apportioned
246401,15664,district_apportioned
246419,17306,district_apportioned
246421,17306,district_apportioned
246422,15664,district_apportioned
246424,15664,district_apportioned
246425,17306,district_apportioned
246426,15664,district_apportioned
246427,15664,district_apportioned
246428,15664,district_apportioned
246429,17306,district_apportioned
246431,15664,district_apportioned
246435,15664,district_apportioned
246439,17306,district_apportioned
246440,15664,district_apportioned
246441,15664,district_apportioned
246442,17306,district_apportioned
246443,15664,district_apportioned
246444,15664,district_apportioned
246445,17306,district_apportioned
246446,15664,district_apportioned
246448,17306,district_apportioned
246449,15664,district_apportioned
246453,15664,district_apportioned
246455,15664,district_apportioned
246469,17306,district_apportioned
246471,17306,district_apportioned
246472,15664,district_apportioned
246473,15664,district_apportioned
246474,15664,district_apportioned
246475,17306,district_apportioned
246481,15664,district_apportioned
246482,15664,district_apportioned
246483,15664,district_apportioned
246486,15664,district_apportioned
246487,15664,district_apportioned
246488,15664,district_apportioned
246495,17306,district_apportioned
246701,153446,district_apportioned
246721,153446,district_apportioned
246722,153446,district_apportioned
246723,153446,district_apportioned
246724,153446,district_apportioned
246725,153446,district_apportioned
246726,153446,district_apportioned
246727,153446,district_apportioned
246728,153446,district_apportioned
246729,153446,district_apportioned
246731,153446,district_apportioned
246732,153446,district_apportioned
246733,153446,district_apportioned
246734,153446,district_apportioned
246735,153446,district_apportioned
246736,153446,district_apportioned
246737,153446,district_apportioned
246745,153446,district_apportioned
246746,153446,district_apportioned
246747,153446,district_apportioned
246749,153446,district_apportioned
246761,153446,district_apportioned
246762,153446,district_apportioned
246763,90020,district_apportioned
246764,153446,district_apportioned
247001,192577,district_apportioned
247002,192577,district_apportioned
247120,192577,district_apportioned
247121,192577,district_apportioned
247122,192577,district_apportioned
247129,192577,district_apportioned
247231,192577,district_apportioned
247232,192577,district_apportioned
247340,192577,district_apportioned
247341,192577,district_apportioned
247342,192577,district_apportioned
247343,192577,district_apportioned
247451,192577,district_apportioned
247452,192577,district_apportioned
247453,192577,district_apportioned
247551,192577,district_apportioned
247554,192577,district_apportioned
247656,90020,district_apportioned
247661,90020,district_apportioned
247662,90020,district_apportioned
247663,90020,district_apportioned
247664,90020,district_apportioned
247665,90020,district_apportioned
247666,90020,district_apportioned
247667,90020,district_apportioned
247668,90020,district_apportioned
247669,192577,district_apportioned
247670,90020,district_apportioned
247671,90020,district_apportioned
247771,142880,district_apportioned
247772,142880,district_apportioned
247773,142880,district_apportioned
247774,142880,district_apportioned
247775,142880,district_apportioned
247776,142880,district_apportioned
247777,142880,district_apportioned
247778,142880,district_apportioned
248001,42417,district_apportioned
248002,42417,district_apportioned
248003,42417,district_apportioned
248005,42417,district_apportioned
248006,42417,district_apportioned
248007,42417,district_apportioned
248008,42417,district_apportioned
248009,42417,district_apportioned
248011,42417,district_apportioned
248012,42417,district_apportioned
248013,42417,district_apportioned
248014,42417,district_apportioned
248015,42417,district_apportioned
248016,42417,district_apportioned
248018,42417,district_apportioned
248121,42417,district_apportioned
248122,42417,district_apportioned
248123,42417,district_apportioned
248124,42417,district_apportioned
248125,42417,district_apportioned
248140,42417,district_apportioned
248142,42417,district_apportioned
248143,42417,district_apportioned
248145,42417,district_apportioned
248146,42417,district_apportioned
248158,42417,district_apportioned
248159,42417,district_apportioned
248165,42417,district_apportioned
248171,42417,district_apportioned
248179,42417,district_apportioned
248195,42417,district_apportioned
248196,42417,district_apportioned
248197,42417,district_apportioned
248198,42417,district_apportioned
248199,42417,district_apportioned
249001,23805,district_apportioned
249121,23805,district_apportioned
249122,23805,district_apportioned
249123,23805,district_apportioned
249124,23805,district_apportioned
249125,23805,district_apportioned
249126,23805,district_apportioned
249127,23805,district_apportioned
249128,23805,district_apportioned
249130,23805,district_apportioned
249131,23805,district_apportioned
249132,23805,district_apportioned
249135,36676,district_apportioned
249136,36676,district_apportioned
249137,23805,district_apportioned
249141,23805,district_apportioned
249145,23805,district_apportioned
249146,23805,district_apportioned
249151,36676,district_apportioned
249152,36676,district_apportioned
249155,23805,district_apportioned
249161,23805,district_apportioned
249165,23805,district_apportioned
249171,36676,district_apportioned
249175,23805,district_apportioned
249180,23805,district_apportioned
249181,23805,district_apportioned
249185,36676,district_apportioned
249186,23805,district_apportioned
249192,23805,district_apportioned
249193,36676,district_apportioned
249194,36676,district_apportioned
249195,36676,district_apportioned
249196,23805,district_apportioned
249199,23805,district_apportioned
249201,42417,district_apportioned
249202,42417,district_apportioned
249203,42417,district_apportioned
249204,42417,district_apportioned
249205,42417,district_apportioned
249301,14318,district_apportioned
249302,14318,district_apportioned
249304,14318,district_apportioned
249306,14318,district_apportioned
249401,90020,district_apportioned
249402,90020,district_apportioned
249403,90020,district_apportioned
249404,90020,district_apportioned
249405,90020,district_apportioned
249407,90020,district_apportioned
249408,90020,district_apportioned
249410,90020,district_apportioned
249411,90020,district_apportioned
250001,156531,district_apportioned
250002,156531,district_apportioned
250003,156531,district_apportioned
250004,156531,district_apportioned
250005,156531,district_apportioned
250101,93075,district_apportioned
250103,156531,district_apportioned
250104,156531,district_apportioned
250106,156531,district_apportioned
250110,156531,district_apportioned
250205,156531,district_apportioned
250221,156531,district_apportioned
250222,156531,district_apportioned
250223,156531,district_apportioned
250341,156531,district_apportioned
250342,156531,district_apportioned
250344,156531,district_apportioned
250345,93075,district_apportioned
250401,156531,district_apportioned
250402,72095,district_apportioned
250404,156531,district_apportioned
250406,156531,district_apportioned
250501,156531,district_apportioned
250502,156531,district_apportioned
250601,93075,district_apportioned
250606,93075,district_apportioned
250609,93075,district_apportioned
250611,93075,district_apportioned
250615,93075,district_apportioned
250617,72095,district_apportioned
250619,93075,district_apportioned
250620,93075,district_apportioned
250621,93075,district_apportioned
250622,93075,district_apportioned
250623,93075,district_apportioned
250625,93075,district_apportioned
250626,93075,district_apportioned
251001,142880,district_apportioned
251002,142880,district_apportioned
251003,142880,district_apportioned
251201,142880,district_apportioned
251202,142880,district_apportioned
251203,142880,district_apportioned
251301,142880,district_apportioned
251305,142880,district_apportioned
251306,142880,district_apportioned
251307,142880,district_apportioned
251308,142880,district_apportioned
251309,142880,district_apportioned
251310,142880,district_apportioned
251311,142880,district_apportioned
251314,142880,district_apportioned
251315,142880,district_apportioned
251316,142880,district_apportioned
251318,142880,district_apportioned
251319,142880,district_apportioned
251320,142880,district_apportioned
251327,142880,district_apportioned
261001,179360,district_apportioned
261121,179360,district_apportioned
261125,179360,district_apportioned
261131,179360,district_apportioned
261135,179360,district_apportioned
261136,179360,district_apportioned
261141,179360,district_apportioned
261145,179360,district_apportioned
261151,179360,district_apportioned
261201,179360,district_apportioned
261202,179360,district_apportioned
261203,179360,district_apportioned
261204,179360,district_apportioned
261205,179360,district_apportioned
261206,179360,district_apportioned
261207,179360,district_apportioned
261208,179360,district_apportioned
261301,179360,district_apportioned
261302,179360,district_apportioned
261303,179360,district_apportioned
261401,179360,district_apportioned
261402,179360,district_apportioned
261403,179360,district_apportioned
261404,179360,district_apportioned
261405,179360,district_apportioned
261501,148935,district_apportioned
261502,148935,district_apportioned
261505,148935,district_apportioned
261506,148935,district_apportioned
262001,184637,district_apportioned
262121,184637,district_apportioned
262122,184637,district_apportioned
262124,184637,district_apportioned
262201,184637,district_apportioned
262202,184637,district_apportioned
262203,184637,district_apportioned
262302,184637,district_apportioned
262305,184637,district_apportioned
262308,96994,district_apportioned
262309,32456,district_apportioned
262310,32456,district_apportioned
262311,96994,district_apportioned
262401,96994,district_apportioned
262402,50242,district_apportioned
262405,96994,district_apportioned
262406,185348,district_apportioned
262501,17266,district_apportioned
262502,17266,district_apportioned
262520,17266,district_apportioned
262521,17266,district_apportioned
262522,17266,district_apportioned
262523,32456,district_apportioned
262524,32456,district_apportioned
262525,32456,district_apportioned
262526,17266,district_apportioned
262527,32456,district_apportioned
262528,32456,district_apportioned
262529,17266,district_apportioned
262530,17266,district_apportioned
262531,17266,district_apportioned
262532,17266,district_apportioned
262533,17266,district_apportioned
262534,17266,district_apportioned
262540,17266,district_apportioned
262541,17266,district_apportioned
262542,17266,district_apportioned
262543,17266,district_apportioned
262544,17266,district_apportioned
262545,17266,district_apportioned
262546,17266,district_apportioned
262547,17266,district_apportioned
262550,17266,district_apportioned
262551,17266,district_apportioned
262552,17266,district_apportioned
262553,17266,district_apportioned
262554,17266,district_apportioned
262555,17266,district_apportioned
262561,32456,district_apportioned
262572,17266,district_apportioned
262576,17266,district_apportioned
262580,50242,district_apportioned
262701,148935,district_apportioned
262702,148935,district_apportioned
262721,148935,district_apportioned
262722,148935,district_apportioned
262723,148935,district_apportioned
262724,148935,district_apportioned
262725,148935,district_apportioned
262726,148935,district_apportioned
262727,148935,district_apportioned
262728,148935,district_apportioned
262801,148935,district_apportioned
262802,148935,district_apportioned
262803,148935,district_apportioned
262804,148935,district_apportioned
262805,148935,district_apportioned
262901,148935,district_apportioned
262902,148935,district_apportioned
262903,148935,district_apportioned
262904,148935,district_apportioned
262905,148935,district_apportioned
262906,148935,district_apportioned
262907,148935,district_apportioned
262908,148935,district_apportioned
263001,50242,district_apportioned
263126,50242,district_apportioned
263127,50242,district_apportioned
263128,50242,district_apportioned
263132,50242,district_apportioned
263134,50242,district_apportioned
263135,50242,district_apportioned
263136,50242,district_apportioned
263137,50242,district_apportioned
263138,50242,district_apportioned
263139,50242,district_apportioned
263140,50242,district_apportioned
263142,50242,district_apportioned
263145,96994,district_apportioned
263148,96994,district_apportioned
263149,96994,district_apportioned
263150,96994,district_apportioned
263151,96994,district_apportioned
263152,96994,district_apportioned
263153,96994,district_apportioned
263156,50242,district_apportioned
263157,50242,district_apportioned
263158,50242,district_apportioned
263159,50242,district_apportioned
263160,96994,district_apportioned
263601,18864,district_apportioned
263619,23627,district_apportioned
263620,18864,district_apportioned
263621,18864,district_apportioned
263622,18864,district_apportioned
263623,18864,district_apportioned
263624,18864,district_apportioned
263625,18864,district_apportioned
263626,18864,district_apportioned
263628,18864,district_apportioned
263629,18864,district_apportioned
263630,23627,district_apportioned
263631,23627,district_apportioned
263632,23627,district_apportioned
263633,23627,district_apportioned
263634,23627,district_apportioned
263635,23627,district_apportioned
263636,18864,district_apportioned
263637,18864,district_apportioned
263638,18864,district_apportioned
263639,18864,district_apportioned
263640,23627,district_apportioned
263641,23627,district_apportioned
263642,23627,district_apportioned
263643,18864,district_apportioned
263645,18864,district_apportioned
263646,18864,district_apportioned
263651,18864,district_apportioned
263652,18864,district_apportioned
263653,18864,district_apportioned
263655,18864,district_apportioned
263656,18864,district_apportioned
263658,18864,district_apportioned
263659,18864,district_apportioned
263660,18864,district_apportioned
263661,18864,district_apportioned
263663,18864,district_apportioned
263664,18864,district_apportioned
263665,18864,district_apportioned
263667,18864,district_apportioned
263676,18864,district_apportioned
263678,18864,district_apportioned
263679,23627,district_apportioned
263680,18864,district_apportioned
271001,98112,district_apportioned
271002,98112,district_apportioned
271003,98112,district_apportioned
271122,98112,district_apportioned
271123,98112,district_apportioned
271124,98112,district_apportioned
271125,98112,district_apportioned
271126,98112,district_apportioned
271129,98112,district_apportioned
271201,195333,district_apportioned
271202,98112,district_apportioned
271203,195333,district_apportioned
271204,98112,district_apportioned
271205,195333,district_apportioned
271206,195333,district_apportioned
271207,195333,district_apportioned
271208,98112,district_apportioned
271209,98112,district_apportioned
271210,195333,district_apportioned
271215,195333,district_apportioned
271301,98112,district_apportioned
271302,98112,district_apportioned
271303,98112,district_apportioned
271304,98112,district_apportioned
271305,98579,district_apportioned
271306,195333,district_apportioned
271307,98112,district_apportioned
271308,98112,district_apportioned
271309,98112,district_apportioned
271310,98112,district_apportioned
271311,98112,district_apportioned
271312,98112,district_apportioned
271313,98112,district_apportioned
271319,98112,district_apportioned
271401,98112,district_apportioned
271402,98112,district_apportioned
271403,98112,district_apportioned
271502,98112,district_apportioned
271503,98112,district_apportioned
271504,98112,district_apportioned
271601,98112,district_apportioned
271602,98112,district_apportioned
271603,98112,district_apportioned
271604,98112,district_apportioned
271607,195333,district_apportioned
271609,195333,district_apportioned
271801,217983,district_apportioned
271802,93113,district_apportioned
271803,93113,district_apportioned
271804,93113,district_apportioned
271805,93113,district_apportioned
271806,217983,district_apportioned
271821,217983,district_apportioned
271824,217983,district_apportioned
271825,217983,district_apportioned
271830,217983,district_apportioned
271831,93113,district_apportioned
271835,93113,district_apportioned
271840,93113,district_apportioned
271841,217983,district_apportioned
271845,93113,district_apportioned
271851,217983,district_apportioned
271855,217983,district_apportioned
271861,195333,district_apportioned
271865,93113,district_apportioned
271870,93113,district_apportioned
271871,93113,district_apportioned
271872,217983,district_apportioned
271875,93113,district_apportioned
271881,217983,district_apportioned
271882,217983,district_apportioned
271901,217983,district_apportioned
271902,217983,district_apportioned
271903,217983,district_apportioned
271904,217983,district_apportioned
272001,98579,district_apportioned
272002,98579,district_apportioned
272123,98579,district_apportioned
272124,100893,district_apportioned
272125,100893,district_apportioned
272126,100893,district_apportioned
272127,98579,district_apportioned
272128,98579,district_apportioned
272129,98579,district_apportioned
272130,98579,district_apportioned
272131,98579,district_apportioned
272148,100893,district_apportioned
272150,98579,district_apportioned
272151,98579,district_apportioned
272152,100893,district_apportioned
272153,98579,district_apportioned
272154,100893,district_apportioned
272155,98579,district_apportioned
272161,98579,district_apportioned
272162,100893,district_apportioned
272163,98579,district_apportioned
272164,100893,district_apportioned
272165,100893,district_apportioned
272171,98579,district_apportioned
272172,100893,district_apportioned
272173,100893,district_apportioned
272175,100893,district_apportioned
272176,100893,district_apportioned
272177,98579,district_apportioned
272178,100893,district_apportioned
272181,98579,district_apportioned
272182,98579,district_apportioned
272189,232663,district_apportioned
272190,98579,district_apportioned
272191,98579,district_apportioned
272192,232663,district_apportioned
272193,232663,district_apportioned
272194,98579,district_apportioned
272195,232663,district_apportioned
272199,100893,district_apportioned
272201,98579,district_apportioned
272202,232663,district_apportioned
272203,232663,district_apportioned
272204,232663,district_apportioned
272205,232663,district_apportioned
272206,232663,district_apportioned
272207,232663,district_apportioned
272208,232663,district_apportioned
272270,100893,district_apportioned
272271,100893,district_apportioned
272301,98579,district_apportioned
272302,98579,district_apportioned
273001,103277,district_apportioned
273002,103277,district_apportioned
273003,103277,district_apportioned
273004,103277,district_apportioned
273005,103277,district_apportioned
273006,103277,district_apportioned
273007,103277,district_apportioned
273008,103277,district_apportioned
273009,103277,district_apportioned
273010,103277,district_apportioned
273012,103277,district_apportioned
273013,103277,district_apportioned
273014,103277,district_apportioned
273015,103277,district_apportioned
273016,103277,district_apportioned
273017,103277,district_apportioned
273151,206516,district_apportioned
273152,103277,district_apportioned
273155,206516,district_apportioned
273157,103277,district_apportioned
273158,103277,district_apportioned
273161,206516,district_apportioned
273162,206516,district_apportioned
273163,103277,district_apportioned
273164,206516,district_apportioned
273165,103277,district_apportioned
273201,103277,district_apportioned
273202,103277,district_apportioned
273203,103277,district_apportioned
273207,206516,district_apportioned
273209,103277,district_apportioned
273211,103277,district_apportioned
273212,103277,district_apportioned
273213,103277,district_apportioned
273301,103277,district_apportioned
273302,206516,district_apportioned
273303,103277,district_apportioned
273304,206516,district_apportioned
273305,206516,district_apportioned
273306,103277,district_apportioned
273308,206516,district_apportioned
273309,206516,district_apportioned
273310,206516,district_apportioned
273311,206516,district_apportioned
273401,103277,district_apportioned
273402,103277,district_apportioned
273403,103277,district_apportioned
273404,103277,district_apportioned
273405,103277,district_apportioned
273406,103277,district_apportioned
273407,103277,district_apportioned
273408,103277,district_apportioned
273409,103277,district_apportioned
273411,103277,district_apportioned
273412,103277,district_apportioned
273413,103277,district_apportioned
274001,110748,district_apportioned
274149,169740,district_apportioned
274182,110748,district_apportioned
274201,110748,district_apportioned
274202,110748,district_apportioned
274203,169740,district_apportioned
274204,110748,district_apportioned
274205,110748,district_apportioned
274206,169740,district_apportioned
274207,169740,district_apportioned
274208,110748,district_apportioned
274301,169740,district_apportioned
274302,169740,district_apportioned
274303,169740,district_apportioned
274304,169740,district_apportioned
274305,169740,district_apportioned
274306,169740,district_apportioned
274307,169740,district_apportioned
274308,169740,district_apportioned
274309,169740,district_apportioned
274401,169740,district_apportioned
274402,169740,district_apportioned
274403,169740,district_apportioned
274404,110748,district_apportioned
274405,110748,district_apportioned
274406,169740,district_apportioned
274407,169740,district_apportioned
274408,110748,district_apportioned
274409,169740,district_apportioned
274501,110748,district_apportioned
274502,110748,district_apportioned
274505,110748,district_apportioned
274506,110748,district_apportioned
274508,110748,district_apportioned
274509,110748,district_apportioned
274601,110748,district_apportioned
274602,110748,district_apportioned
274603,110748,district_apportioned
274604,110748,district_apportioned
274701,110748,district_apportioned
274702,110748,district_apportioned
274703,110748,district_apportioned
274704,110748,district_apportioned
274705,110748,district_apportioned
274801,169740,district_apportioned
274802,169740,district_apportioned
274806,110748,district_apportioned
274807,110748,district_apportioned
274808,110748,district_apportioned
275101,78785,district_apportioned
275102,78785,district_apportioned
275103,78785,district_apportioned
275105,78785,district_apportioned
275201,86197,district_apportioned
275202,86197,district_apportioned
275203,86197,district_apportioned
275204,86197,district_apportioned
275205,86197,district_apportioned
275301,78785,district_apportioned
275302,78785,district_apportioned
275303,78785,district_apportioned
275304,78785,district_apportioned
275305,78785,district_apportioned
275306,78785,district_apportioned
275307,78785,district_apportioned
276001,128164,district_apportioned
276121,128164,district_apportioned
276122,128164,district_apportioned
276123,128164,district_apportioned
276124,128164,district_apportioned
276125,128164,district_apportioned
276126,78785,district_apportioned
276127,128164,district_apportioned
276128,128164,district_apportioned
276129,78785,district_apportioned
276131,128164,district_apportioned
276135,128164,district_apportioned
276136,128164,district_apportioned
276137,128164,district_apportioned
276138,128164,district_apportioned
276139,128164,district_apportioned
276140,128164,district_apportioned
276141,128164,district_apportioned
276142,78785,district_apportioned
276143,128164,district_apportioned
276201,78785,district_apportioned
276202,78785,district_apportioned
276203,128164,district_apportioned
276204,78785,district_apportioned
276205,128164,district_apportioned
276206,128164,district_apportioned
276207,128164,district_apportioned
276208,128164,district_apportioned
276288,128164,district_apportioned
276301,128164,district_apportioned
276302,128164,district_apportioned
276303,128164,district_apportioned
276304,128164,district_apportioned
276305,78785,district_apportioned
276306,78785,district_apportioned
276402,78785,district_apportioned
276403,78785,district_apportioned
276404,128164,district_apportioned
276405,78785,district_apportioned
276406,128164,district_apportioned
277001,83071,district_apportioned
277121,83071,district_apportioned
277123,83071,district_apportioned
277124,83071,district_apportioned
277201,83071,district_apportioned
277202,83071,district_apportioned
277203,83071,district_apportioned
277204,83071,district_apportioned
277205,83071,district_apportioned
277207,83071,district_apportioned
277208,83071,district_apportioned
277209,83071,district_apportioned
277210,83071,district_apportioned
277211,83071,district_apportioned
277213,83071,district_apportioned
277214,83071,district_apportioned
277216,83071,district_apportioned
277219,83071,district_apportioned
277301,83071,district_apportioned
277302,83071,district_apportioned
277303,83071,district_apportioned
277304,83071,district_apportioned
277401,83071,district_apportioned
277402,83071,district_apportioned
277403,83071,district_apportioned
277501,83071,district_apportioned
277502,83071,district_apportioned
277503,83071,district_apportioned
277504,83071,district_apportioned
277506,83071,district_apportioned
281001,94340,district_apportioned
281003,94340,district_apportioned
281004,94340,district_apportioned
281005,94340,district_apportioned
281006,94340,district_apportioned
281104,142246,district_apportioned
281121,94340,district_apportioned
281122,94340,district_apportioned
281123,94340,district_apportioned
281201,94340,district_apportioned
281202,94340,district_apportioned
281203,94340,district_apportioned
281204,94340,district_apportioned
281205,94340,district_apportioned
281206,94340,district_apportioned
281301,94340,district_apportioned
281302,94340,district_apportioned
281303,94340,district_apportioned
281305,94340,district_apportioned
281306,94340,district_apportioned
281307,142246,district_apportioned
281308,94340,district_apportioned
281401,128164,district_apportioned
281403,94340,district_apportioned
281404,94340,district_apportioned
281405,94340,district_apportioned
281406,94340,district_apportioned
281501,94340,district_apportioned
281502,94340,district_apportioned
281504,94340,district_apportioned
282001,152372,district_apportioned
282002,152372,district_apportioned
282003,152372,district_apportioned
282004,152372,district_apportioned
282005,152372,district_apportioned
282006,152372,district_apportioned
282007,152372,district_apportioned
282008,152372,district_apportioned
282009,152372,district_apportioned
282010,152372,district_apportioned
283101,152372,district_apportioned
283102,152372,district_apportioned
283103,178440,district_apportioned
283104,152372,district_apportioned
283105,152372,district_apportioned
283110,152372,district_apportioned
283111,152372,district_apportioned
283112,152372,district_apportioned
283113,152372,district_apportioned
283114,152372,district_apportioned
283115,152372,district_apportioned
283119,152372,district_apportioned
283121,152372,district_apportioned
283122,152372,district_apportioned
283123,152372,district_apportioned
283124,152372,district_apportioned
283125,152372,district_apportioned
283126,152372,district_apportioned
283130,178440,district_apportioned
283135,178440,district_apportioned
283136,178440,district_apportioned
283141,178440,district_apportioned
283142,178440,district_apportioned
283145,178440,district_apportioned
283151,178440,district_apportioned
283152,178440,district_apportioned
283201,152372,district_apportioned
283202,152372,district_apportioned
283203,178440,district_apportioned
283204,178440,district_apportioned
283205,178440,district_apportioned
283206,178440,district_apportioned
283207,178440,district_apportioned
284001,83275,district_apportioned
284002,83275,district_apportioned
284003,83275,district_apportioned
284120,83275,district_apportioned
284121,83275,district_apportioned
284122,101799,district_apportioned
284123,101799,district_apportioned
284124,101799,district_apportioned
284125,101799,district_apportioned
284126,101799,district_apportioned
284127,83275,district_apportioned
284128,83275,district_apportioned
284135,83275,district_apportioned
284136,101799,district_apportioned
284201,83275,district_apportioned
284202,83275,district_apportioned
284203,83275,district_apportioned
284204,83275,district_apportioned
284205,83275,district_apportioned
284206,83275,district_apportioned
284301,83275,district_apportioned
284302,83275,district_apportioned
284303,83275,district_apportioned
284304,83275,district_apportioned
284305,83275,district_apportioned
284306,83275,district_apportioned
284401,83275,district_apportioned
284402,101799,district_apportioned
284403,101799,district_apportioned
284404,101799,district_apportioned
284405,101799,district_apportioned
284406,101799,district_apportioned
284419,83275,district_apportioned
284501,101799,district_apportioned
285001,105623,district_apportioned
285121,105623,district_apportioned
285122,105623,district_apportioned
285123,105623,district_apportioned
285124,105623,district_apportioned
285125,83275,district_apportioned
285126,105623,district_apportioned
285127,105623,district_apportioned
285128,105623,district_apportioned
285129,105623,district_apportioned
285130,105623,district_apportioned
285201,105623,district_apportioned
285202,105623,district_apportioned
285203,105623,district_apportioned
285204,105623,district_apportioned
285205,83275,district_apportioned
285206,105623,district_apportioned
285223,105623,district_apportioned
301001,76545,district_apportioned
301002,76545,district_apportioned
301018,76545,district_apportioned
301019,76545,district_apportioned
301020,76545,district_apportioned
301021,76545,district_apportioned
301022,76545,district_apportioned
301023,76545,district_apportioned
301024,76545,district_apportioned
301025,76545,district_apportioned
301026,76545,district_apportioned
301027,76545,district_apportioned
301028,76545,district_apportioned
301030,76545,district_apportioned
301035,76545,district_apportioned
301401,76545,district_apportioned
301402,76545,district_apportioned
301403,76545,district_apportioned
301404,76545,district_apportioned
301405,76545,district_apportioned
301406,76545,district_apportioned
301407,76545,district_apportioned
301408,76545,district_apportioned
301409,76545,district_apportioned
301410,76545,district_apportioned
301411,76545,district_apportioned
301412,76545,district_apportioned
301413,76545,district_apportioned
301414,76545,district_apportioned
301415,76545,district_apportioned
301416,76545,district_apportioned
301427,76545,district_apportioned
301604,76545,district_apportioned
301701,76545,district_apportioned
301702,76545,district_apportioned
301703,76545,district_apportioned
301704,76545,district_apportioned
301705,76545,district_apportioned
301706,76545,district_apportioned
301707,76545,district_apportioned
301708,76545,district_apportioned
301709,76545,district_apportioned
301713,76545,district_apportioned
301714,76545,district_apportioned
302001,78883,district_apportioned
302002,78883,district_apportioned
302003,78883,district_apportioned
302004,78883,district_apportioned
302005,78883,district_apportioned
302006,78883,district_apportioned
302012,78883,district_apportioned
302013,78883,district_apportioned
302015,78883,district_apportioned
302016,78883,district_apportioned
302017,78883,district_apportioned
302018,78883,district_apportioned
302019,78883,district_apportioned
302020,78883,district_apportioned
302021,78883,district_apportioned
302022,78883,district_apportioned
302026,78883,district_apportioned
302027,78883,district_apportioned
302028,78883,district_apportioned
302029,78883,district_apportioned
302031,78883,district_apportioned
302033,78883,district_apportioned
302034,78883,district_apportioned
302036,78883,district_apportioned
302037,78883,district_apportioned
302038,78883,district_apportioned
302039,78883,district_apportioned
302040,78883,district_apportioned
302041,78883,district_apportioned
302042,78883,district_apportioned
302043,78883,district_apportioned
303001,78883,district_apportioned
303002,78883,district_apportioned
303003,78883,district_apportioned
303004,74291,district_apportioned
303005,78883,district_apportioned
303006,78883,district_apportioned
303007,78883,district_apportioned
303008,78883,district_apportioned
303009,78883,district_apportioned
303012,78883,district_apportioned
303102,78883,district_apportioned
303103,78883,district_apportioned
303104,78883,district_apportioned
303105,78883,district_apportioned
303106,78883,district_apportioned
303107,78883,district_apportioned
303108,78883,district_apportioned
303109,78883,district_apportioned
303110,78883,district_apportioned
303119,78883,district_apportioned
303120,78883,district_apportioned
303121,78883,district_apportioned
303122,78883,district_apportioned
303123,78883,district_apportioned
303301,78883,district_apportioned
303302,78883,district_apportioned
303303,74291,district_apportioned
303304,74291,district_apportioned
303305,78883,district_apportioned
303313,74291,district_apportioned
303315,74291,district_apportioned
303323,74291,district_apportioned
303325,74291,district_apportioned
303326,74291,district_apportioned
303327,74291,district_apportioned
303328,78883,district_apportioned
303329,78883,district_apportioned
303338,78883,district_apportioned
303348,78883,district_apportioned
303501,74291,district_apportioned
303502,74291,district_apportioned
303503,78883,district_apportioned
303504,74291,district_apportioned
303505,74291,district_apportioned
303506,74291,district_apportioned
303507,78883,district_apportioned
303508,74291,district_apportioned
303509,78883,district_apportioned
303510,74291,district_apportioned
303511,74291,district_apportioned
303601,78883,district_apportioned
303602,78883,district_apportioned
303603,78883,district_apportioned
303604,78883,district_apportioned
303701,78883,district_apportioned
303702,78883,district_apportioned
303704,78883,district_apportioned
303706,78883,district_apportioned
303712,78883,district_apportioned
303801,78883,district_apportioned
303803,78883,district_apportioned
303804,78883,district_apportioned
303805,78883,district_apportioned
303806,78883,district_apportioned
303807,78883,district_apportioned
303901,78883,district_apportioned
303903,78883,district_apportioned
303904,78883,district_apportioned
303905,78883,district_apportioned
303908,78883,district_apportioned
304001,83607,district_apportioned
304021,83607,district_apportioned
304022,83607,district_apportioned
304023,83607,district_apportioned
304024,83607,district_apportioned
304025,83607,district_apportioned
304026,83607,district_apportioned
304501,83607,district_apportioned
304502,83607,district_apportioned
304503,83607,district_apportioned
304504,83607,district_apportioned
304505,83607,district_apportioned
304507,83607,district_apportioned
304801,83607,district_apportioned
304802,83607,district_apportioned
304803,83607,district_apportioned
304804,83607,district_apportioned
305001,46965,district_apportioned
305002,46965,district_apportioned
305003,46965,district_apportioned
305004,46965,district_apportioned
305005,46965,district_apportioned
305007,46965,district_apportioned
305009,46965,district_apportioned
305012,46965,district_apportioned
305021,46965,district_apportioned
305022,46965,district_apportioned
305023,46965,district_apportioned
305024,46965,district_apportioned
305025,46965,district_apportioned
305026,70378,district_apportioned
305201,46965,district_apportioned
305202,46965,district_apportioned
305203,46965,district_apportioned
305204,46965,district_apportioned
305205,46965,district_apportioned
305206,46965,district_apportioned
305207,46965,district_apportioned
305401,46965,district_apportioned
305402,46965,district_apportioned
305403,46965,district_apportioned
305404,46965,district_apportioned
305405,46965,district_apportioned
305406,46965,district_apportioned
305407,46965,district_apportioned
305408,46965,district_apportioned
305412,46965,district_apportioned
305415,46965,district_apportioned
305601,46965,district_apportioned
305621,46965,district_apportioned
305622,46965,district_apportioned
305623,46965,district_apportioned
305624,46965,district_apportioned
305625,46965,district_apportioned
305627,46965,district_apportioned
305628,46965,district_apportioned
305629,46965,district_apportioned
305630,46965,district_apportioned
305631,46965,district_apportioned
305801,46965,district_apportioned
305802,46965,district_apportioned
305811,46965,district_apportioned
305812,46965,district_apportioned
305813,46965,district_apportioned
305814,46965,district_apportioned
305815,46965,district_apportioned
305816,46965,district_apportioned
305817,46965,district_apportioned
305819,46965,district_apportioned
305901,52573,district_apportioned
305921,52573,district_apportioned
305922,52573,district_apportioned
305923,46965,district_apportioned
305924,46965,district_apportioned
305925,52573,district_apportioned
305926,46965,district_apportioned
305927,46965,district_apportioned
306001,46308,district_apportioned
306021,46308,district_apportioned
306022,46308,district_apportioned
306023,46308,district_apportioned
306101,46308,district_apportioned
306102,46308,district_apportioned
306103,46308,district_apportioned
306104,46308,district_apportioned
306105,46308,district_apportioned
306114,46308,district_apportioned
306115,46308,district_apportioned
306116,46308,district_apportioned
306119,46308,district_apportioned
306126,46308,district_apportioned
306301,46308,district_apportioned
306302,46308,district_apportioned
306303,46308,district_apportioned
306304,46308,district_apportioned
306305,46308,district_apportioned
306306,46308,district_apportioned
306307,46308,district_apportioned
306308,46308,district_apportioned
306401,46308,district_apportioned
306421,46308,district_apportioned
306422,46308,district_apportioned
306501,46308,district_apportioned
306502,46308,district_apportioned
306503,46308,district_apportioned
306504,46308,district_apportioned
306601,46308,district_apportioned
306602,46308,district_apportioned
306603,46308,district_apportioned
306701,46308,district_apportioned
306702,46308,district_apportioned
306703,46308,district_apportioned
306704,46308,district_apportioned
306705,46308,district_apportioned
306706,46308,district_apportioned
306707,46308,district_apportioned
306708,46308,district_apportioned
306709,46308,district_apportioned
306901,46308,district_apportioned
306902,46308,district_apportioned
306912,46308,district_apportioned
307001,51817,district_apportioned
307019,51817,district_apportioned
307022,51817,district_apportioned
307023,51817,district_apportioned
307024,51817,district_apportioned
307025,74840,district_apportioned
307026,51817,district_apportioned
307027,51817,district_apportioned
307028,51817,district_apportioned
307029,87082,district_apportioned
307030,87082,district_apportioned
307031,51817,district_apportioned
307032,51817,district_apportioned
307043,51817,district_apportioned
307501,51817,district_apportioned
307510,51817,district_apportioned
307511,51817,district_apportioned
307512,51817,district_apportioned
307513,51817,district_apportioned
307514,51817,district_apportioned
307515,51817,district_apportioned
307801,51817,district_apportioned
307802,51817,district_apportioned
307803,87082,district_apportioned
311001,72986,district_apportioned
311011,72986,district_apportioned
311021,72986,district_apportioned
311022,72986,district_apportioned
311023,72986,district_apportioned
311024,72986,district_apportioned
311025,72986,district_apportioned
311026,72986,district_apportioned
311030,72986,district_apportioned
311201,72986,district_apportioned
311202,72986,district_apportioned
311203,72986,district_apportioned
311204,72986,district_apportioned
311301,72986,district_apportioned
311302,72986,district_apportioned
311401,72986,district_apportioned
311402,72986,district_apportioned
311403,72986,district_apportioned
311404,72986,district_apportioned
311407,72986,district_apportioned
311408,72986,district_apportioned
311601,72986,district_apportioned
311602,72986,district_apportioned
311603,72986,district_apportioned
311604,72986,district_apportioned
311605,72986,district_apportioned
311606,72986,district_apportioned
311801,72986,district_apportioned
311802,72986,district_apportioned
311803,72986,district_apportioned
311804,72986,district_apportioned
311805,72986,district_apportioned
311806,72986,district_apportioned
312001,35915,district_apportioned
312021,35915,district_apportioned
312022,35915,district_apportioned
312023,35915,district_apportioned
312024,35915,district_apportioned
312025,35915,district_apportioned
312027,35915,district_apportioned
312201,35915,district_apportioned
312202,35915,district_apportioned
312203,35915,district_apportioned
312204,35915,district_apportioned
312205,35915,district_apportioned
312206,35915,district_apportioned
312207,35915,district_apportioned
312401,35915,district_apportioned
312402,35915,district_apportioned
312403,35915,district_apportioned
312404,35915,district_apportioned
312601,35915,district_apportioned
312602,35915,district_apportioned
312603,35915,district_apportioned
312604,35915,district_apportioned
312605,35915,district_apportioned
312606,35915,district_apportioned
312612,35915,district_apportioned
312613,35915,district_apportioned
312614,35915,district_apportioned
312615,35915,district_apportioned
312616,35915,district_apportioned
312617,35915,district_apportioned
312619,35915,district_apportioned
312620,35915,district_apportioned
312622,35915,district_apportioned
312623,35915,district_apportioned
312624,35915,district_apportioned
312625,35915,district_apportioned
312626,74840,district_apportioned
312627,35915,district_apportioned
312901,35915,district_apportioned
313001,74840,district_apportioned
313002,74840,district_apportioned
313003,74840,district_apportioned
313004,74840,district_apportioned
313011,74840,district_apportioned
313015,74840,district_apportioned
313022,74840,district_apportioned
313024,74840,district_apportioned
313026,74840,district_apportioned
313027,74840,district_apportioned
313031,74840,district_apportioned
313038,74840,district_apportioned
313201,74840,district_apportioned
313202,52573,district_apportioned
313203,74840,district_apportioned
313204,74840,district_apportioned
313205,74840,district_apportioned
313206,74840,district_apportioned
313207,52573,district_apportioned
313211,52573,district_apportioned
313301,52573,district_apportioned
313321,52573,district_apportioned
313322,52573,district_apportioned
313323,52573,district_apportioned
313324,52573,district_apportioned
313325,52573,district_apportioned
313327,52573,district_apportioned
313328,52573,district_apportioned
313329,52573,district_apportioned
313330,52573,district_apportioned
313331,74840,district_apportioned
313332,52573,district_apportioned
313333,52573,district_apportioned
313334,52573,district_apportioned
313341,52573,district_apportioned
313342,52573,district_apportioned
313601,74840,district_apportioned
313602,74840,district_apportioned
313603,74840,district_apportioned
313604,74840,district_apportioned
313701,74840,district_apportioned
313702,74840,district_apportioned
313703,74840,district_apportioned
313704,74840,district_apportioned
313705,74840,district_apportioned
313706,74840,district_apportioned
313708,74840,district_apportioned
313801,74840,district_apportioned
313802,74840,district_apportioned
313803,74840,district_apportioned
313804,74840,district_apportioned
313901,74840,district_apportioned
313902,74840,district_apportioned
313903,74840,district_apportioned
313904,74840,district_apportioned
313905,74840,district_apportioned
313906,74840,district_apportioned
314001,53406,district_apportioned
314011,53406,district_apportioned
314021,53406,district_apportioned
314022,53406,district_apportioned
314023,53406,district_apportioned
314024,53406,district_apportioned
314025,53406,district_apportioned
314026,53406,district_apportioned
314027,53406,district_apportioned
314028,53406,district_apportioned
314029,53406,district_apportioned
314030,53406,district_apportioned
314031,53406,district_apportioned
314032,53406,district_apportioned
314034,53406,district_apportioned
314035,53406,district_apportioned
314036,53406,district_apportioned
314037,53406,district_apportioned
314038,53406,district_apportioned
314401,53406,district_apportioned
314402,53406,district_apportioned
314403,53406,district_apportioned
314404,53406,district_apportioned
314406,53406,district_apportioned
314801,53406,district_apportioned
314804,53406,district_apportioned
321001,77226,district_apportioned
321021,77226,district_apportioned
321022,77226,district_apportioned
321023,77226,district_apportioned
321024,77226,district_apportioned
321025,77226,district_apportioned
321026,77226,district_apportioned
321028,77226,district_apportioned
321201,77226,district_apportioned
321202,77226,district_apportioned
321203,77226,district_apportioned
321204,77226,district_apportioned
321205,77226,district_apportioned
321206,77226,district_apportioned
321301,77226,district_apportioned
321302,77226,district_apportioned
321303,77226,district_apportioned
321401,77226,district_apportioned
321402,77226,district_apportioned
321403,77226,district_apportioned
321404,77226,district_apportioned
321405,77226,district_apportioned
321406,77226,district_apportioned
321407,77226,district_apportioned
321408,77226,district_apportioned
321409,77226,district_apportioned
321410,77226,district_apportioned
321411,77226,district_apportioned
321601,77226,district_apportioned
321602,77226,district_apportioned
321605,76545,district_apportioned
321606,76545,district_apportioned
321607,76545,district_apportioned
321608,74291,district_apportioned
321609,74291,district_apportioned
321610,85779,district_apportioned
321611,85779,district_apportioned
321612,74291,district_apportioned
321613,74291,district_apportioned
321614,77226,district_apportioned
321615,77226,district_apportioned
321633,76545,district_apportioned
321642,77226,district_apportioned
322001,49465,district_apportioned
322021,49465,district_apportioned
322023,49465,district_apportioned
322024,49465,district_apportioned
322025,49465,district_apportioned
322026,49465,district_apportioned
322027,49465,district_apportioned
322028,49465,district_apportioned
322029,49465,district_apportioned
322030,49465,district_apportioned
322033,49465,district_apportioned
322034,49465,district_apportioned
322201,49465,district_apportioned
322202,49465,district_apportioned
322203,49465,district_apportioned
322204,49465,district_apportioned
322205,49465,district_apportioned
322211,49465,district_apportioned
322212,49465,district_apportioned
322213,85779,district_apportioned
322214,49465,district_apportioned
322215,49465,district_apportioned
322216,85779,district_apportioned
322218,85779,district_apportioned
322219,49465,district_apportioned
322220,49465,district_apportioned
322230,85779,district_apportioned
322234,85779,district_apportioned
322236,85779,district_apportioned
322238,85779,district_apportioned
322240,74291,district_apportioned
322241,85779,district_apportioned
322242,85779,district_apportioned
322243,85779,district_apportioned
322249,85779,district_apportioned
322251,85779,district_apportioned
322252,85779,district_apportioned
322254,85779,district_apportioned
322255,85779,district_apportioned
322701,49465,district_apportioned
322702,49465,district_apportioned
322703,49465,district_apportioned
322704,49465,district_apportioned
323001,61717,district_apportioned
323021,61717,district_apportioned
323022,61717,district_apportioned
323023,61717,district_apportioned
323024,61717,district_apportioned
323025,61717,district_apportioned
323026,61717,district_apportioned
323301,61717,district_apportioned
323303,35915,district_apportioned
323304,35915,district_apportioned
323305,35915,district_apportioned
323306,35915,district_apportioned
323307,35915,district_apportioned
323601,61717,district_apportioned
323602,61717,district_apportioned
323603,61717,district_apportioned
323613,61717,district_apportioned
323614,61717,district_apportioned
323615,61717,district_apportioned
323616,61717,district_apportioned
323801,61717,district_apportioned
323802,61717,district_apportioned
323803,61717,district_apportioned
324001,78041,district_apportioned
324002,78041,district_apportioned
324003,78041,district_apportioned
324004,78041,district_apportioned
324005,78041,district_apportioned
324006,78041,district_apportioned
324007,78041,district_apportioned
324008,78041,district_apportioned
324009,78041,district_apportioned
324010,78041,district_apportioned
325001,78041,district_apportioned
325003,78041,district_apportioned
325004,78041,district_apportioned
325009,78041,district_apportioned
325201,78041,district_apportioned
325202,76422,district_apportioned
325203,78041,district_apportioned
325204,78041,district_apportioned
325205,76422,district_apportioned
325206,76422,district_apportioned
325207,76422,district_apportioned
325208,78041,district_apportioned
325209,76422,district_apportioned
325214,76422,district_apportioned
325215,76422,district_apportioned
325216,76422,district_apportioned
325217,76422,district_apportioned
325218,76422,district_apportioned
325219,76422,district_apportioned
325220,76422,district_apportioned
325221,76422,district_apportioned
325222,76422,district_apportioned
325223,76422,district_apportioned
325224,76422,district_apportioned
325601,78041,district_apportioned
325602,78041,district_apportioned
326001,70556,district_apportioned
326021,70556,district_apportioned
326022,70556,district_apportioned
326023,70556,district_apportioned
326024,70556,district_apportioned
326033,70556,district_apportioned
326034,70556,district_apportioned
326035,70556,district_apportioned
326036,70556,district_apportioned
326037,70556,district_apportioned
326038,70556,district_apportioned
326039,70556,district_apportioned
326501,70556,district_apportioned
326502,70556,district_apportioned
326512,70556,district_apportioned
326513,70556,district_apportioned
326514,70556,district_apportioned
326515,70556,district_apportioned
326516,70556,district_apportioned
326517,70556,district_apportioned
326518,78041,district_apportioned
326519,78041,district_apportioned
326520,78041,district_apportioned
326529,78041,district_apportioned
326530,78041,district_apportioned
327001,99860,district_apportioned
327021,99860,district_apportioned
327022,99860,district_apportioned
327023,99860,district_apportioned
327024,99860,district_apportioned
327025,99860,district_apportioned
327026,99860,district_apportioned
327027,99860,district_apportioned
327031,99860,district_apportioned
327032,99860,district_apportioned
327034,99860,district_apportioned
327601,99860,district_apportioned
327602,99860,district_apportioned
327603,99860,district_apportioned
327604,99860,district_apportioned
327605,99860,district_apportioned
327606,99860,district_apportioned
327801,99860,district_apportioned
328001,92809,district_apportioned
328021,92809,district_apportioned
328022,92809,district_apportioned
328023,92809,district_apportioned
328024,92809,district_apportioned
328025,92809,district_apportioned
328026,92809,district_apportioned
328027,92809,district_apportioned
328028,92809,district_apportioned
328029,92809,district_apportioned
328030,92809,district_apportioned
328031,92809,district_apportioned
328041,92809,district_apportioned
331001,78444,district_apportioned
331021,78444,district_apportioned
331022,78444,district_apportioned
331023,78444,district_apportioned
331024,47810,district_apportioned
331025,45469,district_apportioned
331026,45469,district_apportioned
331027,45469,district_apportioned
331028,45469,district_apportioned
331029,78444,district_apportioned
331030,45469,district_apportioned
331031,78444,district_apportioned
331301,78444,district_apportioned
331302,78444,district_apportioned
331303,78444,district_apportioned
331304,78444,district_apportioned
331305,78444,district_apportioned
331402,78444,district_apportioned
331403,78444,district_apportioned
331411,78444,district_apportioned
331501,78444,district_apportioned
331502,78444,district_apportioned
331503,78444,district_apportioned
331504,78444,district_apportioned
331505,78444,district_apportioned
331506,78444,district_apportioned
331507,78444,district_apportioned
331517,78444,district_apportioned
331518,78444,district_apportioned
331701,78444,district_apportioned
331801,90921,district_apportioned
331802,78444,district_apportioned
331803,90921,district_apportioned
331811,78444,district_apportioned
332001,47810,district_apportioned
332002,47810,district_apportioned
332021,47810,district_apportioned
332023,47810,district_apportioned
332024,47810,district_apportioned
332025,47810,district_apportioned
332026,47810,district_apportioned
332027,47810,district_apportioned
332028,47810,district_apportioned
332029,47810,district_apportioned
332030,47810,district_apportioned
332031,47810,district_apportioned
332041,47810,district_apportioned
332042,47810,district_apportioned
332301,47810,district_apportioned
332302,47810,district_apportioned
332303,47810,district_apportioned
332304,47810,district_apportioned
332305,47810,district_apportioned
332307,47810,district_apportioned
332311,47810,district_apportioned
332312,47810,district_apportioned
332315,47810,district_apportioned
332316,47810,district_apportioned
332317,47810,district_apportioned
332318,47810,district_apportioned
332401,47810,district_apportioned
332402,47810,district_apportioned
332403,47810,district_apportioned
332404,47810,district_apportioned
332405,47810,district_apportioned
332406,47810,district_apportioned
332411,47810,district_apportioned
332601,47810,district_apportioned
332602,47810,district_apportioned
332603,47810,district_apportioned
332701,47810,district_apportioned
332702,47810,district_apportioned
332703,47810,district_apportioned
332705,47810,district_apportioned
332706,47810,district_apportioned
332707,47810,district_apportioned
332708,47810,district_apportioned
332709,47810,district_apportioned
332710,47810,district_apportioned
332711,47810,district_apportioned
332712,47810,district_apportioned
332713,47810,district_apportioned
332714,47810,district_apportioned
332715,47810,district_apportioned
332716,45469,district_apportioned
332718,47810,district_apportioned
332719,47810,district_apportioned
332721,47810,district_apportioned
332722,47810,district_apportioned
332742,47810,district_apportioned
332746,45469,district_apportioned
333001,45469,district_apportioned
333011,45469,district_apportioned
333012,45469,district_apportioned
333021,45469,district_apportioned
333022,45469,district_apportioned
333023,45469,district_apportioned
333024,45469,district_apportioned
333025,45469,district_apportioned
333026,45469,district_apportioned
333027,45469,district_apportioned
333028,45469,district_apportioned
333029,85748,district_apportioned
333030,45469,district_apportioned
333031,45469,district_apportioned
333032,45469,district_apportioned
333033,45469,district_apportioned
333034,45469,district_apportioned
333035,45469,district_apportioned
333036,45469,district_apportioned
333041,45469,district_apportioned
333042,45469,district_apportioned
333053,45469,district_apportioned
333302,45469,district_apportioned
333303,45469,district_apportioned
333304,45469,district_apportioned
333305,45469,district_apportioned
333307,45469,district_apportioned
333308,45469,district_apportioned
333501,45469,district_apportioned
333502,45469,district_apportioned
333503,45469,district_apportioned
333504,45469,district_apportioned
333514,45469,district_apportioned
333515,45469,district_apportioned
333516,45469,district_apportioned
333701,45469,district_apportioned
333702,45469,district_apportioned
333704,45469,district_apportioned
333705,45469,district_apportioned
333707,45469,district_apportioned
333801,45469,district_apportioned
334001,90921,district_apportioned
334003,90921,district_apportioned
334004,90921,district_apportioned
334006,90921,district_apportioned
334021,90921,district_apportioned
334022,90921,district_apportioned
334023,90921,district_apportioned
334201,90921,district_apportioned
334202,90921,district_apportioned
334302,90921,district_apportioned
334303,90921,district_apportioned
334305,90921,district_apportioned
334401,90921,district_apportioned
334402,90921,district_apportioned
334403,90921,district_apportioned
334601,90921,district_apportioned
334602,90921,district_apportioned
334603,90921,district_apportioned
334604,90921,district_apportioned
334801,90921,district_apportioned
334802,90921,district_apportioned
334803,90921,district_apportioned
334804,90921,district_apportioned
334808,90921,district_apportioned
335001,75737,district_apportioned
335002,75737,district_apportioned
335021,75737,district_apportioned
335022,75737,district_apportioned
335023,75737,district_apportioned
335024,98594,district_apportioned
335025,75737,district_apportioned
335027,75737,district_apportioned
335037,75737,district_apportioned
335038,75737,district_apportioned
335039,75737,district_apportioned
335040,75737,district_apportioned
335041,75737,district_apportioned
335051,75737,district_apportioned
335061,75737,district_apportioned
335062,75737,district_apportioned
335063,98594,district_apportioned
335064,98594,district_apportioned
335065,98594,district_apportioned
335073,75737,district_apportioned
335501,98594,district_apportioned
335502,98594,district_apportioned
335503,98594,district_apportioned
335504,98594,district_apportioned
335511,98594,district_apportioned
335512,98594,district_apportioned
335513,98594,district_apportioned
335523,98594,district_apportioned
335524,98594,district_apportioned
335525,98594,district_apportioned
335526,98594,district_apportioned
335701,75737,district_apportioned
335702,75737,district_apportioned
335703,75737,district_apportioned
335704,75737,district_apportioned
335705,75737,district_apportioned
335707,75737,district_apportioned
335711,75737,district_apportioned
335801,98594,district_apportioned
335802,98594,district_apportioned
335803,98594,district_apportioned
335804,75737,district_apportioned
335805,75737,district_apportioned
335901,75737,district_apportioned
341001,70378,district_apportioned
341021,70378,district_apportioned
341022,70378,district_apportioned
341023,70378,district_apportioned
341024,70378,district_apportioned
341025,70378,district_apportioned
341026,70378,district_apportioned
341027,70378,district_apportioned
341028,70378,district_apportioned
341029,70378,district_apportioned
341030,70378,district_apportioned
341031,70378,district_apportioned
341301,70378,district_apportioned
341302,70378,district_apportioned
341303,70378,district_apportioned
341304,70378,district_apportioned
341305,70378,district_apportioned
341306,70378,district_apportioned
341316,70378,district_apportioned
341317,70378,district_apportioned
341318,70378,district_apportioned
341319,70378,district_apportioned
341501,70378,district_apportioned
341502,70378,district_apportioned
341503,70378,district_apportioned
341504,70378,district_apportioned
341505,70378,district_apportioned
341506,70378,district_apportioned
341507,70378,district_apportioned
341508,70378,district_apportioned
341509,70378,district_apportioned
341510,70378,district_apportioned
341511,70378,district_apportioned
341512,70378,district_apportioned
341513,70378,district_apportioned
341514,70378,district_apportioned
341515,70378,district_apportioned
341516,70378,district_apportioned
341517,70378,district_apportioned
341518,70378,district_apportioned
341519,70378,district_apportioned
341520,70378,district_apportioned
341533,70378,district_apportioned
341542,70378,district_apportioned
341551,70378,district_apportioned
342001,85748,district_apportioned
342003,85748,district_apportioned
342005,85748,district_apportioned
342006,85748,district_apportioned
342007,85748,district_apportioned
342008,85748,district_apportioned
342011,85748,district_apportioned
342012,85748,district_apportioned
342013,85748,district_apportioned
342014,85748,district_apportioned
342015,85748,district_apportioned
342021,85748,district_apportioned
342022,85748,district_apportioned
342023,85748,district_apportioned
342024,85748,district_apportioned
342025,85748,district_apportioned
342026,85748,district_apportioned
342027,85748,district_apportioned
342028,85748,district_apportioned
342029,85748,district_apportioned
342037,85748,district_apportioned
342301,85748,district_apportioned
342302,85748,district_apportioned
342303,85748,district_apportioned
342304,85748,district_apportioned
342305,85748,district_apportioned
342306,85748,district_apportioned
342307,85748,district_apportioned
342308,85748,district_apportioned
342309,85748,district_apportioned
342310,51532,district_apportioned
342311,85748,district_apportioned
342312,85748,district_apportioned
342314,85748,district_apportioned
342601,85748,district_apportioned
342602,85748,district_apportioned
342603,85748,district_apportioned
342604,85748,district_apportioned
342605,85748,district_apportioned
342606,85748,district_apportioned
342801,85748,district_apportioned
342802,85748,district_apportioned
342901,85748,district_apportioned
342902,70378,district_apportioned
343001,87082,district_apportioned
343002,87082,district_apportioned
343021,87082,district_apportioned
343022,87082,district_apportioned
343023,87082,district_apportioned
343024,87082,district_apportioned
343025,87082,district_apportioned
343027,87082,district_apportioned
343028,87082,district_apportioned
343029,87082,district_apportioned
343030,87082,district_apportioned
343032,87082,district_apportioned
343039,87082,district_apportioned
343040,87082,district_apportioned
343041,87082,district_apportioned
343042,87082,district_apportioned
343048,87082,district_apportioned
343049,87082,district_apportioned
344001,96435,district_apportioned
344011,96435,district_apportioned
344012,96435,district_apportioned
344021,96435,district_apportioned
344022,96435,district_apportioned
344024,96435,district_apportioned
344025,96435,district_apportioned
344026,96435,district_apportioned
344027,96435,district_apportioned
344031,96435,district_apportioned
344032,96435,district_apportioned
344033,96435,district_apportioned
344034,96435,district_apportioned
344035,96435,district_apportioned
344037,96435,district_apportioned
344043,96435,district_apportioned
344044,96435,district_apportioned
344501,96435,district_apportioned
344502,96435,district_apportioned
344701,96435,district_apportioned
344702,96435,district_apportioned
344703,96435,district_apportioned
344704,96435,district_apportioned
344705,96435,district_apportioned
344706,96435,district_apportioned
344708,96435,district_apportioned
344801,96435,district_apportioned
345001,51532,district_apportioned
345021,51532,district_apportioned
345022,51532,district_apportioned
345023,51532,district_apportioned
345024,51532,district_apportioned
345025,51532,district_apportioned
345026,51532,district_apportioned
345027,51532,district_apportioned
345028,51532,district_apportioned
345031,51532,district_apportioned
345033,51532,district_apportioned
345034,51532,district_apportioned
360001,77644,district_apportioned
360002,77644,district_apportioned
360003,77644,district_apportioned
360004,77644,district_apportioned
360005,77644,district_apportioned
360006,77644,district_apportioned
360007,77644,district_apportioned
360020,77644,district_apportioned
360021,77644,district_apportioned
360022,77644,district_apportioned
360023,77644,district_apportioned
360024,77644,district_apportioned
360025,77644,district_apportioned
360026,77644,district_apportioned
360030,77644,district_apportioned
360035,77644,district_apportioned
360040,77644,district_apportioned
360050,66985,district_apportioned
360055,77644,district_apportioned
360060,77644,district_apportioned
360070,77644,district_apportioned
360110,45960,district_apportioned
360311,77644,district_apportioned
360320,77644,district_apportioned
360330,77644,district_apportioned
360360,77644,district_apportioned
360370,77644,district_apportioned
360375,77644,district_apportioned
360380,77644,district_apportioned
360405,77644,district_apportioned
360410,77644,district_apportioned
360421,77644,district_apportioned
360430,77644,district_apportioned
360440,77644,district_apportioned
360450,77644,district_apportioned
360452,77644,district_apportioned
360460,77644,district_apportioned
360470,77644,district_apportioned
360480,45960,district_apportioned
360490,51756,district_apportioned
360510,53223,district_apportioned
360515,45960,district_apportioned
360520,45960,district_apportioned
360530,53223,district_apportioned
360531,45960,district_apportioned
360540,45960,district_apportioned
360545,53223,district_apportioned
360550,53223,district_apportioned
360570,53223,district_apportioned
360575,53223,district_apportioned
360576,53223,district_apportioned
360577,53223,district_apportioned
360578,53223,district_apportioned
360579,53223,district_apportioned
360590,53223,district_apportioned
361001,45960,district_apportioned
361002,45960,district_apportioned
361003,45960,district_apportioned
361004,45960,district_apportioned
361005,45960,district_apportioned
361006,45960,district_apportioned
361007,45960,district_apportioned
361008,45960,district_apportioned
361009,45960,district_apportioned
361010,45960,district_apportioned
361011,45960,district_apportioned
361012,45960,district_apportioned
361013,45960,district_apportioned
361110,45960,district_apportioned
361120,45960,district_apportioned
361130,45960,district_apportioned
361140,45960,district_apportioned
361141,45960,district_apportioned
361142,45960,district_apportioned
361150,45960,district_apportioned
361160,45960,district_apportioned
361162,45960,district_apportioned
361170,45960,district_apportioned
361210,45960,district_apportioned
361220,45960,district_apportioned
361230,45960,district_apportioned
361240,45960,district_apportioned
361250,45960,district_apportioned
361280,45960,district_apportioned
361305,45960,district_apportioned
361306,45960,district_apportioned
361310,45960,district_apportioned
361315,45960,district_apportioned
361320,45960,district_apportioned
361325,45960,district_apportioned
361330,45960,district_apportioned
361335,45960,district_apportioned
361345,45960,district_apportioned
361347,45960,district_apportioned
361350,45960,district_apportioned
362001,51756,district_apportioned
362002,51756,district_apportioned
362004,51756,district_apportioned
362011,51756,district_apportioned
362015,51756,district_apportioned
362020,51756,district_apportioned
362030,51756,district_apportioned
362037,51756,district_apportioned
362110,51756,district_apportioned
362120,51756,district_apportioned
362130,51756,district_apportioned
362135,51756,district_apportioned
362140,51756,district_apportioned
362150,51756,district_apportioned
362205,51756,district_apportioned
362215,51756,district_apportioned
362220,51756,district_apportioned
362222,51756,district_apportioned
362225,51756,district_apportioned
362226,51756,district_apportioned
362227,51756,district_apportioned
362229,51756,district_apportioned
362230,51756,district_apportioned
362235,51756,district_apportioned
362240,51756,district_apportioned
362245,51756,district_apportioned
362250,51756,district_apportioned
362255,51756,district_apportioned
362260,51756,district_apportioned
362263,51756,district_apportioned
362265,51756,district_apportioned
362266,51756,district_apportioned
362268,51756,district_apportioned
362275,51756,district_apportioned
362276,51756,district_apportioned
362310,51756,district_apportioned
362315,51756,district_apportioned
362510,51756,district_apportioned
362520,17358,district_apportioned
362530,51756,district_apportioned
362540,17358,district_apportioned
362550,51756,district_apportioned
362560,51756,district_apportioned
362565,51756,district_apportioned
362570,17358,district_apportioned
362610,51756,district_apportioned
362620,51756,district_apportioned
362625,51756,district_apportioned
362630,51756,district_apportioned
362640,51756,district_apportioned
362650,51756,district_apportioned
362710,51756,district_apportioned
362715,51756,district_apportioned
362720,51756,district_apportioned
362725,51756,district_apportioned
362730,45885,district_apportioned
363001,56654,district_apportioned
363002,56654,district_apportioned
363020,56654,district_apportioned
363030,56654,district_apportioned
363035,56654,district_apportioned
363040,56654,district_apportioned
363110,56654,district_apportioned
363115,56654,district_apportioned
363310,56654,district_apportioned
363320,56654,district_apportioned
363330,56654,district_apportioned
363331,59139,district_apportioned
363351,56654,district_apportioned
363410,56654,district_apportioned
363421,56654,district_apportioned
363423,56654,district_apportioned
363425,56654,district_apportioned
363427,56654,district_apportioned
363430,56654,district_apportioned
363435,56654,district_apportioned
363440,56654,district_apportioned
363510,56654,district_apportioned
363520,56654,district_apportioned
363530,56654,district_apportioned
363621,77644,district_apportioned
363630,77644,district_apportioned
363635,77644,district_apportioned
363641,77644,district_apportioned
363642,77644,district_apportioned
363643,77644,district_apportioned
363650,77644,district_apportioned
363655,45960,district_apportioned
363660,77644,district_apportioned
363670,77644,district_apportioned
364001,66985,district_apportioned
364002,66985,district_apportioned
364003,66985,district_apportioned
364004,66985,district_apportioned
364005,66985,district_apportioned
364006,66985,district_apportioned
364050,66985,district_apportioned
364060,66985,district_apportioned
364070,66985,district_apportioned
364081,66985,district_apportioned
364110,66985,district_apportioned
364120,66985,district_apportioned
364130,66985,district_apportioned
364135,66985,district_apportioned
364140,66985,district_apportioned
364145,66985,district_apportioned
364150,66985,district_apportioned
364210,66985,district_apportioned
364230,66985,district_apportioned
364240,66985,district_apportioned
364250,66985,district_apportioned
364260,66985,district_apportioned
364265,66985,district_apportioned
364270,66985,district_apportioned
364275,66985,district_apportioned
364280,66985,district_apportioned
364290,66985,district_apportioned
364295,66985,district_apportioned
364310,66985,district_apportioned
364313,66985,district_apportioned
364320,66985,district_apportioned
364330,66985,district_apportioned
364465,77644,district_apportioned
364470,77644,district_apportioned
364485,77644,district_apportioned
364490,77644,district_apportioned
364505,66985,district_apportioned
364510,66985,district_apportioned
364515,45885,district_apportioned
364521,45885,district_apportioned
364522,45885,district_apportioned
364525,45885,district_apportioned
364530,66985,district_apportioned
364710,66985,district_apportioned
364720,66985,district_apportioned
364730,66985,district_apportioned
364740,66985,district_apportioned
364750,66985,district_apportioned
364760,66985,district_apportioned
364765,66985,district_apportioned
365220,45885,district_apportioned
365410,45885,district_apportioned
365421,45885,district_apportioned
365430,45885,district_apportioned
365435,45885,district_apportioned
365440,45885,district_apportioned
365450,45885,district_apportioned
365455,45885,district_apportioned
365456,45885,district_apportioned
365460,45885,district_apportioned
365480,45885,district_apportioned
365535,45885,district_apportioned
365540,45885,district_apportioned
365541,45885,district_apportioned
365545,45885,district_apportioned
365550,45885,district_apportioned
365555,45885,district_apportioned
365560,45885,district_apportioned
365565,45885,district_apportioned
365601,45885,district_apportioned
365610,45885,district_apportioned
365620,45885,district_apportioned
365630,45885,district_apportioned
365635,45885,district_apportioned
365640,45885,district_apportioned
365645,45885,district_apportioned
365650,45885,district_apportioned
365660,45885,district_apportioned
370001,36708,district_apportioned
370015,36708,district_apportioned
370020,36708,district_apportioned
370030,36708,district_apportioned
370040,36708,district_apportioned
370105,36708,district_apportioned
370110,36708,district_apportioned
370115,36708,district_apportioned
370130,36708,district_apportioned
370135,36708,district_apportioned
370140,36708,district_apportioned
370145,36708,district_apportioned
370150,36708,district_apportioned
370155,36708,district_apportioned
370160,36708,district_apportioned
370165,36708,district_apportioned
370201,36708,district_apportioned
370203,36708,district_apportioned
370205,36708,district_apportioned
370210,36708,district_apportioned
370230,36708,district_apportioned
370240,36708,district_apportioned
370405,36708,district_apportioned
370410,36708,district_apportioned
370415,36708,district_apportioned
370421,36708,district_apportioned
370425,36708,district_apportioned
370427,36708,district_apportioned
370430,36708,district_apportioned
370435,36708,district_apportioned
370445,36708,district_apportioned
370450,36708,district_apportioned
370455,36708,district_apportioned
370460,36708,district_apportioned
370465,36708,district_apportioned
370475,36708,district_apportioned
370485,36708,district_apportioned
370490,36708,district_apportioned
370510,36708,district_apportioned
370511,36708,district_apportioned
370601,36708,district_apportioned
370602,36708,district_apportioned
370605,36708,district_apportioned
370610,36708,district_apportioned
370615,36708,district_apportioned
370620,36708,district_apportioned
370625,36708,district_apportioned
370627,36708,district_apportioned
370630,36708,district_apportioned
370640,36708,district_apportioned
370645,36708,district_apportioned
370650,36708,district_apportioned
370655,36708,district_apportioned
370660,36708,district_apportioned
370665,36708,district_apportioned
370670,36708,district_apportioned
370675,36708,district_apportioned
380001,91319,district_apportioned
380002,91319,district_apportioned
380003,91319,district_apportioned
380004,91319,district_apportioned
380005,91319,district_apportioned
380006,91319,district_apportioned
380007,91319,district_apportioned
380008,91319,district_apportioned
380009,91319,district_apportioned
380013,91319,district_apportioned
380014,91319,district_apportioned
380015,91319,district_apportioned
380016,91319,district_apportioned
380018,91319,district_apportioned
380019,91319,district_apportioned
380021,91319,district_apportioned
380022,91319,district_apportioned
380023,91319,district_apportioned
380024,91319,district_apportioned
380026,91319,district_apportioned
380027,91319,district_apportioned
380028,91319,district_apportioned
380049,91319,district_apportioned
380050,91319,district_apportioned
380051,91319,district_apportioned
380052,91319,district_apportioned
380054,91319,district_apportioned
380055,91319,district_apportioned
380058,91319,district_apportioned
380059,91319,district_apportioned
380060,91319,district_apportioned
380061,91319,district_apportioned
380063,91319,district_apportioned
382006,40934,district_apportioned
382007,40934,district_apportioned
382010,40934,district_apportioned
382016,40934,district_apportioned
382021,40934,district_apportioned
382024,40934,district_apportioned
382028,40934,district_apportioned
382030,40934,district_apportioned
382041,40934,district_apportioned
382042,40934,district_apportioned
382045,40934,district_apportioned
382110,91319,district_apportioned
382115,91319,district_apportioned
382120,91319,district_apportioned
382130,56654,district_apportioned
382140,91319,district_apportioned
382145,91319,district_apportioned
382150,91319,district_apportioned
382165,45224,district_apportioned
382170,91319,district_apportioned
382210,91319,district_apportioned
382213,91319,district_apportioned
382220,91319,district_apportioned
382225,91319,district_apportioned
382230,91319,district_apportioned
382240,91319,district_apportioned
382245,91319,district_apportioned
382250,91319,district_apportioned
382255,91319,district_apportioned
382260,91319,district_apportioned
382265,91319,district_apportioned
382305,40934,district_apportioned
382308,40934,district_apportioned
382315,91319,district_apportioned
382320,40934,district_apportioned
382321,40934,district_apportioned
382330,91319,district_apportioned
382340,91319,district_apportioned
382345,91319,district_apportioned
382350,91319,district_apportioned
382355,40934,district_apportioned
382405,91319,district_apportioned
382415,91319,district_apportioned
382418,91319,district_apportioned
382421,91319,district_apportioned
382422,40934,district_apportioned
382423,40934,district_apportioned
382424,91319,district_apportioned
382425,91319,district_apportioned
382426,40934,district_apportioned
382427,91319,district_apportioned
382428,40934,district_apportioned
382430,91319,district_apportioned
382433,91319,district_apportioned
382435,91319,district_apportioned
382443,91319,district_apportioned
382445,91319,district_apportioned
382449,91319,district_apportioned
382450,91319,district_apportioned
382455,91319,district_apportioned
382460,91319,district_apportioned
382463,91319,district_apportioned
382465,91319,district_apportioned
382470,91319,district_apportioned
382475,91319,district_apportioned
382480,91319,district_apportioned
382481,91319,district_apportioned
382610,40934,district_apportioned
382620,40934,district_apportioned
382630,40934,district_apportioned
382640,40934,district_apportioned
382650,40934,district_apportioned
382705,45224,district_apportioned
382710,45224,district_apportioned
382715,45224,district_apportioned
382721,40934,district_apportioned
382725,40934,district_apportioned
382728,45224,district_apportioned
382729,40934,district_apportioned
382730,45224,district_apportioned
382732,45224,district_apportioned
382735,40934,district_apportioned
382740,40934,district_apportioned
382745,56654,district_apportioned
382750,56654,district_apportioned
382755,56654,district_apportioned
382760,56654,district_apportioned
382765,56654,district_apportioned
382775,56654,district_apportioned
382780,56654,district_apportioned
382810,40934,district_apportioned
382815,45224,district_apportioned
382820,45224,district_apportioned
382825,45224,district_apportioned
382830,45224,district_apportioned
382835,40934,district_apportioned
382840,45224,district_apportioned
382845,40934,district_apportioned
382850,45224,district_apportioned
382855,40934,district_apportioned
382860,45224,district_apportioned
382865,45224,district_apportioned
382870,45224,district_apportioned
383001,53969,district_apportioned
383006,53969,district_apportioned
383010,53969,district_apportioned
383030,53969,district_apportioned
383110,53969,district_apportioned
383120,53969,district_apportioned
383205,53969,district_apportioned
383210,53969,district_apportioned
383215,53969,district_apportioned
383220,53969,district_apportioned
383225,53969,district_apportioned
383230,53969,district_apportioned
383235,53969,district_apportioned
383240,53969,district_apportioned
383245,53969,district_apportioned
383246,53969,district_apportioned
383250,53969,district_apportioned
383251,53969,district_apportioned
383255,53969,district_apportioned
383260,53969,district_apportioned
383270,53969,district_apportioned
383275,53969,district_apportioned
383276,53969,district_apportioned
383305,53969,district_apportioned
383307,53969,district_apportioned
383310,53969,district_apportioned
383315,53969,district_apportioned
383316,53969,district_apportioned
383317,53969,district_apportioned
383320,53969,district_apportioned
383325,53969,district_apportioned
383330,53969,district_apportioned
383335,53969,district_apportioned
383340,53969,district_apportioned
383345,91319,district_apportioned
383350,53969,district_apportioned
383355,53969,district_apportioned
383410,53969,district_apportioned
383421,53969,district_apportioned
383422,53969,district_apportioned
383430,53969,district_apportioned
383434,53969,district_apportioned
383440,53969,district_apportioned
383450,53969,district_apportioned
383460,53969,district_apportioned
383462,53969,district_apportioned
384001,45224,district_apportioned
384002,45224,district_apportioned
384003,45224,district_apportioned
384012,45224,district_apportioned
384110,67187,district_apportioned
384120,45224,district_apportioned
384130,45224,district_apportioned
384140,45224,district_apportioned
384151,67187,district_apportioned
384160,45224,district_apportioned
384170,45224,district_apportioned
384205,45224,district_apportioned
384210,45224,district_apportioned
384212,45224,district_apportioned
384215,45224,district_apportioned
384220,67187,district_apportioned
384221,67187,district_apportioned
384225,67187,district_apportioned
384229,67187,district_apportioned
384230,67187,district_apportioned
384240,67187,district_apportioned
384241,67187,district_apportioned
384245,67187,district_apportioned
384246,67187,district_apportioned
384255,67187,district_apportioned
384260,45224,district_apportioned
384265,67187,district_apportioned
384272,67187,district_apportioned
384275,67187,district_apportioned
384285,67187,district_apportioned
384290,67187,district_apportioned
384305,45224,district_apportioned
384310,45224,district_apportioned
384315,45224,district_apportioned
384320,45224,district_apportioned
384325,45224,district_apportioned
384330,45224,district_apportioned
384335,45224,district_apportioned
384340,45224,district_apportioned
384345,45224,district_apportioned
384355,45224,district_apportioned
384360,45224,district_apportioned
384410,45224,district_apportioned
384421,45224,district_apportioned
384430,45224,district_apportioned
384435,45224,district_apportioned
385001,111447,district_apportioned
385010,111447,district_apportioned
385110,111447,district_apportioned
385120,111447,district_apportioned
385130,111447,district_apportioned
385135,111447,district_apportioned
385210,111447,district_apportioned
385310,111447,district_apportioned
385320,111447,district_apportioned
385330,111447,district_apportioned
385340,67187,district_apportioned
385350,67187,district_apportioned
385360,67187,district_apportioned
385410,111447,district_apportioned
385421,111447,district_apportioned
385505,111447,district_apportioned
385506,111447,district_apportioned
385510,111447,district_apportioned
385515,111447,district_apportioned
385520,111447,district_apportioned
385530,111447,district_apportioned
385535,111447,district_apportioned
385540,111447,district_apportioned
385545,111447,district_apportioned
385550,111447,district_apportioned
385555,111447,district_apportioned
385560,111447,district_apportioned
385565,111447,district_apportioned
385566,111447,district_apportioned
385570,111447,district_apportioned
385575,111447,district_apportioned
387001,41069,district_apportioned
387002,41069,district_apportioned
387003,41069,district_apportioned
387110,41069,district_apportioned
387115,41069,district_apportioned
387120,41069,district_apportioned
387130,41069,district_apportioned
387210,41069,district_apportioned
387220,41034,district_apportioned
387230,41069,district_apportioned
387240,41034,district_apportioned
387305,41069,district_apportioned
387310,41034,district_apportioned
387315,41069,district_apportioned
387320,41069,district_apportioned
387325,41069,district_apportioned
387330,41069,district_apportioned
387335,41069,district_apportioned
387340,41069,district_apportioned
387345,41069,district_apportioned
387350,41069,district_apportioned
387355,41069,district_apportioned
387360,41069,district_apportioned
387365,41069,district_apportioned
387370,41069,district_apportioned
387375,41069,district_apportioned
387380,41069,district_apportioned
387411,41069,district_apportioned
387430,41069,district_apportioned
387510,41069,district_apportioned
387520,41069,district_apportioned
387530,41069,district_apportioned
387540,41069,district_apportioned
387550,41069,district_apportioned
387560,41069,district_apportioned
387570,41069,district_apportioned
387610,41069,district_apportioned
387620,41069,district_apportioned
387630,41069,district_apportioned
387635,41069,district_apportioned
387640,41069,district_apportioned
387650,41069,district_apportioned
387710,41069,district_apportioned
388001,41034,district_apportioned
388110,41034,district_apportioned
388120,41034,district_apportioned
388121,41034,district_apportioned
388130,41034,district_apportioned
388140,41069,district_apportioned
388150,41034,district_apportioned
388160,41034,district_apportioned
388170,41034,district_apportioned
388180,41069,district_apportioned
388205,41034,district_apportioned
388210,41034,district_apportioned
388215,41069,district_apportioned
388220,41069,district_apportioned
388225,41069,district_apportioned
388230,41069,district_apportioned
388235,41069,district_apportioned
388239,41069,district_apportioned
388245,41069,district_apportioned
388250,41069,district_apportioned
388255,41069,district_apportioned
388260,41069,district_apportioned
388265,41069,district_apportioned
388270,95631,district_apportioned
388305,41034,district_apportioned
388306,41034,district_apportioned
388307,41034,district_apportioned
388310,41034,district_apportioned
388315,41034,district_apportioned
388320,41034,district_apportioned
388325,41034,district_apportioned
388330,41034,district_apportioned
388335,41034,district_apportioned
388340,41034,district_apportioned
388345,41034,district_apportioned
388350,41034,district_apportioned
388355,41034,district_apportioned
388360,41034,district_apportioned
388365,41034,district_apportioned
388370,41034,district_apportioned
388410,41069,district_apportioned
388421,41069,district_apportioned
388430,41034,district_apportioned
388440,41069,district_apportioned
388450,41034,district_apportioned
388460,41034,district_apportioned
388465,41034,district_apportioned
388470,41034,district_apportioned
388480,41034,district_apportioned
388510,41034,district_apportioned
388520,41034,district_apportioned
388530,41034,district_apportioned
388540,41034,district_apportioned
388543,41034,district_apportioned
388545,41034,district_apportioned
388550,41034,district_apportioned
388560,41034,district_apportioned
388570,41034,district_apportioned
388580,41034,district_apportioned
388590,41034,district_apportioned
388610,41034,district_apportioned
388620,41034,district_apportioned
388625,41034,district_apportioned
388630,41034,district_apportioned
388640,41034,district_apportioned
388710,55542,district_apportioned
388713,95631,district_apportioned
389001,95631,district_apportioned
389002,95631,district_apportioned
389110,59139,district_apportioned
389115,95631,district_apportioned
389120,95631,district_apportioned
389130,59139,district_apportioned
389140,59139,district_apportioned
389146,59139,district_apportioned
389151,59139,district_apportioned
389152,59139,district_apportioned
389154,59139,district_apportioned
389155,59139,district_apportioned
389160,59139,district_apportioned
389170,59139,district_apportioned
389172,59139,district_apportioned
389175,59139,district_apportioned
389180,59139,district_apportioned
389190,59139,district_apportioned
389210,95631,district_apportioned
389220,95631,district_apportioned
389230,95631,district_apportioned
389232,95631,district_apportioned
389235,95631,district_apportioned
389240,95631,district_apportioned
389250,95631,district_apportioned
389260,95631,district_apportioned
389265,95631,district_apportioned
389310,95631,district_apportioned
389320,95631,district_apportioned
389330,95631,district_apportioned
389340,95631,district_apportioned
389341,95631,district_apportioned
389350,95631,district_apportioned
389360,95631,district_apportioned
389365,95631,district_apportioned
389370,95631,district_apportioned
389380,59139,district_apportioned
389382,59139,district_apportioned
389390,95631,district_apportioned
390001,55542,district_apportioned
390002,55542,district_apportioned
390003,55542,district_apportioned
390004,55542,district_apportioned
390006,55542,district_apportioned
390007,55542,district_apportioned
390008,55542,district_apportioned
390009,55542,district_apportioned
390010,55542,district_apportioned
390011,55542,district_apportioned
390012,55542,district_apportioned
390013,55542,district_apportioned
390014,55542,district_apportioned
390016,55542,district_apportioned
390017,55542,district_apportioned
390018,55542,district_apportioned
390019,55542,district_apportioned
390020,55542,district_apportioned
390021,55542,district_apportioned
390022,55542,district_apportioned
390023,55542,district_apportioned
390024,55542,district_apportioned
390025,55542,district_apportioned
391101,55542,district_apportioned
391105,55542,district_apportioned
391107,55542,district_apportioned
391110,118059,district_apportioned
391115,55542,district_apportioned
391120,118059,district_apportioned
391121,118059,district_apportioned
391125,55542,district_apportioned
391130,55542,district_apportioned
391135,55542,district_apportioned
391140,55542,district_apportioned
391145,55542,district_apportioned
391150,55542,district_apportioned
391152,55542,district_apportioned
391155,55542,district_apportioned
391156,55542,district_apportioned
391160,55542,district_apportioned
391165,55542,district_apportioned
391168,55542,district_apportioned
391170,55542,district_apportioned
391175,55542,district_apportioned
391210,55542,district_apportioned
391220,55542,district_apportioned
391240,55542,district_apportioned
391243,55542,district_apportioned
391244,55542,district_apportioned
391250,55542,district_apportioned
391310,55542,district_apportioned
391320,55542,district_apportioned
391330,55542,district_apportioned
391340,55542,district_apportioned
391345,55542,district_apportioned
391346,55542,district_apportioned
391350,55542,district_apportioned
391410,55542,district_apportioned
391421,55542,district_apportioned
391430,55542,district_apportioned
391440,55542,district_apportioned
391445,55542,district_apportioned
391450,55542,district_apportioned
391510,55542,district_apportioned
391520,55542,district_apportioned
391530,55542,district_apportioned
391740,55542,district_apportioned
391745,55542,district_apportioned
391750,55542,district_apportioned
391760,55542,district_apportioned
391761,55542,district_apportioned
391770,55542,district_apportioned
391774,55542,district_apportioned
391775,55542,district_apportioned
391776,55542,district_apportioned
391780,55542,district_apportioned
391810,35250,district_apportioned
392001,35250,district_apportioned
392011,35250,district_apportioned
392012,35250,district_apportioned
392015,35250,district_apportioned
392020,35250,district_apportioned
392025,35250,district_apportioned
392030,35250,district_apportioned
392035,35250,district_apportioned
392040,35250,district_apportioned
392110,35250,district_apportioned
392130,35250,district_apportioned
392135,35250,district_apportioned
392140,35250,district_apportioned
392150,68329,district_apportioned
392155,35250,district_apportioned
392160,35250,district_apportioned
392165,35250,district_apportioned
392170,35250,district_apportioned
392180,35250,district_apportioned
392210,35250,district_apportioned
392215,35250,district_apportioned
392220,35250,district_apportioned
392230,35250,district_apportioned
392240,35250,district_apportioned
392310,55542,district_apportioned
393001,35250,district_apportioned
393002,35250,district_apportioned
393010,35250,district_apportioned
393017,35250,district_apportioned
393020,35250,district_apportioned
393025,35250,district_apportioned
393030,35250,district_apportioned
393040,35250,district_apportioned
393041,35250,district_apportioned
393050,68329,district_apportioned
393105,118059,district_apportioned
393110,35250,district_apportioned
393115,35250,district_apportioned
393120,35250,district_apportioned
393125,68329,district_apportioned
393130,68329,district_apportioned
393135,35250,district_apportioned
393140,118059,district_apportioned
393145,35250,district_apportioned
393150,35250,district_apportioned
393151,35250,district_apportioned
393155,35250,district_apportioned
394101,68329,district_apportioned
394105,68329,district_apportioned
394107,68329,district_apportioned
394110,68329,district_apportioned
394111,68329,district_apportioned
394115,35250,district_apportioned
394116,35250,district_apportioned
394120,68329,district_apportioned
394125,68329,district_apportioned
394130,68329,district_apportioned
394140,68329,district_apportioned
394150,68329,district_apportioned
394155,68329,district_apportioned
394160,68329,district_apportioned
394163,68329,district_apportioned
394170,68329,district_apportioned
394180,68329,district_apportioned
394185,68329,district_apportioned
394190,68329,district_apportioned
394210,68329,district_apportioned
394221,68329,district_apportioned
394230,68329,district_apportioned
394235,68329,district_apportioned
394240,68329,district_apportioned
394245,68329,district_apportioned
394246,68329,district_apportioned
394248,68329,district_apportioned
394250,68329,district_apportioned
394270,68329,district_apportioned
394305,68329,district_apportioned
394310,68329,district_apportioned
394315,68329,district_apportioned
394317,68329,district_apportioned
394320,68329,district_apportioned
394325,68329,district_apportioned
394326,68329,district_apportioned
394327,68329,district_apportioned
394330,68329,district_apportioned
394335,68329,district_apportioned
394340,68329,district_apportioned
394345,68329,district_apportioned
394350,68329,district_apportioned
394352,68329,district_apportioned
394355,68329,district_apportioned
394360,68329,district_apportioned
394365,73366,district_apportioned
394370,68329,district_apportioned
394375,73366,district_apportioned
394380,73366,district_apportioned
394405,68329,district_apportioned
394410,68329,district_apportioned
394421,68329,district_apportioned
394430,68329,district_apportioned
394440,68329,district_apportioned
394445,68329,district_apportioned
394510,68329,district_apportioned
394515,68329,district_apportioned
394516,68329,district_apportioned
394517,68329,district_apportioned
394518,68329,district_apportioned
394520,68329,district_apportioned
394530,68329,district_apportioned
394540,68329,district_apportioned
394541,68329,district_apportioned
394550,68329,district_apportioned
394601,68329,district_apportioned
394620,68329,district_apportioned
394630,73366,district_apportioned
394633,73366,district_apportioned
394635,73366,district_apportioned
394640,68329,district_apportioned
394641,73366,district_apportioned
394650,68329,district_apportioned
394651,73366,district_apportioned
394652,73366,district_apportioned
394655,73366,district_apportioned
394660,68329,district_apportioned
394670,68329,district_apportioned
394680,73366,district_apportioned
394690,68329,district_apportioned
394710,114146,district_apportioned
394715,68329,district_apportioned
394716,68329,district_apportioned
394720,114146,district_apportioned
394730,33242,district_apportioned
394810,35250,district_apportioned
395001,68329,district_apportioned
395002,68329,district_apportioned
395003,68329,district_apportioned
395004,68329,district_apportioned
395005,68329,district_apportioned
395006,68329,district_apportioned
395007,68329,district_apportioned
395008,68329,district_apportioned
395009,68329,district_apportioned
395010,68329,district_apportioned
395011,68329,district_apportioned
395012,68329,district_apportioned
395013,68329,district_apportioned
395017,68329,district_apportioned
395023,68329,district_apportioned
396001,53302,district_apportioned
396002,53302,district_apportioned
396007,53302,district_apportioned
396020,53302,district_apportioned
396030,53302,district_apportioned
396035,53302,district_apportioned
396040,33242,district_apportioned
396045,53302,district_apportioned
396050,53302,district_apportioned
396051,53302,district_apportioned
396055,53302,district_apportioned
396060,33242,district_apportioned
396065,53302,district_apportioned
396067,53302,district_apportioned
396105,53302,district_apportioned
396110,33242,district_apportioned
396115,53302,district_apportioned
396120,53302,district_apportioned
396125,53302,district_apportioned
396126,53302,district_apportioned
396130,53302,district_apportioned
396135,53302,district_apportioned
396140,53302,district_apportioned
396145,53302,district_apportioned
396150,53302,district_apportioned
396155,53302,district_apportioned
396165,53302,district_apportioned
396170,53302,district_apportioned
396171,53302,district_apportioned
396180,53302,district_apportioned
396185,53302,district_apportioned
396191,53302,district_apportioned
396193,85927,district_apportioned
396195,53302,district_apportioned
396210,63724,district_apportioned
396215,63724,district_apportioned
396220,63724,district_apportioned
396230,85927,district_apportioned
396235,85927,district_apportioned
396240,85927,district_apportioned
396310,33242,district_apportioned
396321,33242,district_apportioned
396325,33242,district_apportioned
396350,33242,district_apportioned
396360,33242,district_apportioned
396370,33242,district_apportioned
396375,53302,district_apportioned
396380,33242,district_apportioned
396385,53302,district_apportioned
396403,33242,district_apportioned
396406,33242,district_apportioned
396409,33242,district_apportioned
396412,33242,district_apportioned
396415,33242,district_apportioned
396418,33242,district_apportioned
396421,33242,district_apportioned
396424,33242,district_apportioned
396427,33242,district_apportioned
396430,33242,district_apportioned
396433,33242,district_apportioned
396436,33242,district_apportioned
396439,33242,district_apportioned
396440,33242,district_apportioned
396445,33242,district_apportioned
396450,33242,district_apportioned
396460,33242,district_apportioned
396463,33242,district_apportioned
396466,33242,district_apportioned
396469,33242,district_apportioned
396472,33242,district_apportioned
396475,33242,district_apportioned
396510,68329,district_apportioned
396521,33242,district_apportioned
396530,33242,district_apportioned
396540,33242,district_apportioned
396560,33242,district_apportioned
396570,33242,district_apportioned
396580,33242,district_apportioned
396590,33242,district_apportioned
400001,35061,district_apportioned
400002,35061,district_apportioned
400003,35061,district_apportioned
400004,35061,district_apportioned
400005,35061,district_apportioned
400006,35061,district_apportioned
400007,35061,district_apportioned
400008,35061,district_apportioned
400009,35061,district_apportioned
400010,35061,district_apportioned
400011,35061,district_apportioned
400012,35061,district_apportioned
400013,35061,district_apportioned
400014,35061,district_apportioned
400015,35061,district_apportioned
400016,35061,district_apportioned
400017,35061,district_apportioned
400018,35061,district_apportioned
400019,35061,district_apportioned
400020,35061,district_apportioned
400021,70988,district_apportioned
400022,35061,district_apportioned
400024,35061,district_apportioned
400025,35061,district_apportioned
400026,35061,district_apportioned
400027,35061,district_apportioned
400028,35061,district_apportioned
400029,35061,district_apportioned
400030,35061,district_apportioned
400031,35061,district_apportioned
400032,35061,district_apportioned
400033,35061,district_apportioned
400034,35061,district_apportioned
400035,35061,district_apportioned
400037,35061,district_apportioned
400042,35061,district_apportioned
400043,35061,district_apportioned
400049,35061,district_apportioned
400050,35061,district_apportioned
400051,35061,district_apportioned
400052,35061,district_apportioned
400053,35061,district_apportioned
400054,35061,district_apportioned
400055,35061,district_apportioned
400056,35061,district_apportioned
400057,35061,district_apportioned
400058,35061,district_apportioned
400059,35061,district_apportioned
400060,35061,district_apportioned
400061,35061,district_apportioned
400063,35061,district_apportioned
400064,35061,district_apportioned
400065,35061,district_apportioned
400066,35061,district_apportioned
400067,35061,district_apportioned
400068,35061,district_apportioned
400069,35061,district_apportioned
400070,35061,district_apportioned
400071,35061,district_apportioned
400072,35061,district_apportioned
400074,35061,district_apportioned
400075,35061,district_apportioned
400076,35061,district_apportioned
400077,35061,district_apportioned
400078,35061,district_apportioned
400079,35061,district_apportioned
400080,35061,district_apportioned
400081,35061,district_apportioned
400082,35061,district_apportioned
400083,35061,district_apportioned
400084,35061,district_apportioned
400085,35061,district_apportioned
400086,35061,district_apportioned
400087,35061,district_apportioned
400088,35061,district_apportioned
400089,35061,district_apportioned
400091,35061,district_apportioned
400092,35061,district_apportioned
400093,35061,district_apportioned
400094,35061,district_apportioned
400095,35061,district_apportioned
400096,35061,district_apportioned
400097,35061,district_apportioned
400098,35061,district_apportioned
400099,35061,district_apportioned
400101,35061,district_apportioned
400102,35061,district_apportioned
400103,35061,district_apportioned
400104,35061,district_apportioned
400601,122891,district_apportioned
400602,122891,district_apportioned
400603,122891,district_apportioned
400604,122891,district_apportioned
400605,122891,district_apportioned
400606,122891,district_apportioned
400607,122891,district_apportioned
400608,122891,district_apportioned
400610,122891,district_apportioned
400612,122891,district_apportioned
400614,122891,district_apportioned
400615,122891,district_apportioned
400701,122891,district_apportioned
400702,70988,district_apportioned
400703,122891,district_apportioned
400704,70988,district_apportioned
400706,122891,district_apportioned
400707,70988,district_apportioned
400708,122891,district_apportioned
400709,122891,district_apportioned
400710,122891,district_apportioned
401101,122891,district_apportioned
401102,122891,district_apportioned
401103,122891,district_apportioned
401105,122891,district_apportioned
401106,122891,district_apportioned
401107,122891,district_apportioned
401201,122891,district_apportioned
401202,122891,district_apportioned
401203,122891,district_apportioned
401204,122891,district_apportioned
401206,122891,district_apportioned
401207,122891,district_apportioned
401208,122891,district_apportioned
401209,122891,district_apportioned
401301,122891,district_apportioned
401302,122891,district_apportioned
401303,122891,district_apportioned
401304,122891,district_apportioned
401305,122891,district_apportioned
401401,122891,district_apportioned
401402,122891,district_apportioned
401403,122891,district_apportioned
401404,122891,district_apportioned
401405,122891,district_apportioned
401501,122891,district_apportioned
401502,122891,district_apportioned
401503,122891,district_apportioned
401504,122891,district_apportioned
401506,122891,district_apportioned
401601,122891,district_apportioned
401602,122891,district_apportioned
401603,122891,district_apportioned
401604,122891,district_apportioned
401605,122891,district_apportioned
401606,122891,district_apportioned
401607,122891,district_apportioned
401608,122891,district_apportioned
401609,122891,district_apportioned
401610,122891,district_apportioned
401701,122891,district_apportioned
401702,122891,district_apportioned
401703,122891,district_apportioned
402101,70988,district_apportioned
402102,70988,district_apportioned
402103,70988,district_apportioned
402104,70988,district_apportioned
402105,70988,district_apportioned
402106,70988,district_apportioned
402107,70988,district_apportioned
402108,70988,district_apportioned
402109,70988,district_apportioned
402110,70988,district_apportioned
402111,70988,district_apportioned
402112,70988,district_apportioned
402113,70988,district_apportioned
402114,70988,district_apportioned
402115,70988,district_apportioned
402116,70988,district_apportioned
402117,70988,district_apportioned
402120,70988,district_apportioned
402122,70988,district_apportioned
402125,70988,district_apportioned
402126,70988,district_apportioned
402201,70988,district_apportioned
402202,70988,district_apportioned
402203,70988,district_apportioned
402204,70988,district_apportioned
402207,70988,district_apportioned
402208,70988,district_apportioned
402209,70988,district_apportioned
402301,70988,district_apportioned
402302,70988,district_apportioned
402303,70988,district_apportioned
402304,70988,district_apportioned
402305,70988,district_apportioned
402306,70988,district_apportioned
402307,70988,district_apportioned
402308,70988,district_apportioned
402309,70988,district_apportioned
402401,70988,district_apportioned
402402,70988,district_apportioned
402403,70988,district_apportioned
402404,70988,district_apportioned
403001,19023,district_apportioned
403002,19023,district_apportioned
403004,19023,district_apportioned
403005,19023,district_apportioned
403006,19023,district_apportioned
403101,19023,district_apportioned
403102,19023,district_apportioned
403103,19023,district_apportioned
403104,19023,district_apportioned
403105,14234,district_apportioned
403106,14234,district_apportioned
403107,14234,district_apportioned
403108,19023,district_apportioned
403109,19023,district_apportioned
403110,19023,district_apportioned
403114,19023,district_apportioned
403115,14234,district_apportioned
403201,19023,district_apportioned
403202,19023,district_apportioned
403203,19023,district_apportioned
403204,19023,district_apportioned
403206,19023,district_apportioned
403401,14234,district_apportioned
403402,19023,district_apportioned
403403,19023,district_apportioned
403404,14234,district_apportioned
403406,14234,district_apportioned
403409,14234,district_apportioned
403410,14234,district_apportioned
403501,19023,district_apportioned
403502,19023,district_apportioned
403503,19023,district_apportioned
403504,19023,district_apportioned
403505,19023,district_apportioned
403506,19023,district_apportioned
403507,19023,district_apportioned
403508,19023,district_apportioned
403509,19023,district_apportioned
403510,19023,district_apportioned
403511,19023,district_apportioned
403512,19023,district_apportioned
403513,19023,district_apportioned
403515,19023,district_apportioned
403516,19023,district_apportioned
403517,19023,district_apportioned
403521,19023,district_apportioned
403523,19023,district_apportioned
403524,19023,district_apportioned
403526,19023,district_apportioned
403527,19023,district_apportioned
403529,19023,district_apportioned
403530,19023,district_apportioned
403601,14234,district_apportioned
403602,14234,district_apportioned
403701,14234,district_apportioned
403702,14234,district_apportioned
403703,14234,district_apportioned
403704,14234,district_apportioned
403705,14234,district_apportioned
403706,14234,district_apportioned
403707,14234,district_apportioned
403708,14234,district_apportioned
403709,14234,district_apportioned
403710,14234,district_apportioned
403711,14234,district_apportioned
403712,14234,district_apportioned
403713,14234,district_apportioned
403714,14234,district_apportioned
403715,14234,district_apportioned
403716,14234,district_apportioned
403717,14234,district_apportioned
403718,14234,district_apportioned
403719,14234,district_apportioned
403720,14234,district_apportioned
403721,14234,district_apportioned
403722,14234,district_apportioned
403723,14234,district_apportioned
403724,14234,district_apportioned
403725,14234,district_apportioned
403726,14234,district_apportioned
403728,14234,district_apportioned
403729,14234,district_apportioned
403731,14234,district_apportioned
403801,14234,district_apportioned
403802,14234,district_apportioned
403803,14234,district_apportioned
403804,14234,district_apportioned
403806,14234,district_apportioned
410101,70988,district_apportioned
410102,70988,district_apportioned
410201,70988,district_apportioned
410202,70988,district_apportioned
410203,70988,district_apportioned
410204,70988,district_apportioned
410205,70988,district_apportioned
410206,70988,district_apportioned
410207,70988,district_apportioned
410208,70988,district_apportioned
410210,70988,district_apportioned
410216,70988,district_apportioned
410218,70988,district_apportioned
410220,70988,district_apportioned
410221,70988,district_apportioned
410222,70988,district_apportioned
410301,66404,district_apportioned
410302,66404,district_apportioned
410401,66404,district_apportioned
410402,66404,district_apportioned
410403,66404,district_apportioned
410405,66404,district_apportioned
410406,66404,district_apportioned
410501,66404,district_apportioned
410502,66404,district_apportioned
410503,66404,district_apportioned
410504,66404,district_apportioned
410505,66404,district_apportioned
410506,66404,district_apportioned
410507,66404,district_apportioned
410508,66404,district_apportioned
410509,66404,district_apportioned
410510,66404,district_apportioned
410511,66404,district_apportioned
410512,66404,district_apportioned
410513,66404,district_apportioned
410515,66404,district_apportioned
410516,66404,district_apportioned
411001,66404,district_apportioned
411002,66404,district_apportioned
411003,66404,district_apportioned
411004,66404,district_apportioned
411005,66404,district_apportioned
411006,66404,district_apportioned
411007,66404,district_apportioned
411008,66404,district_apportioned
411009,66404,district_apportioned
411011,66404,district_apportioned
411012,66404,district_apportioned
411013,66404,district_apportioned
411014,66404,district_apportioned
411015,66404,district_apportioned
411016,66404,district_apportioned
411017,66404,district_apportioned
411018,66404,district_apportioned
411019,66404,district_apportioned
411020,66404,district_apportioned
411021,66404,district_apportioned
411022,66404,district_apportioned
411023,66404,district_apportioned
411024,66404,district_apportioned
411025,66404,district_apportioned
411026,66404,district_apportioned
411027,66404,district_apportioned
411028,66404,district_apportioned
411030,66404,district_apportioned
411031,66404,district_apportioned
411032,66404,district_apportioned
411033,66404,district_apportioned
411034,66404,district_apportioned
411035,66404,district_apportioned
411036,66404,district_apportioned
411037,66404,district_apportioned
411038,66404,district_apportioned
411039,66404,district_apportioned
411040,66404,district_apportioned
411041,66404,district_apportioned
411042,66404,district_apportioned
411043,66404,district_apportioned
411044,66404,district_apportioned
411045,66404,district_apportioned
411046,66404,district_apportioned
411047,66404,district_apportioned
411048,66404,district_apportioned
411051,66404,district_apportioned
411052,66404,district_apportioned
411057,66404,district_apportioned
411058,66404,district_apportioned
411060,66404,district_apportioned
411061,66404,district_apportioned
411062,66404,district_apportioned
411067,66404,district_apportioned
411068,66404,district_apportioned
412101,66404,district_apportioned
412102,66404,district_apportioned
412103,66404,district_apportioned
412104,66404,district_apportioned
412105,66404,district_apportioned
412106,66404,district_apportioned
412107,66404,district_apportioned
412108,66404,district_apportioned
412109,66404,district_apportioned
412110,66404,district_apportioned
412112,66404,district_apportioned
412115,66404,district_apportioned
412201,66404,district_apportioned
412202,66404,district_apportioned
412203,66404,district_apportioned
412204,66404,district_apportioned
412205,66404,district_apportioned
412206,38022,district_apportioned
412207,66404,district_apportioned
412208,66404,district_apportioned
412209,66404,district_apportioned
412210,66404,district_apportioned
412211,66404,district_apportioned
412212,66404,district_apportioned
412213,66404,district_apportioned
412214,66404,district_apportioned
412215,66404,district_apportioned
412216,66404,district_apportioned
412218,66404,district_apportioned
412219,66404,district_apportioned
412220,66404,district_apportioned
412301,66404,district_apportioned
412303,66404,district_apportioned
412304,66404,district_apportioned
412305,66404,district_apportioned
412306,66404,district_apportioned
412307,66404,district_apportioned
412308,66404,district_apportioned
412311,66404,district_apportioned
412312,66404,district_apportioned
412401,66404,district_apportioned
412402,66404,district_apportioned
412403,66404,district_apportioned
412404,66404,district_apportioned
412405,66404,district_apportioned
412406,66404,district_apportioned
412408,66404,district_apportioned
412409,66404,district_apportioned
412410,66404,district_apportioned
412411,66404,district_apportioned
412412,66404,district_apportioned
412801,38022,district_apportioned
412802,38022,district_apportioned
412803,38022,district_apportioned
412804,38022,district_apportioned
412805,38022,district_apportioned
412806,38022,district_apportioned
413001,61682,district_apportioned
413002,61682,district_apportioned
413003,61682,district_apportioned
413004,61682,district_apportioned
413005,61682,district_apportioned
413006,61682,district_apportioned
413007,61682,district_apportioned
413008,61682,district_apportioned
413101,61682,district_apportioned
413102,66404,district_apportioned
413103,66404,district_apportioned
413104,66404,district_apportioned
413105,66404,district_apportioned
413106,66404,district_apportioned
413107,61682,district_apportioned
413108,61682,district_apportioned
413109,61682,district_apportioned
413110,66404,district_apportioned
413111,61682,district_apportioned
413112,61682,district_apportioned
413113,61682,district_apportioned
413114,66404,district_apportioned
413115,66404,district_apportioned
413116,66404,district_apportioned
413118,61682,district_apportioned
413120,66404,district_apportioned
413130,66404,district_apportioned
413132,66404,district_apportioned
413133,66404,district_apportioned
413201,51627,district_apportioned
413202,61682,district_apportioned
413203,61682,district_apportioned
413204,51627,district_apportioned
413205,51627,district_apportioned
413206,61682,district_apportioned
413207,89140,district_apportioned
413208,61682,district_apportioned
413209,61682,district_apportioned
413210,61682,district_apportioned
413211,61682,district_apportioned
413212,61682,district_apportioned
413213,61682,district_apportioned
413214,61682,district_apportioned
413215,61682,district_apportioned
413216,61682,district_apportioned
413217,61682,district_apportioned
413218,61682,district_apportioned
413219,61682,district_apportioned
413220,61682,district_apportioned
413221,61682,district_apportioned
413222,61682,district_apportioned
413223,61682,district_apportioned
413224,61682,district_apportioned
413226,61682,district_apportioned
413227,61682,district_apportioned
413228,61682,district_apportioned
413229,89140,district_apportioned
413248,61682,district_apportioned
413249,89140,district_apportioned
413250,61682,district_apportioned
413251,61682,district_apportioned
413252,61682,district_apportioned
413253,61682,district_apportioned
413255,61682,district_apportioned
413301,61682,district_apportioned
413302,61682,district_apportioned
413303,61682,district_apportioned
413304,61682,district_apportioned
413305,61682,district_apportioned
413306,61682,district_apportioned
413307,61682,district_apportioned
413308,61682,district_apportioned
413309,61682,district_apportioned
413310,61682,district_apportioned
413314,61682,district_apportioned
413315,61682,district_apportioned
413317,61682,district_apportioned
413319,61682,district_apportioned
413322,61682,district_apportioned
413324,61682,district_apportioned
413401,61682,district_apportioned
413402,61682,district_apportioned
413403,61682,district_apportioned
413404,61682,district_apportioned
413405,40429,district_apportioned
413406,61682,district_apportioned
413409,61682,district_apportioned
413410,61682,district_apportioned
413411,61682,district_apportioned
413412,61682,district_apportioned
413501,40429,district_apportioned
413502,40429,district_apportioned
413503,40429,district_apportioned
413504,40429,district_apportioned
413505,40429,district_apportioned
413506,40429,district_apportioned
413507,40429,district_apportioned
413508,40429,district_apportioned
413509,40429,district_apportioned
413510,40429,district_apportioned
413511,40429,district_apportioned
413512,350599,district_apportioned
413513,350599,district_apportioned
413514,40429,district_apportioned
413515,350599,district_apportioned
413516,40429,district_apportioned
413517,40429,district_apportioned
413518,40429,district_apportioned
413519,350599,district_apportioned
413520,350599,district_apportioned
413521,40429,district_apportioned
413522,350599,district_apportioned
413523,40429,district_apportioned
413524,40429,district_apportioned
413525,40429,district_apportioned
413526,40429,district_apportioned
413527,40429,district_apportioned
413528,40429,district_apportioned
413529,40429,district_apportioned
413530,350599,district_apportioned
413531,40429,district_apportioned
413532,40429,district_apportioned
413534,40429,district_apportioned
413544,40429,district_apportioned
413581,40429,district_apportioned
413582,40429,district_apportioned
413601,40429,district_apportioned
413602,40429,district_apportioned
413603,40429,district_apportioned
413604,40429,district_apportioned
413605,40429,district_apportioned
413606,40429,district_apportioned
413607,40429,district_apportioned
413608,40429,district_apportioned
413623,40429,district_apportioned
413624,40429,district_apportioned
413701,51627,district_apportioned
413702,51627,district_apportioned
413703,51627,district_apportioned
413704,51627,district_apportioned
413705,51627,district_apportioned
413706,51627,district_apportioned
413707,51627,district_apportioned
413708,51627,district_apportioned
413709,51627,district_apportioned
413710,51627,district_apportioned
413711,51627,district_apportioned
413712,51627,district_apportioned
413713,51627,district_apportioned
413714,51627,district_apportioned
413715,51627,district_apportioned
413716,51627,district_apportioned
413717,51627,district_apportioned
413718,51627,district_apportioned
413719,51627,district_apportioned
413720,51627,district_apportioned
413721,51627,district_apportioned
413722,51627,district_apportioned
413723,51627,district_apportioned
413725,51627,district_apportioned
413726,51627,district_apportioned
413728,51627,district_apportioned
413736,51627,district_apportioned
413737,51627,district_apportioned
413738,51627,district_apportioned
413739,51627,district_apportioned
413801,66404,district_apportioned
413802,66404,district_apportioned
414001,51627,district_apportioned
414002,51627,district_apportioned
414003,51627,district_apportioned
414005,51627,district_apportioned
414006,51627,district_apportioned
414101,51627,district_apportioned
414102,51627,district_apportioned
414103,51627,district_apportioned
414105,51627,district_apportioned
414106,51627,district_apportioned
414110,51627,district_apportioned
414111,51627,district_apportioned
414113,51627,district_apportioned
414201,51627,district_apportioned
414202,89140,district_apportioned
414203,89140,district_apportioned
414204,89140,district_apportioned
414205,89140,district_apportioned
414208,89140,district_apportioned
414301,51627,district_apportioned
414302,51627,district_apportioned
414303,51627,district_apportioned
414304,51627,district_apportioned
414305,51627,district_apportioned
414306,51627,district_apportioned
414401,51627,district_apportioned
414402,51627,district_apportioned
414403,51627,district_apportioned
414501,51627,district_apportioned
414502,51627,district_apportioned
414503,51627,district_apportioned
414504,51627,district_apportioned
414505,51627,district_apportioned
414601,51627,district_apportioned
414602,51627,district_apportioned
414603,51627,district_apportioned
414604,51627,district_apportioned
414605,51627,district_apportioned
414606,51627,district_apportioned
414607,51627,district_apportioned
414609,51627,district_apportioned
414701,51627,district_apportioned
415001,38022,district_apportioned
415002,38022,district_apportioned
415003,38022,district_apportioned
415004,38022,district_apportioned
415010,38022,district_apportioned
415011,38022,district_apportioned
415012,38022,district_apportioned
415013,38022,district_apportioned
415014,38022,district_apportioned
415015,38022,district_apportioned
415019,38022,district_apportioned
415020,38022,district_apportioned
415021,38022,district_apportioned
415022,38022,district_apportioned
415023,38022,district_apportioned
415101,49063,district_apportioned
415102,38022,district_apportioned
415103,38022,district_apportioned
415104,38022,district_apportioned
415105,38022,district_apportioned
415106,38022,district_apportioned
415107,38022,district_apportioned
415108,38022,district_apportioned
415109,38022,district_apportioned
415110,38022,district_apportioned
415111,38022,district_apportioned
415112,38022,district_apportioned
415114,38022,district_apportioned
415115,38022,district_apportioned
415116,38022,district_apportioned
415122,38022,district_apportioned
415124,38022,district_apportioned
415202,22124,district_apportioned
415203,22124,district_apportioned
415205,38022,district_apportioned
415206,38022,district_apportioned
415207,38022,district_apportioned
415208,22124,district_apportioned
415209,38022,district_apportioned
415211,38022,district_apportioned
415212,38022,district_apportioned
415213,70988,district_apportioned
415214,22124,district_apportioned
415301,42760,district_apportioned
415302,42760,district_apportioned
415303,42760,district_apportioned
415304,42760,district_apportioned
415305,42760,district_apportioned
415306,42760,district_apportioned
415307,42760,district_apportioned
415308,42760,district_apportioned
415309,42760,district_apportioned
415310,42760,district_apportioned
415311,42760,district_apportioned
415312,38022,district_apportioned
415313,42760,district_apportioned
415315,42760,district_apportioned
415401,42760,district_apportioned
415402,42760,district_apportioned
415403,42760,district_apportioned
415404,42760,district_apportioned
415405,42760,district_apportioned
415406,42760,district_apportioned
415407,42760,district_apportioned
415408,42760,district_apportioned
415409,42760,district_apportioned
415410,42760,district_apportioned
415411,42760,district_apportioned
415412,42760,district_apportioned
415413,42760,district_apportioned
415414,42760,district_apportioned
415415,42760,district_apportioned
415501,38022,district_apportioned
415502,38022,district_apportioned
415503,38022,district_apportioned
415504,38022,district_apportioned
415505,38022,district_apportioned
415506,38022,district_apportioned
415507,38022,district_apportioned
415508,38022,district_apportioned
415509,38022,district_apportioned
415510,38022,district_apportioned
415511,38022,district_apportioned
415512,38022,district_apportioned
415513,38022,district_apportioned
415514,38022,district_apportioned
415515,38022,district_apportioned
415516,38022,district_apportioned
415517,38022,district_apportioned
415518,38022,district_apportioned
415519,38022,district_apportioned
415520,38022,district_apportioned
415521,38022,district_apportioned
415522,38022,district_apportioned
415523,38022,district_apportioned
415524,38022,district_apportioned
415525,38022,district_apportioned
415526,38022,district_apportioned
415527,38022,district_apportioned
415528,38022,district_apportioned
415530,38022,district_apportioned
415536,38022,district_apportioned
415537,38022,district_apportioned
415538,38022,district_apportioned
415539,38022,district_apportioned
415540,38022,district_apportioned
415601,22124,district_apportioned
415602,22124,district_apportioned
415603,22124,district_apportioned
415604,22124,district_apportioned
415605,22124,district_apportioned
415606,22124,district_apportioned
415607,22124,district_apportioned
415608,22124,district_apportioned
415609,22124,district_apportioned
415610,22124,district_apportioned
415611,22124,district_apportioned
415612,22124,district_apportioned
415613,22124,district_apportioned
415614,22124,district_apportioned
415615,22124,district_apportioned
415616,22124,district_apportioned
415617,22124,district_apportioned
415619,22124,district_apportioned
415620,22124,district_apportioned
415621,22124,district_apportioned
415626,22124,district_apportioned
415628,22124,district_apportioned
415629,22124,district_apportioned
415634,22124,district_apportioned
415637,22124,district_apportioned
415639,22124,district_apportioned
415640,22124,district_apportioned
415641,22124,district_apportioned
415643,22124,district_apportioned
415701,22124,district_apportioned
415702,22124,district_apportioned
415703,22124,district_apportioned
415705,22124,district_apportioned
415706,22124,district_apportioned
415708,22124,district_apportioned
415709,22124,district_apportioned
415710,22124,district_apportioned
415711,22124,district_apportioned
415712,22124,district_apportioned
415713,22124,district_apportioned
415714,22124,district_apportioned
415715,22124,district_apportioned
415716,22124,district_apportioned
415717,22124,district_apportioned
415718,22124,district_apportioned
415719,22124,district_apportioned
415720,22124,district_apportioned
415722,22124,district_apportioned
415724,22124,district_apportioned
415726,22124,district_apportioned
415727,22124,district_apportioned
415728,22124,district_apportioned
415729,22124,district_apportioned
415730,22124,district_apportioned
415801,22124,district_apportioned
415802,22124,district_apportioned
415803,22124,district_apportioned
415804,22124,district_apportioned
415805,22124,district_apportioned
415806,22124,district_apportioned
415807,22124,district_apportioned
416001,49063,district_apportioned
416002,49063,district_apportioned
416003,49063,district_apportioned
416004,49063,district_apportioned
416005,49063,district_apportioned
416006,49063,district_apportioned
416007,49063,district_apportioned
416008,49063,district_apportioned
416010,49063,district_apportioned
416011,49063,district_apportioned
416012,49063,district_apportioned
416013,49063,district_apportioned
416101,49063,district_apportioned
416102,49063,district_apportioned
416103,49063,district_apportioned
416104,49063,district_apportioned
416105,49063,district_apportioned
416106,49063,district_apportioned
416107,49063,district_apportioned
416108,49063,district_apportioned
416109,49063,district_apportioned
416110,49063,district_apportioned
416111,49063,district_apportioned
416112,49063,district_apportioned
416113,49063,district_apportioned
416114,49063,district_apportioned
416115,49063,district_apportioned
416116,49063,district_apportioned
416118,49063,district_apportioned
416119,49063,district_apportioned
416120,49063,district_apportioned
416121,49063,district_apportioned
416122,49063,district_apportioned
416138,49063,district_apportioned
416143,49063,district_apportioned
416144,49063,district_apportioned
416146,49063,district_apportioned
416201,49063,district_apportioned
416202,49063,district_apportioned
416203,49063,district_apportioned
416204,49063,district_apportioned
416205,49063,district_apportioned
416206,49063,district_apportioned
416207,49063,district_apportioned
416208,49063,district_apportioned
416209,49063,district_apportioned
416210,49063,district_apportioned
416211,49063,district_apportioned
416212,49063,district_apportioned
416213,49063,district_apportioned
416214,49063,district_apportioned
416215,49063,district_apportioned
416216,49063,district_apportioned
416218,49063,district_apportioned
416219,49063,district_apportioned
416220,49063,district_apportioned
416221,49063,district_apportioned
416223,49063,district_apportioned
416229,49063,district_apportioned
416230,49063,district_apportioned
416231,49063,district_apportioned
416232,49063,district_apportioned
416234,49063,district_apportioned
416235,49063,district_apportioned
416236,49063,district_apportioned
416301,42760,district_apportioned
416302,42760,district_apportioned
416303,42760,district_apportioned
416304,42760,district_apportioned
416305,42760,district_apportioned
416306,42760,district_apportioned
416307,42760,district_apportioned
416308,42760,district_apportioned
416309,42760,district_apportioned
416310,42760,district_apportioned
416311,42760,district_apportioned
416312,42760,district_apportioned
416313,42760,district_apportioned
416314,42760,district_apportioned
416315,42760,district_apportioned
416316,42760,district_apportioned
416401,42760,district_apportioned
416402,42760,district_apportioned
416403,42760,district_apportioned
416404,42760,district_apportioned
416405,42760,district_apportioned
416406,42760,district_apportioned
416407,42760,district_apportioned
416408,42760,district_apportioned
416409,42760,district_apportioned
416410,42760,district_apportioned
416411,42760,district_apportioned
416412,42760,district_apportioned
416413,42760,district_apportioned
416414,42760,district_apportioned
416415,42760,district_apportioned
416416,42760,district_apportioned
416417,42760,district_apportioned
416418,42760,district_apportioned
416419,42760,district_apportioned
416420,42760,district_apportioned
416436,42760,district_apportioned
416437,42760,district_apportioned
416501,49063,district_apportioned
416502,49063,district_apportioned
416503,49063,district_apportioned
416504,49063,district_apportioned
416505,49063,district_apportioned
416506,49063,district_apportioned
416507,49063,district_apportioned
416508,49063,district_apportioned
416509,49063,district_apportioned
416510,15734,district_apportioned
416511,15734,district_apportioned
416512,15734,district_apportioned
416513,15734,district_apportioned
416514,15734,district_apportioned
416515,15734,district_apportioned
416516,15734,district_apportioned
416517,15734,district_apportioned
416518,15734,district_apportioned
416519,15734,district_apportioned
416520,15734,district_apportioned
416521,15734,district_apportioned
416522,15734,district_apportioned
416523,15734,district_apportioned
416524,15734,district_apportioned
416525,15734,district_apportioned
416526,49063,district_apportioned
416527,49063,district_apportioned
416528,15734,district_apportioned
416529,15734,district_apportioned
416531,15734,district_apportioned
416534,15734,district_apportioned
416549,15734,district_apportioned
416550,15734,district_apportioned
416551,49063,district_apportioned
416552,49063,district_apportioned
416601,15734,district_apportioned
416602,15734,district_apportioned
416603,15734,district_apportioned
416604,15734,district_apportioned
416605,15734,district_apportioned
416606,15734,district_apportioned
416608,15734,district_apportioned
416609,15734,district_apportioned
416610,15734,district_apportioned
416611,15734,district_apportioned
416612,15734,district_apportioned
416613,15734,district_apportioned
416614,15734,district_apportioned
416615,15734,district_apportioned
416616,15734,district_apportioned
416620,15734,district_apportioned
416623,15734,district_apportioned
416626,15734,district_apportioned
416628,15734,district_apportioned
416630,15734,district_apportioned
416632,15734,district_apportioned
416701,22124,district_apportioned
416702,22124,district_apportioned
416703,15734,district_apportioned
416704,22124,district_apportioned
416705,22124,district_apportioned
416707,22124,district_apportioned
416709,22124,district_apportioned
416712,22124,district_apportioned
416713,22124,district_apportioned
416801,15734,district_apportioned
416803,15734,district_apportioned
416804,15734,district_apportioned
416805,15734,district_apportioned
416806,15734,district_apportioned
416807,15734,district_apportioned
416810,15734,district_apportioned
416811,15734,district_apportioned
416812,15734,district_apportioned
416813,15734,district_apportioned
421002,122891,district_apportioned
421004,122891,district_apportioned
421005,122891,district_apportioned
421101,122891,district_apportioned
421102,122891,district_apportioned
421103,122891,district_apportioned
421201,122891,district_apportioned
421202,122891,district_apportioned
421203,122891,district_apportioned
421204,122891,district_apportioned
421301,122891,district_apportioned
421302,122891,district_apportioned
421303,122891,district_apportioned
421305,122891,district_apportioned
421306,122891,district_apportioned
421308,122891,district_apportioned
421311,122891,district_apportioned
421312,122891,district_apportioned
421401,122891,district_apportioned
421402,122891,district_apportioned
421403,122891,district_apportioned
421501,122891,district_apportioned
421502,122891,district_apportioned
421503,122891,district_apportioned
421505,122891,district_apportioned
421506,122891,district_apportioned
421601,122891,district_apportioned
421602,122891,district_apportioned
421603,122891,district_apportioned
421605,122891,district_apportioned
422001,79314,district_apportioned
422002,79314,district_apportioned
422003,79314,district_apportioned
422004,79314,district_apportioned
422005,79314,district_apportioned
422006,79314,district_apportioned
422007,79314,district_apportioned
422008,79314,district_apportioned
422009,79314,district_apportioned
422010,79314,district_apportioned
422011,79314,district_apportioned
422012,79314,district_apportioned
422013,79314,district_apportioned
422101,79314,district_apportioned
422102,79314,district_apportioned
422103,79314,district_apportioned
422104,79314,district_apportioned
422105,79314,district_apportioned
422112,79314,district_apportioned
422113,79314,district_apportioned
422201,79314,district_apportioned
422202,79314,district_apportioned
422203,79314,district_apportioned
422204,79314,district_apportioned
422205,79314,district_apportioned
422206,79314,district_apportioned
422207,79314,district_apportioned
422208,79314,district_apportioned
422209,79314,district_apportioned
422210,79314,district_apportioned
422211,79314,district_apportioned
422212,79314,district_apportioned
422213,79314,district_apportioned
422214,79314,district_apportioned
422215,79314,district_apportioned
422221,79314,district_apportioned
422222,79314,district_apportioned
422301,79314,district_apportioned
422302,79314,district_apportioned
422303,79314,district_apportioned
422304,79314,district_apportioned
422305,79314,district_apportioned
422306,79314,district_apportioned
422308,79314,district_apportioned
422401,79314,district_apportioned
422402,79314,district_apportioned
422403,79314,district_apportioned
422501,79314,district_apportioned
422502,79314,district_apportioned
422601,51627,district_apportioned
422602,51627,district_apportioned
422603,51627,district_apportioned
422604,51627,district_apportioned
422605,51627,district_apportioned
422606,79314,district_apportioned
422608,51627,district_apportioned
422610,51627,district_apportioned
422611,51627,district_apportioned
422620,51627,district_apportioned
422622,51627,district_apportioned
423101,79314,district_apportioned
423102,79314,district_apportioned
423104,79314,district_apportioned
423105,79314,district_apportioned
423106,79314,district_apportioned
423107,51627,district_apportioned
423108,79314,district_apportioned
423109,51627,district_apportioned
423110,79314,district_apportioned
423111,79314,district_apportioned
423117,79314,district_apportioned
423201,79314,district_apportioned
423202,79314,district_apportioned
423203,79314,district_apportioned
423204,79314,district_apportioned
423205,79314,district_apportioned
423206,79314,district_apportioned
423208,79314,district_apportioned
423212,79314,district_apportioned
423213,79314,district_apportioned
423301,79314,district_apportioned
423302,79314,district_apportioned
423303,79314,district_apportioned
423401,79314,district_apportioned
423402,79314,district_apportioned
423403,79314,district_apportioned
423501,79314,district_apportioned
423502,79314,district_apportioned
423601,51627,district_apportioned
423602,51627,district_apportioned
423603,51627,district_apportioned
423604,51627,district_apportioned
423605,51627,district_apportioned
423607,51627,district_apportioned
423701,82251,district_apportioned
423702,82251,district_apportioned
423703,82251,district_apportioned
424001,73245,district_apportioned
424002,73245,district_apportioned
424004,73245,district_apportioned
424005,73245,district_apportioned
424006,73245,district_apportioned
424101,68224,district_apportioned
424102,68224,district_apportioned
424103,68224,district_apportioned
424104,68224,district_apportioned
424105,68224,district_apportioned
424106,68224,district_apportioned
424107,68224,district_apportioned
424108,68224,district_apportioned
424109,79314,district_apportioned
424119,68224,district_apportioned
424201,68224,district_apportioned
424202,68224,district_apportioned
424203,68224,district_apportioned
424204,68224,district_apportioned
424205,68224,district_apportioned
424206,68224,district_apportioned
424207,68224,district_apportioned
424208,68224,district_apportioned
424301,73245,district_apportioned
424302,73245,district_apportioned
424303,73245,district_apportioned
424304,73245,district_apportioned
424305,73245,district_apportioned
424306,73245,district_apportioned
424307,73245,district_apportioned
424308,73245,district_apportioned
424309,73245,district_apportioned
424310,73245,district_apportioned
424311,73245,district_apportioned
424318,73245,district_apportioned
425001,68224,district_apportioned
425002,68224,district_apportioned
425003,68224,district_apportioned
425004,68224,district_apportioned
425101,68224,district_apportioned
425102,68224,district_apportioned
425103,68224,district_apportioned
425104,68224,district_apportioned
425105,68224,district_apportioned
425107,68224,district_apportioned
425108,68224,district_apportioned
425109,68224,district_apportioned
425110,68224,district_apportioned
425111,68224,district_apportioned
425112,68224,district_apportioned
425113,68224,district_apportioned
425114,68224,district_apportioned
425115,68224,district_apportioned
425116,68224,district_apportioned
425201,68224,district_apportioned
425203,68224,district_apportioned
425301,68224,district_apportioned
425302,68224,district_apportioned
425303,68224,district_apportioned
425304,68224,district_apportioned
425305,68224,district_apportioned
425306,68224,district_apportioned
425307,68224,district_apportioned
425308,68224,district_apportioned
425309,68224,district_apportioned
425310,68224,district_apportioned
425311,68224,district_apportioned
425327,68224,district_apportioned
425401,68224,district_apportioned
425402,68224,district_apportioned
425403,73245,district_apportioned
425404,73245,district_apportioned
425405,73245,district_apportioned
425406,73245,district_apportioned
425407,73245,district_apportioned
425408,73245,district_apportioned
425409,96959,district_apportioned
425410,96959,district_apportioned
425411,96959,district_apportioned
425412,96959,district_apportioned
425413,73245,district_apportioned
425414,96959,district_apportioned
425415,96959,district_apportioned
425416,96959,district_apportioned
425417,96959,district_apportioned
425418,96959,district_apportioned
425419,96959,district_apportioned
425420,68224,district_apportioned
425421,73245,district_apportioned
425422,73245,district_apportioned
425423,96959,district_apportioned
425424,96959,district_apportioned
425426,96959,district_apportioned
425427,73245,district_apportioned
425428,73245,district_apportioned
425432,96959,district_apportioned
425442,96959,district_apportioned
425444,96959,district_apportioned
425452,96959,district_apportioned
425501,68224,district_apportioned
425502,68224,district_apportioned
425503,68224,district_apportioned
425504,68224,district_apportioned
425505,68224,district_apportioned
425506,68224,district_apportioned
425507,68224,district_apportioned
425508,68224,district_apportioned
425524,68224,district_apportioned
431001,82251,district_apportioned
431002,82251,district_apportioned
431003,82251,district_apportioned
431004,82251,district_apportioned
431005,82251,district_apportioned
431006,82251,district_apportioned
431007,82251,district_apportioned
431008,82251,district_apportioned
431009,82251,district_apportioned
431010,82251,district_apportioned
431011,82251,district_apportioned
431101,82251,district_apportioned
431102,82251,district_apportioned
431103,82251,district_apportioned
431104,82251,district_apportioned
431105,82251,district_apportioned
431107,82251,district_apportioned
431109,82251,district_apportioned
431110,82251,district_apportioned
431111,82251,district_apportioned
431112,82251,district_apportioned
431113,82251,district_apportioned
431114,82251,district_apportioned
431115,82251,district_apportioned
431116,82251,district_apportioned
431117,82251,district_apportioned
431118,82251,district_apportioned
431120,82251,district_apportioned
431121,82251,district_apportioned
431122,89140,district_apportioned
431123,89140,district_apportioned
431124,89140,district_apportioned
431125,89140,district_apportioned
431126,89140,district_apportioned
431127,89140,district_apportioned
431128,89140,district_apportioned
431129,89140,district_apportioned
431130,89140,district_apportioned
431131,89140,district_apportioned
431132,82251,district_apportioned
431133,82251,district_apportioned
431134,82251,district_apportioned
431135,82251,district_apportioned
431136,82251,district_apportioned
431137,82251,district_apportioned
431142,89140,district_apportioned
431143,89140,district_apportioned
431144,89140,district_apportioned
431147,82251,district_apportioned
431148,82251,district_apportioned
431150,82251,district_apportioned
431151,82251,district_apportioned
431152,82251,district_apportioned
431153,89140,district_apportioned
431154,82251,district_apportioned
431202,82251,district_apportioned
431203,108836,district_apportioned
431204,108836,district_apportioned
431205,108836,district_apportioned
431206,108836,district_apportioned
431207,108836,district_apportioned
431208,108836,district_apportioned
431209,108836,district_apportioned
431211,108836,district_apportioned
431212,108836,district_apportioned
431213,108836,district_apportioned
431214,108836,district_apportioned
431215,108836,district_apportioned
431401,114755,district_apportioned
431402,114755,district_apportioned
431501,108836,district_apportioned
431502,108836,district_apportioned
431503,108836,district_apportioned
431504,108836,district_apportioned
431505,114755,district_apportioned
431506,114755,district_apportioned
431507,108836,district_apportioned
431508,114755,district_apportioned
431509,114755,district_apportioned
431510,114755,district_apportioned
431511,114755,district_apportioned
431512,108836,district_apportioned
431513,196224,district_apportioned
431514,114755,district_apportioned
431515,89140,district_apportioned
431516,114755,district_apportioned
431517,89140,district_apportioned
431518,89140,district_apportioned
431519,89140,district_apportioned
431520,89140,district_apportioned
431521,114755,district_apportioned
431522,40429,district_apportioned
431523,89140,district_apportioned
431530,89140,district_apportioned
431536,114755,district_apportioned
431537,114755,district_apportioned
431540,114755,district_apportioned
431541,114755,district_apportioned
431542,196224,district_apportioned
431601,80031,district_apportioned
431602,80031,district_apportioned
431603,80031,district_apportioned
431604,80031,district_apportioned
431605,80031,district_apportioned
431606,80031,district_apportioned
431701,196224,district_apportioned
431702,196224,district_apportioned
431703,196224,district_apportioned
431704,80031,district_apportioned
431705,196224,district_apportioned
431707,80031,district_apportioned
431708,80031,district_apportioned
431709,80031,district_apportioned
431710,80031,district_apportioned
431711,80031,district_apportioned
431712,80031,district_apportioned
431713,80031,district_apportioned
431714,80031,district_apportioned
431715,80031,district_apportioned
431716,80031,district_apportioned
431717,80031,district_apportioned
431718,80031,district_apportioned
431719,80031,district_apportioned
431720,114755,district_apportioned
431721,80031,district_apportioned
431722,80031,district_apportioned
431723,80031,district_apportioned
431731,80031,district_apportioned
431736,80031,district_apportioned
431741,80031,district_apportioned
431742,80031,district_apportioned
431743,80031,district_apportioned
431745,80031,district_apportioned
431746,80031,district_apportioned
431750,80031,district_apportioned
431801,80031,district_apportioned
431802,80031,district_apportioned
431803,80031,district_apportioned
431804,80031,district_apportioned
431805,80031,district_apportioned
431806,80031,district_apportioned
431807,80031,district_apportioned
431808,80031,district_apportioned
431809,80031,district_apportioned
431810,80031,district_apportioned
431811,80031,district_apportioned
440001,73866,district_apportioned
440002,73866,district_apportioned
440003,73866,district_apportioned
440005,73866,district_apportioned
440006,73866,district_apportioned
440007,73866,district_apportioned
440008,73866,district_apportioned
440010,73866,district_apportioned
440012,73866,district_apportioned
440013,73866,district_apportioned
440014,73866,district_apportioned
440015,73866,district_apportioned
440016,73866,district_apportioned
440017,73866,district_apportioned
440018,73866,district_apportioned
440019,73866,district_apportioned
440020,73866,district_apportioned
440021,73866,district_apportioned
440022,73866,district_apportioned
440023,73866,district_apportioned
440024,73866,district_apportioned
440025,73866,district_apportioned
440026,73866,district_apportioned
440027,73866,district_apportioned
440030,73866,district_apportioned
440032,73866,district_apportioned
440033,73866,district_apportioned
440034,73866,district_apportioned
440035,73866,district_apportioned
440036,73866,district_apportioned
440037,73866,district_apportioned
441001,73866,district_apportioned
441101,73866,district_apportioned
441102,73866,district_apportioned
441103,73866,district_apportioned
441104,73866,district_apportioned
441105,73866,district_apportioned
441106,73866,district_apportioned
441107,73866,district_apportioned
441108,73866,district_apportioned
441109,73866,district_apportioned
441110,73866,district_apportioned
441111,73866,district_apportioned
441112,73866,district_apportioned
441113,73866,district_apportioned
441122,73866,district_apportioned
441123,73866,district_apportioned
441201,73866,district_apportioned
441202,73866,district_apportioned
441203,73866,district_apportioned
441204,73866,district_apportioned
441205,56521,district_apportioned
441206,56521,district_apportioned
441207,56521,district_apportioned
441208,97540,district_apportioned
441209,97540,district_apportioned
441210,73866,district_apportioned
441212,56521,district_apportioned
441214,73866,district_apportioned
441215,56521,district_apportioned
441217,97540,district_apportioned
441221,56521,district_apportioned
441222,56521,district_apportioned
441223,56521,district_apportioned
441224,56521,district_apportioned
441225,56521,district_apportioned
441226,56521,district_apportioned
441301,73866,district_apportioned
441302,73866,district_apportioned
441303,73866,district_apportioned
441304,73866,district_apportioned
441305,73866,district_apportioned
441306,73866,district_apportioned
441401,73866,district_apportioned
441404,73866,district_apportioned
441501,73866,district_apportioned
441502,73866,district_apportioned
441601,120228,district_apportioned
441614,120228,district_apportioned
441701,120228,district_apportioned
441702,120228,district_apportioned
441801,120228,district_apportioned
441802,66685,district_apportioned
441803,66685,district_apportioned
441804,66685,district_apportioned
441805,66685,district_apportioned
441806,120228,district_apportioned
441807,120228,district_apportioned
441809,66685,district_apportioned
441901,120228,district_apportioned
441902,120228,district_apportioned
441903,66685,district_apportioned
441904,66685,district_apportioned
441905,66685,district_apportioned
441906,66685,district_apportioned
441907,66685,district_apportioned
441908,66685,district_apportioned
441909,66685,district_apportioned
441910,66685,district_apportioned
441911,120228,district_apportioned
441912,66685,district_apportioned
441913,66685,district_apportioned
441914,66685,district_apportioned
441915,66685,district_apportioned
441916,120228,district_apportioned
441924,66685,district_apportioned
442001,68462,district_apportioned
442003,68462,district_apportioned
442101,68462,district_apportioned
442102,68462,district_apportioned
442104,68462,district_apportioned
442105,68462,district_apportioned
442106,68462,district_apportioned
442107,68462,district_apportioned
442111,68462,district_apportioned
442201,68462,district_apportioned
442202,68462,district_apportioned
442203,68462,district_apportioned
442301,68462,district_apportioned
442302,68462,district_apportioned
442303,68462,district_apportioned
442304,68462,district_apportioned
442305,68462,district_apportioned
442306,68462,district_apportioned
442307,68462,district_apportioned
442401,56521,district_apportioned
442402,56521,district_apportioned
442403,56521,district_apportioned
442404,56521,district_apportioned
442406,56521,district_apportioned
442501,56521,district_apportioned
442502,56521,district_apportioned
442503,56521,district_apportioned
442504,56521,district_apportioned
442505,56521,district_apportioned
442507,56521,district_apportioned
442603,97540,district_apportioned
442604,97540,district_apportioned
442605,56521,district_apportioned
442606,56521,district_apportioned
442701,56521,district_apportioned
442702,56521,district_apportioned
442703,97540,district_apportioned
442704,97540,district_apportioned
442705,97540,district_apportioned
442707,97540,district_apportioned
442709,97540,district_apportioned
442710,56521,district_apportioned
442901,56521,district_apportioned
442902,56521,district_apportioned
442903,56521,district_apportioned
442904,56521,district_apportioned
442905,56521,district_apportioned
442906,56521,district_apportioned
442907,56521,district_apportioned
442908,56521,district_apportioned
442914,56521,district_apportioned
442916,56521,district_apportioned
442917,56521,district_apportioned
442918,56521,district_apportioned
442919,97540,district_apportioned
443001,83428,district_apportioned
443002,83428,district_apportioned
443101,83428,district_apportioned
443102,83428,district_apportioned
443103,83428,district_apportioned
443104,83428,district_apportioned
443106,83428,district_apportioned
443112,83428,district_apportioned
443201,83428,district_apportioned
443202,83428,district_apportioned
443203,83428,district_apportioned
443204,83428,district_apportioned
443206,83428,district_apportioned
443301,83428,district_apportioned
443302,83428,district_apportioned
443303,83428,district_apportioned
443304,83428,district_apportioned
443308,83428,district_apportioned
443401,83428,district_apportioned
443402,83428,district_apportioned
443403,83428,district_apportioned
443404,83428,district_apportioned
444001,75579,district_apportioned
444002,75579,district_apportioned
444003,75579,district_apportioned
444004,92089,district_apportioned
444005,75579,district_apportioned
444006,75579,district_apportioned
444101,75579,district_apportioned
444102,75579,district_apportioned
444103,75579,district_apportioned
444104,75579,district_apportioned
444105,92089,district_apportioned
444106,92089,district_apportioned
444107,75579,district_apportioned
444108,75579,district_apportioned
444109,75579,district_apportioned
444110,92089,district_apportioned
444111,75579,district_apportioned
444117,75579,district_apportioned
444126,75579,district_apportioned
444201,83428,district_apportioned
444202,83428,district_apportioned
444203,83428,district_apportioned
444204,83428,district_apportioned
444301,83428,district_apportioned
444302,75579,district_apportioned
444303,83428,district_apportioned
444304,83428,district_apportioned
444306,83428,district_apportioned
444311,75579,district_apportioned
444312,83428,district_apportioned
444401,75579,district_apportioned
444402,75579,district_apportioned
444403,92089,district_apportioned
444404,92089,district_apportioned
444405,75579,district_apportioned
444407,75579,district_apportioned
444409,92089,district_apportioned
444501,75579,district_apportioned
444502,75579,district_apportioned
444503,92089,district_apportioned
444504,92089,district_apportioned
444505,92089,district_apportioned
444506,92089,district_apportioned
444507,92089,district_apportioned
444510,92089,district_apportioned
444511,75579,district_apportioned
444601,70450,district_apportioned
444602,70450,district_apportioned
444603,70450,district_apportioned
444604,70450,district_apportioned
444605,70450,district_apportioned
444606,70450,district_apportioned
444607,70450,district_apportioned
444701,70450,district_apportioned
444702,70450,district_apportioned
444704,70450,district_apportioned
444705,70450,district_apportioned
444706,70450,district_apportioned
444707,70450,district_apportioned
444708,70450,district_apportioned
444709,70450,district_apportioned
444710,70450,district_apportioned
444711,70450,district_apportioned
444717,70450,district_apportioned
444719,70450,district_apportioned
444720,70450,district_apportioned
444723,70450,district_apportioned
444801,70450,district_apportioned
444802,70450,district_apportioned
444803,70450,district_apportioned
444804,70450,district_apportioned
444805,70450,district_apportioned
444806,70450,district_apportioned
444807,70450,district_apportioned
444808,70450,district_apportioned
444809,70450,district_apportioned
444810,70450,district_apportioned
444813,70450,district_apportioned
444901,70450,district_apportioned
444902,70450,district_apportioned
444903,70450,district_apportioned
444904,70450,district_apportioned
444905,70450,district_apportioned
444906,70450,district_apportioned
444907,70450,district_apportioned
444908,70450,district_apportioned
444915,70450,district_apportioned
445001,81540,district_apportioned
445002,81540,district_apportioned
445101,81540,district_apportioned
445102,81540,district_apportioned
445103,81540,district_apportioned
445105,81540,district_apportioned
445106,81540,district_apportioned
445109,81540,district_apportioned
445110,81540,district_apportioned
445201,81540,district_apportioned
445202,81540,district_apportioned
445203,81540,district_apportioned
445204,81540,district_apportioned
445205,81540,district_apportioned
445206,81540,district_apportioned
445207,81540,district_apportioned
445209,81540,district_apportioned
445210,81540,district_apportioned
445211,81540,district_apportioned
445215,81540,district_apportioned
445216,81540,district_apportioned
445230,81540,district_apportioned
445301,81540,district_apportioned
445302,81540,district_apportioned
445303,81540,district_apportioned
445304,81540,district_apportioned
445305,81540,district_apportioned
445306,81540,district_apportioned
445307,81540,district_apportioned
445308,81540,district_apportioned
445323,81540,district_apportioned
445324,81540,district_apportioned
445401,81540,district_apportioned
445402,81540,district_apportioned
450001,151569,district_apportioned
450051,93576,district_apportioned
450110,93576,district_apportioned
450112,93576,district_apportioned
450114,93576,district_apportioned
450116,93576,district_apportioned
450117,93576,district_apportioned
450119,93576,district_apportioned
450221,151569,district_apportioned
450331,151569,district_apportioned
450332,151569,district_apportioned
450337,93576,district_apportioned
450445,151569,district_apportioned
450551,93576,district_apportioned
450554,93576,district_apportioned
450661,93576,district_apportioned
450771,93576,district_apportioned
450881,93576,district_apportioned
450991,93576,district_apportioned
451001,94443,district_apportioned
451111,94443,district_apportioned
451113,94443,district_apportioned
451115,94443,district_apportioned
451220,94443,district_apportioned
451221,94443,district_apportioned
451224,94443,district_apportioned
451225,94443,district_apportioned
451228,94443,district_apportioned
451331,94443,district_apportioned
451332,94443,district_apportioned
451335,94443,district_apportioned
451440,94443,district_apportioned
451441,94443,district_apportioned
451442,94443,district_apportioned
451447,173235,district_apportioned
451449,173235,district_apportioned
451551,173235,district_apportioned
451556,173235,district_apportioned
451660,173235,district_apportioned
451666,173235,district_apportioned
451770,173235,district_apportioned
451881,173235,district_apportioned
452001,109223,district_apportioned
452002,109223,district_apportioned
452003,109223,district_apportioned
452005,109223,district_apportioned
452006,109223,district_apportioned
452007,109223,district_apportioned
452009,109223,district_apportioned
452010,109223,district_apportioned
452011,109223,district_apportioned
452012,109223,district_apportioned
452013,109223,district_apportioned
452014,109223,district_apportioned
452015,109223,district_apportioned
452016,109223,district_apportioned
452018,109223,district_apportioned
452020,109223,district_apportioned
453001,109223,district_apportioned
453111,109223,district_apportioned
453112,109223,district_apportioned
453115,109223,district_apportioned
453220,109223,district_apportioned
453331,109223,district_apportioned
453441,109223,district_apportioned
453446,109223,district_apportioned
453551,109223,district_apportioned
453552,109223,district_apportioned
453555,109223,district_apportioned
453556,109223,district_apportioned
453661,109223,district_apportioned
453771,109223,district_apportioned
454001,136612,district_apportioned
454010,136612,district_apportioned
454111,136612,district_apportioned
454116,136612,district_apportioned
454221,136612,district_apportioned
454331,136612,district_apportioned
454335,136612,district_apportioned
454441,136612,district_apportioned
454446,136612,district_apportioned
454449,136612,district_apportioned
454552,136612,district_apportioned
454660,136612,district_apportioned
454665,136612,district_apportioned
454773,136612,district_apportioned
454774,136612,district_apportioned
454775,136612,district_apportioned
455001,120286,district_apportioned
455111,120286,district_apportioned
455115,120286,district_apportioned
455116,120286,district_apportioned
455118,120286,district_apportioned
455221,120286,district_apportioned
455223,120286,district_apportioned
455227,120286,district_apportioned
455332,120286,district_apportioned
455336,120286,district_apportioned
455339,120286,district_apportioned
455440,120286,district_apportioned
455459,120286,district_apportioned
456001,90312,district_apportioned
456003,90312,district_apportioned
456006,90312,district_apportioned
456010,90312,district_apportioned
456221,90312,district_apportioned
456222,90312,district_apportioned
456224,90312,district_apportioned
456313,90312,district_apportioned
456331,90312,district_apportioned
456335,90312,district_apportioned
456337,90312,district_apportioned
456440,90312,district_apportioned
456441,90312,district_apportioned
456443,90312,district_apportioned
456550,90312,district_apportioned
456661,90312,district_apportioned
456664,90312,district_apportioned
456665,90312,district_apportioned
456668,90312,district_apportioned
456770,90312,district_apportioned
456771,90312,district_apportioned
456776,90312,district_apportioned
457001,103934,district_apportioned
457114,103934,district_apportioned
457118,103934,district_apportioned
457119,103934,district_apportioned
457222,103934,district_apportioned
457226,103934,district_apportioned
457331,103934,district_apportioned
457333,103934,district_apportioned
457336,103934,district_apportioned
457339,103934,district_apportioned
457340,103934,district_apportioned
457441,103934,district_apportioned
457550,103934,district_apportioned
457555,103934,district_apportioned
457661,128131,district_apportioned
457770,128131,district_apportioned
457772,128131,district_apportioned
457773,128131,district_apportioned
457775,128131,district_apportioned
457777,128131,district_apportioned
457779,128131,district_apportioned
457882,145800,district_apportioned
457885,145800,district_apportioned
457887,145800,district_apportioned
457888,145800,district_apportioned
457990,145800,district_apportioned
457993,128131,district_apportioned
458001,74467,district_apportioned
458002,74467,district_apportioned
458110,68839,district_apportioned
458113,68839,district_apportioned
458116,68839,district_apportioned
458118,68839,district_apportioned
458220,68839,district_apportioned
458226,68839,district_apportioned
458228,68839,district_apportioned
458330,68839,district_apportioned
458336,68839,district_apportioned
458339,74467,district_apportioned
458389,74467,district_apportioned
458441,68839,district_apportioned
458468,68839,district_apportioned
458470,68839,district_apportioned
458553,74467,district_apportioned
458556,74467,district_apportioned
458558,74467,district_apportioned
458664,74467,district_apportioned
458667,74467,district_apportioned
458669,74467,district_apportioned
458771,74467,district_apportioned
458775,74467,district_apportioned
458778,74467,district_apportioned
458880,74467,district_apportioned
458883,74467,district_apportioned
458888,74467,district_apportioned
458895,74467,district_apportioned
458990,74467,district_apportioned
460001,87520,district_apportioned
460004,87520,district_apportioned
460110,87520,district_apportioned
460220,87520,district_apportioned
460225,87520,district_apportioned
460330,87520,district_apportioned
460440,87520,district_apportioned
460443,87520,district_apportioned
460447,87520,district_apportioned
460449,87520,district_apportioned
460551,87520,district_apportioned
460553,87520,district_apportioned
460554,87520,district_apportioned
460557,87520,district_apportioned
460661,87520,district_apportioned
460663,80420,district_apportioned
460665,87520,district_apportioned
460666,87520,district_apportioned
460668,87520,district_apportioned
461001,65334,district_apportioned
461005,65334,district_apportioned
461110,65334,district_apportioned
461111,65334,district_apportioned
461114,65334,district_apportioned
461115,65334,district_apportioned
461116,65334,district_apportioned
461122,65334,district_apportioned
461221,65334,district_apportioned
461223,65334,district_apportioned
461228,65334,district_apportioned
461331,65334,district_apportioned
461441,65334,district_apportioned
461446,65334,district_apportioned
461551,65334,district_apportioned
461661,65334,district_apportioned
461668,65334,district_apportioned
461771,68241,district_apportioned
461775,65334,district_apportioned
461881,65334,district_apportioned
461990,68241,district_apportioned
462001,69737,district_apportioned
462002,69737,district_apportioned
462003,69737,district_apportioned
462004,69737,district_apportioned
462008,69737,district_apportioned
462010,69737,district_apportioned
462011,69737,district_apportioned
462016,69737,district_apportioned
462020,69737,district_apportioned
462022,69737,district_apportioned
462023,69737,district_apportioned
462024,69737,district_apportioned
462026,69737,district_apportioned
462027,69737,district_apportioned
462030,69737,district_apportioned
462031,69737,district_apportioned
462033,69737,district_apportioned
462036,69737,district_apportioned
462037,69737,district_apportioned
462038,69737,district_apportioned
462039,69737,district_apportioned
462040,69737,district_apportioned
462041,69737,district_apportioned
462042,69737,district_apportioned
462043,69737,district_apportioned
462044,69737,district_apportioned
462045,69737,district_apportioned
462046,66580,district_apportioned
462047,69737,district_apportioned
462066,69737,district_apportioned
462100,69737,district_apportioned
462101,69737,district_apportioned
462120,69737,district_apportioned
463106,69737,district_apportioned
463111,69737,district_apportioned
464001,112221,district_apportioned
464111,112221,district_apportioned
464113,112221,district_apportioned
464114,112221,district_apportioned
464220,112221,district_apportioned
464221,112221,district_apportioned
464224,112221,district_apportioned
464226,112221,district_apportioned
464228,112221,district_apportioned
464240,112221,district_apportioned
464258,112221,district_apportioned
464331,112221,district_apportioned
464334,66580,district_apportioned
464337,112221,district_apportioned
464551,66580,district_apportioned
464570,66580,district_apportioned
464573,66580,district_apportioned
464651,66580,district_apportioned
464661,66580,district_apportioned
464665,66580,district_apportioned
464668,66580,district_apportioned
464671,66580,district_apportioned
464672,66580,district_apportioned
464770,66580,district_apportioned
464774,66580,district_apportioned
464776,66580,district_apportioned
464881,66580,district_apportioned
464884,66580,district_apportioned
464886,66580,district_apportioned
464986,66580,district_apportioned
464990,66580,district_apportioned
464993,66580,district_apportioned
465001,75634,district_apportioned
465106,75634,district_apportioned
465110,75634,district_apportioned
465113,75634,district_apportioned
465116,75634,district_apportioned
465118,75634,district_apportioned
465220,75634,district_apportioned
465223,75634,district_apportioned
465226,75634,district_apportioned
465227,75634,district_apportioned
465230,75634,district_apportioned
465333,75634,district_apportioned
465335,75634,district_apportioned
465337,75634,district_apportioned
465339,75634,district_apportioned
465441,75634,district_apportioned
465445,75634,district_apportioned
465447,75634,district_apportioned
465449,75634,district_apportioned
465550,75634,district_apportioned
465661,118909,district_apportioned
465667,118909,district_apportioned
465669,118909,district_apportioned
465674,118909,district_apportioned
465677,118909,district_apportioned
465679,118909,district_apportioned
465680,118909,district_apportioned
465683,118909,district_apportioned
465685,118909,district_apportioned
465687,118909,district_apportioned
465689,118909,district_apportioned
465691,118909,district_apportioned
465693,69017,district_apportioned
465697,118909,district_apportioned
466001,69017,district_apportioned
466111,69017,district_apportioned
466113,69017,district_apportioned
466114,69017,district_apportioned
466115,69017,district_apportioned
466116,69017,district_apportioned
466118,69017,district_apportioned
466120,69017,district_apportioned
466125,69017,district_apportioned
466221,69017,district_apportioned
466331,69017,district_apportioned
466445,69017,district_apportioned
466446,69017,district_apportioned
466448,69017,district_apportioned
466554,69017,district_apportioned
466651,69017,district_apportioned
466661,69017,district_apportioned
466665,69017,district_apportioned
470001,84945,district_apportioned
470002,84945,district_apportioned
470003,84945,district_apportioned
470004,84945,district_apportioned
470021,84945,district_apportioned
470051,84945,district_apportioned
470113,84945,district_apportioned
470115,84945,district_apportioned
470117,84945,district_apportioned
470118,84945,district_apportioned
470119,84945,district_apportioned
470120,84945,district_apportioned
470124,84945,district_apportioned
470125,84945,district_apportioned
470221,84945,district_apportioned
470223,84945,district_apportioned
470226,84945,district_apportioned
470227,84945,district_apportioned
470228,84945,district_apportioned
470229,84945,district_apportioned
470232,84945,district_apportioned
470235,84945,district_apportioned
470335,84945,district_apportioned
470337,84945,district_apportioned
470339,84945,district_apportioned
470441,84945,district_apportioned
470442,84945,district_apportioned
470661,105352,district_apportioned
470663,105352,district_apportioned
470664,105352,district_apportioned
470666,105352,district_apportioned
470669,84945,district_apportioned
470672,105352,district_apportioned
470673,105352,district_apportioned
470675,105352,district_apportioned
470771,105352,district_apportioned
470772,105352,district_apportioned
470775,105352,district_apportioned
470880,105352,district_apportioned
470881,105352,district_apportioned
471001,83923,district_apportioned
471101,83923,district_apportioned
471105,83923,district_apportioned
471111,83923,district_apportioned
471201,83923,district_apportioned
471301,83923,district_apportioned
471311,83923,district_apportioned
471313,83923,district_apportioned
471315,83923,district_apportioned
471318,83923,district_apportioned
471405,83923,district_apportioned
471408,83923,district_apportioned
471411,83923,district_apportioned
471501,83923,district_apportioned
471510,83923,district_apportioned
471515,83923,district_apportioned
471516,83923,district_apportioned
471525,83923,district_apportioned
471606,83923,district_apportioned
471625,83923,district_apportioned
472001,90323,district_apportioned
472005,90323,district_apportioned
472010,83923,district_apportioned
472101,90323,district_apportioned
472111,90323,district_apportioned
472115,90323,district_apportioned
472118,90323,district_apportioned
472221,90323,district_apportioned
472246,90323,district_apportioned
472331,90323,district_apportioned
472336,90323,district_apportioned
472337,90323,district_apportioned
472339,90323,district_apportioned
472442,90323,district_apportioned
472445,90323,district_apportioned
472446,90323,district_apportioned
472447,90323,district_apportioned
473001,88680,district_apportioned
473101,88680,district_apportioned
473105,88680,district_apportioned
473110,88680,district_apportioned
473111,88680,district_apportioned
473112,88680,district_apportioned
473113,88680,district_apportioned
473115,88680,district_apportioned
473118,88680,district_apportioned
473222,88680,district_apportioned
473226,88680,district_apportioned
473249,88680,district_apportioned
473287,88680,district_apportioned
473330,93897,district_apportioned
473331,93897,district_apportioned
473332,93897,district_apportioned
473335,93897,district_apportioned
473440,93897,district_apportioned
473443,93897,district_apportioned
473444,93897,district_apportioned
473445,93897,district_apportioned
473446,93897,district_apportioned
473551,107878,district_apportioned
473585,107878,district_apportioned
473638,107878,district_apportioned
473660,107878,district_apportioned
473662,107878,district_apportioned
473665,107878,district_apportioned
473670,107878,district_apportioned
473770,107878,district_apportioned
473774,107878,district_apportioned
473775,107878,district_apportioned
473781,107878,district_apportioned
473793,107878,district_apportioned
473865,107878,district_apportioned
473880,107878,district_apportioned
473885,88680,district_apportioned
473990,107878,district_apportioned
473995,107878,district_apportioned
474001,96764,district_apportioned
474002,96764,district_apportioned
474003,96764,district_apportioned
474004,96764,district_apportioned
474005,96764,district_apportioned
474006,96764,district_apportioned
474007,96764,district_apportioned
474008,96764,district_apportioned
474009,96764,district_apportioned
474010,96764,district_apportioned
474011,96764,district_apportioned
474012,96764,district_apportioned
474015,96764,district_apportioned
474020,96764,district_apportioned
475001,96764,district_apportioned
475002,96764,district_apportioned
475005,96764,district_apportioned
475110,96764,district_apportioned
475115,96764,district_apportioned
475220,96764,district_apportioned
475330,96764,district_apportioned
475335,87417,district_apportioned
475336,87417,district_apportioned
475661,87417,district_apportioned
475671,87417,district_apportioned
475673,87417,district_apportioned
475675,87417,district_apportioned
475682,87417,district_apportioned
475685,87417,district_apportioned
475686,87417,district_apportioned
476001,178725,district_apportioned
476111,178725,district_apportioned
476115,178725,district_apportioned
476134,178725,district_apportioned
476219,178725,district_apportioned
476221,178725,district_apportioned
476224,178725,district_apportioned
476228,178725,district_apportioned
476229,178725,district_apportioned
476332,137572,district_apportioned
476335,137572,district_apportioned
476337,137572,district_apportioned
476339,137572,district_apportioned
476355,137572,district_apportioned
476444,178725,district_apportioned
476554,178725,district_apportioned
477001,85150,district_apportioned
477105,85150,district_apportioned
477111,85150,district_apportioned
477116,85150,district_apportioned
477117,85150,district_apportioned
477222,85150,district_apportioned
477227,85150,district_apportioned
477331,85150,district_apportioned
477332,85150,district_apportioned
477333,85150,district_apportioned
477335,85150,district_apportioned
477441,85150,district_apportioned
477445,85150,district_apportioned
477446,85150,district_apportioned
477447,85150,district_apportioned
477449,85150,district_apportioned
477555,85150,district_apportioned
477557,85150,district_apportioned
477566,85150,district_apportioned
477660,85150,district_apportioned
480001,80420,district_apportioned
480003,80420,district_apportioned
480105,80420,district_apportioned
480106,80420,district_apportioned
480107,80420,district_apportioned
480108,80420,district_apportioned
480109,80420,district_apportioned
480110,80420,district_apportioned
480111,80420,district_apportioned
480112,80420,district_apportioned
480115,80420,district_apportioned
480221,80420,district_apportioned
480223,80420,district_apportioned
480224,80420,district_apportioned
480331,80420,district_apportioned
480334,80420,district_apportioned
480337,80420,district_apportioned
480338,80420,district_apportioned
480441,80420,district_apportioned
480447,80420,district_apportioned
480449,80420,district_apportioned
480551,80420,district_apportioned
480555,80420,district_apportioned
480557,80420,district_apportioned
480559,80420,district_apportioned
480661,86196,district_apportioned
480667,86196,district_apportioned
480771,86196,district_apportioned
480880,86196,district_apportioned
480881,86196,district_apportioned
480882,86196,district_apportioned
480884,86196,district_apportioned
480886,86196,district_apportioned
480887,86196,district_apportioned
480888,86196,district_apportioned
480990,86196,district_apportioned
480991,86196,district_apportioned
480994,86196,district_apportioned
480996,86196,district_apportioned
480997,86196,district_apportioned
480999,86196,district_apportioned
481001,77350,district_apportioned
481051,77350,district_apportioned
481102,77350,district_apportioned
481105,77350,district_apportioned
481111,77350,district_apportioned
481115,77350,district_apportioned
481116,77350,district_apportioned
481117,77350,district_apportioned
481222,77350,district_apportioned
481224,77350,district_apportioned
481226,77350,district_apportioned
481331,77350,district_apportioned
481332,77350,district_apportioned
481335,77350,district_apportioned
481337,77350,district_apportioned
481441,77350,district_apportioned
481445,77350,district_apportioned
481449,77350,district_apportioned
481551,77350,district_apportioned
481556,77350,district_apportioned
481661,77350,district_apportioned
481662,81147,district_apportioned
481663,81147,district_apportioned
481664,81147,district_apportioned
481665,77350,district_apportioned
481666,81147,district_apportioned
481668,81147,district_apportioned
481672,81147,district_apportioned
481768,81147,district_apportioned
481771,81147,district_apportioned
481776,81147,district_apportioned
481778,100646,district_apportioned
481879,100646,district_apportioned
481880,100646,district_apportioned
481882,100646,district_apportioned
481883,100646,district_apportioned
481884,100646,district_apportioned
481885,81147,district_apportioned
481990,100646,district_apportioned
481995,81147,district_apportioned
481996,81147,district_apportioned
481998,81147,district_apportioned
482001,98532,district_apportioned
482002,98532,district_apportioned
482003,98532,district_apportioned
482004,98532,district_apportioned
482005,98532,district_apportioned
482008,98532,district_apportioned
482009,98532,district_apportioned
482010,98532,district_apportioned
482011,98532,district_apportioned
482020,98532,district_apportioned
482021,98532,district_apportioned
482051,98532,district_apportioned
482056,98532,district_apportioned
483001,98532,district_apportioned
483053,98532,district_apportioned
483105,98532,district_apportioned
483110,98532,district_apportioned
483113,98532,district_apportioned
483119,98532,district_apportioned
483220,98532,district_apportioned
483222,98532,district_apportioned
483225,98532,district_apportioned
483330,117458,district_apportioned
483331,117458,district_apportioned
483332,117458,district_apportioned
483334,98532,district_apportioned
483336,117458,district_apportioned
483440,98532,district_apportioned
483442,117458,district_apportioned
483501,117458,district_apportioned
483504,117458,district_apportioned
483770,117458,district_apportioned
483773,117458,district_apportioned
483775,117458,district_apportioned
483880,98532,district_apportioned
483990,117458,district_apportioned
484001,133258,district_apportioned
484110,133258,district_apportioned
484113,44073,district_apportioned
484114,133258,district_apportioned
484116,44073,district_apportioned
484117,44073,district_apportioned
484120,133258,district_apportioned
484220,44073,district_apportioned
484224,44073,district_apportioned
484330,44073,district_apportioned
484334,44073,district_apportioned
484336,44073,district_apportioned
484440,44073,district_apportioned
484444,44073,district_apportioned
484446,44073,district_apportioned
484447,44073,district_apportioned
484551,161190,district_apportioned
484555,44073,district_apportioned
484660,133258,district_apportioned
484661,161190,district_apportioned
484664,161190,district_apportioned
484665,161190,district_apportioned
484669,133258,district_apportioned
484770,44073,district_apportioned
484771,86695,district_apportioned
484774,133258,district_apportioned
484776,133258,district_apportioned
484881,44073,district_apportioned
484886,44073,district_apportioned
484887,44073,district_apportioned
485001,96910,district_apportioned
485005,96910,district_apportioned
485111,96910,district_apportioned
485112,96910,district_apportioned
485113,96910,district_apportioned
485114,96910,district_apportioned
485115,96910,district_apportioned
485221,96910,district_apportioned
485226,96910,district_apportioned
485331,76294,district_apportioned
485334,96910,district_apportioned
485441,96910,district_apportioned
485446,96910,district_apportioned
485447,96910,district_apportioned
485551,96910,district_apportioned
485661,96910,district_apportioned
485666,96910,district_apportioned
485771,96910,district_apportioned
485772,96910,district_apportioned
485773,96910,district_apportioned
485774,96910,district_apportioned
485775,96910,district_apportioned
485778,96910,district_apportioned
485881,96910,district_apportioned
486001,76294,district_apportioned
486002,76294,district_apportioned
486003,76294,district_apportioned
486004,76294,district_apportioned
486005,76294,district_apportioned
486006,76294,district_apportioned
486111,76294,district_apportioned
486114,76294,district_apportioned
486115,76294,district_apportioned
486117,76294,district_apportioned
486123,76294,district_apportioned
486220,76294,district_apportioned
486223,76294,district_apportioned
486226,76294,district_apportioned
486331,76294,district_apportioned
486333,76294,district_apportioned
486335,76294,district_apportioned
486338,76294,district_apportioned
486340,76294,district_apportioned
486341,76294,district_apportioned
486440,76294,district_apportioned
486441,76294,district_apportioned
486445,76294,district_apportioned
486446,76294,district_apportioned
486447,76294,district_apportioned
486448,76294,district_apportioned
486450,76294,district_apportioned
486550,76294,district_apportioned
486553,76294,district_apportioned
486556,76294,district_apportioned
486661,86695,district_apportioned
486666,86695,district_apportioned
486669,86695,district_apportioned
486670,86695,district_apportioned
486675,86695,district_apportioned
486771,86695,district_apportioned
486775,86695,district_apportioned
486776,86695,district_apportioned
486881,196379,district_apportioned
486882,86695,district_apportioned
486884,86695,district_apportioned
486885,196379,district_apportioned
486886,196379,district_apportioned
486887,196379,district_apportioned
486888,196379,district_apportioned
486889,196379,district_apportioned
486890,86695,district_apportioned
486892,86695,district_apportioned
487001,68241,district_apportioned
487110,68241,district_apportioned
487114,68241,district_apportioned
487118,68241,district_apportioned
487221,68241,district_apportioned
487225,68241,district_apportioned
487330,68241,district_apportioned
487334,68241,district_apportioned
487337,68241,district_apportioned
487441,68241,district_apportioned
487551,68241,district_apportioned
487555,68241,district_apportioned
487661,94443,district_apportioned
487770,68241,district_apportioned
487881,68241,district_apportioned
488001,84710,district_apportioned
488050,84710,district_apportioned
488051,84710,district_apportioned
488059,84710,district_apportioned
488220,84710,district_apportioned
488222,84710,district_apportioned
488333,84710,district_apportioned
488441,84710,district_apportioned
488442,84710,district_apportioned
488443,84710,district_apportioned
488446,84710,district_apportioned
488448,84710,district_apportioned
490001,98349,district_apportioned
490006,98349,district_apportioned
490009,98349,district_apportioned
490011,98349,district_apportioned
490020,98349,district_apportioned
490021,98349,district_apportioned
490022,98349,district_apportioned
490023,98349,district_apportioned
490024,98349,district_apportioned
490025,98349,district_apportioned
490026,98349,district_apportioned
490036,98349,district_apportioned
490042,98349,district_apportioned
491001,98349,district_apportioned
491107,98349,district_apportioned
491111,98349,district_apportioned
491221,98349,district_apportioned
491222,98349,district_apportioned
491223,98349,district_apportioned
491225,98349,district_apportioned
491226,98349,district_apportioned
491227,98349,district_apportioned
491228,98349,district_apportioned
491229,139739,district_apportioned
491230,98349,district_apportioned
491331,98349,district_apportioned
491332,98349,district_apportioned
491335,98349,district_apportioned
491336,93916,district_apportioned
491337,98349,district_apportioned
491338,98349,district_apportioned
491340,98349,district_apportioned
491441,98349,district_apportioned
491444,139739,district_apportioned
491445,139739,district_apportioned
491557,139739,district_apportioned
491558,139739,district_apportioned
491559,93916,district_apportioned
491661,139739,district_apportioned
491665,139739,district_apportioned
491666,139739,district_apportioned
491668,139739,district_apportioned
491771,98349,district_apportioned
491881,139739,district_apportioned
491885,139739,district_apportioned
491888,98349,district_apportioned
491993,98349,district_apportioned
491995,93916,district_apportioned
491996,822526,district_apportioned
492001,88345,district_apportioned
492002,88345,district_apportioned
492003,88345,district_apportioned
492004,88345,district_apportioned
492005,88345,district_apportioned
492008,88345,district_apportioned
492009,88345,district_apportioned
492010,88345,district_apportioned
492012,88345,district_apportioned
492013,88345,district_apportioned
492014,88345,district_apportioned
492015,88345,district_apportioned
492016,88345,district_apportioned
492017,88345,district_apportioned
492099,88345,district_apportioned
492101,88345,district_apportioned
492109,88345,district_apportioned
492112,129094,district_apportioned
493101,88345,district_apportioned
493111,88345,district_apportioned
493113,88345,district_apportioned
493114,88345,district_apportioned
493116,88345,district_apportioned
493118,88345,district_apportioned
493195,88345,district_apportioned
493196,88345,district_apportioned
493221,88345,district_apportioned
493222,88345,district_apportioned
493225,88345,district_apportioned
493228,88345,district_apportioned
493229,88345,district_apportioned
493331,88345,district_apportioned
493332,88345,district_apportioned
493335,88345,district_apportioned
493338,88345,district_apportioned
493344,88345,district_apportioned
493441,88345,district_apportioned
493445,129094,district_apportioned
493448,129094,district_apportioned
493449,129094,district_apportioned
493526,88345,district_apportioned
493551,129094,district_apportioned
493554,129094,district_apportioned
493555,129094,district_apportioned
493558,129094,district_apportioned
493559,88345,district_apportioned
493661,88345,district_apportioned
493662,133297,district_apportioned
493663,133297,district_apportioned
493770,133297,district_apportioned
493773,133297,district_apportioned
493776,133297,district_apportioned
493778,133297,district_apportioned
493881,88345,district_apportioned
493885,88345,district_apportioned
493887,93916,district_apportioned
493888,88345,district_apportioned
493889,88345,district_apportioned
493890,88345,district_apportioned
493891,93916,district_apportioned
493992,88345,district_apportioned
493996,88345,district_apportioned
494001,100943,district_apportioned
494010,100943,district_apportioned
494111,66705,district_apportioned
494114,66705,district_apportioned
494115,66705,district_apportioned
494122,66705,district_apportioned
494221,100943,district_apportioned
494222,100943,district_apportioned
494223,100943,district_apportioned
494224,100943,district_apportioned
494226,100943,district_apportioned
494228,100943,district_apportioned
494229,100943,district_apportioned
494230,100943,district_apportioned
494237,100943,district_apportioned
494331,100943,district_apportioned
494332,57611,district_apportioned
494333,57611,district_apportioned
494334,57611,district_apportioned
494335,57611,district_apportioned
494336,57611,district_apportioned
494337,57611,district_apportioned
494347,100943,district_apportioned
494441,66705,district_apportioned
494442,100943,district_apportioned
494444,42538,district_apportioned
494446,42538,district_apportioned
494447,42538,district_apportioned
494448,42538,district_apportioned
494449,66705,district_apportioned
494450,42538,district_apportioned
494552,42538,district_apportioned
494553,66705,district_apportioned
494556,66705,district_apportioned
494635,57611,district_apportioned
494661,139820,district_apportioned
494665,57611,district_apportioned
494669,57611,district_apportioned
494670,57611,district_apportioned
494771,57611,district_apportioned
494776,57611,district_apportioned
494777,57611,district_apportioned
495001,115810,district_apportioned
495003,115810,district_apportioned
495004,115810,district_apportioned
495006,115810,district_apportioned
495009,115810,district_apportioned
495112,115810,district_apportioned
495113,115810,district_apportioned
495115,115810,district_apportioned
495116,115810,district_apportioned
495117,115810,district_apportioned
495118,115810,district_apportioned
495119,115810,district_apportioned
495220,115810,district_apportioned
495222,115810,district_apportioned
495224,115810,district_apportioned
495330,115810,district_apportioned
495334,115810,district_apportioned
495335,115810,district_apportioned
495442,115810,district_apportioned
495444,86189,district_apportioned
495445,86189,district_apportioned
495446,86189,district_apportioned
495447,86189,district_apportioned
495448,86189,district_apportioned
495449,86189,district_apportioned
495450,86189,district_apportioned
495452,86189,district_apportioned
495454,86189,district_apportioned
495455,86189,district_apportioned
495550,115810,district_apportioned
495551,115810,district_apportioned
495552,85248,district_apportioned
495553,85248,district_apportioned
495554,85248,district_apportioned
495555,115810,district_apportioned
495556,85248,district_apportioned
495557,85248,district_apportioned
495559,85248,district_apportioned
495660,85248,district_apportioned
495661,85248,district_apportioned
495663,115810,district_apportioned
495668,85248,district_apportioned
495671,85248,district_apportioned
495674,86189,district_apportioned
495677,86189,district_apportioned
495682,86189,district_apportioned
495683,86189,district_apportioned
495684,85248,district_apportioned
495686,85248,district_apportioned
495687,85248,district_apportioned
495688,85248,district_apportioned
495689,85248,district_apportioned
495690,85248,district_apportioned
495691,85248,district_apportioned
495692,85248,district_apportioned
495695,85248,district_apportioned
496001,82999,district_apportioned
496005,82999,district_apportioned
496100,82999,district_apportioned
496107,82999,district_apportioned
496108,82999,district_apportioned
496109,82999,district_apportioned
496111,82999,district_apportioned
496113,82999,district_apportioned
496115,82999,district_apportioned
496116,82999,district_apportioned
496118,70972,district_apportioned
496220,70972,district_apportioned
496223,70972,district_apportioned
496224,70972,district_apportioned
496225,70972,district_apportioned
496227,70972,district_apportioned
496242,82999,district_apportioned
496245,70972,district_apportioned
496330,70972,district_apportioned
496331,70972,district_apportioned
496334,70972,district_apportioned
496336,70972,district_apportioned
496338,70972,district_apportioned
496440,82999,district_apportioned
496445,82999,district_apportioned
496450,82999,district_apportioned
496551,82999,district_apportioned
496554,82999,district_apportioned
496661,82999,district_apportioned
496665,82999,district_apportioned
497001,138817,district_apportioned
497101,138817,district_apportioned
497111,138817,district_apportioned
497114,138817,district_apportioned
497116,138817,district_apportioned
497117,138817,district_apportioned
497118,138817,district_apportioned
497119,138817,district_apportioned
497220,138817,district_apportioned
497223,138817,district_apportioned
497224,138817,district_apportioned
497225,138817,district_apportioned
497226,138817,district_apportioned
497229,138817,district_apportioned
497231,138817,district_apportioned
497235,138817,district_apportioned
497331,41182,district_apportioned
497333,138817,district_apportioned
497335,41182,district_apportioned
497339,41182,district_apportioned
497442,41182,district_apportioned
497446,41182,district_apportioned
497447,41182,district_apportioned
497448,41182,district_apportioned
497449,41182,district_apportioned
497450,41182,district_apportioned
497451,41182,district_apportioned
497553,41182,district_apportioned
497555,41182,district_apportioned
497557,41182,district_apportioned
497559,41182,district_apportioned
497773,41182,district_apportioned
497778,41182,district_apportioned
500001,50555,district_apportioned
500002,50555,district_apportioned
500003,50555,district_apportioned
500004,50555,district_apportioned
500005,98088,district_apportioned
500006,50555,district_apportioned
500007,50555,district_apportioned
500008,50555,district_apportioned
500009,50555,district_apportioned
500010,50555,district_apportioned
500011,50555,district_apportioned
500012,50555,district_apportioned
500013,50555,district_apportioned
500014,50555,district_apportioned
500015,50555,district_apportioned
500016,50555,district_apportioned
500017,50555,district_apportioned
500018,98088,district_apportioned
500019,98088,district_apportioned
500020,50555,district_apportioned
500022,50555,district_apportioned
500023,50555,district_apportioned
500024,50555,district_apportioned
500025,50555,district_apportioned
500026,50555,district_apportioned
500027,50555,district_apportioned
500028,50555,district_apportioned
500029,50555,district_apportioned
500030,98088,district_apportioned
500031,50555,district_apportioned
500032,98088,district_apportioned
500033,50555,district_apportioned
500034,50555,district_apportioned
500035,98088,district_apportioned
500036,50555,district_apportioned
500037,50555,district_apportioned
500038,50555,district_apportioned
500039,98088,district_apportioned
500040,50555,district_apportioned
500041,50555,district_apportioned
500042,50555,district_apportioned
500043,98088,district_apportioned
500044,50555,district_apportioned
500045,50555,district_apportioned
500046,50555,district_apportioned
500047,50555,district_apportioned
500048,98088,district_apportioned
500049,98088,district_apportioned
500050,50555,district_apportioned
500051,50555,district_apportioned
500052,98088,district_apportioned
500053,50555,district_apportioned
500054,50555,district_apportioned
500055,50555,district_apportioned
500056,50555,district_apportioned
500057,50555,district_apportioned
500058,50555,district_apportioned
500059,50555,district_apportioned
500060,98088,district_apportioned
500061,50555,district_apportioned
500062,50555,district_apportioned
500063,50555,district_apportioned
500064,50555,district_apportioned
500065,50555,district_apportioned
500066,50555,district_apportioned
500067,50555,district_apportioned
500068,98088,district_apportioned
500069,50555,district_apportioned
500070,98088,district_apportioned
500072,50555,district_apportioned
500073,50555,district_apportioned
500074,98088,district_apportioned
500075,98088,district_apportioned
500076,98088,district_apportioned
500077,50555,district_apportioned
500078,98088,district_apportioned
500079,98088,district_apportioned
500080,50555,district_apportioned
500081,50555,district_apportioned
500082,50555,district_apportioned
500083,50555,district_apportioned
500084,98088,district_apportioned
500085,50555,district_apportioned
500086,50555,district_apportioned
500087,50555,district_apportioned
500088,98088,district_apportioned
500089,98088,district_apportioned
500090,98088,district_apportioned
500091,98088,district_apportioned
500092,50555,district_apportioned
500093,50555,district_apportioned
500094,50555,district_apportioned
500095,50555,district_apportioned
500096,50555,district_apportioned
500097,50555,district_apportioned
500098,50555,district_apportioned
500100,98088,district_apportioned
500101,50555,district_apportioned
500103,50555,district_apportioned
500104,98088,district_apportioned
500105,50555,district_apportioned
500107,50555,district_apportioned
500108,98088,district_apportioned
500110,50555,district_apportioned
500111,98088,district_apportioned
501101,50555,district_apportioned
501102,98088,district_apportioned
501106,98088,district_apportioned
501111,98088,district_apportioned
501121,98088,district_apportioned
501141,98088,district_apportioned
501142,98088,district_apportioned
501143,98088,district_apportioned
501144,98088,district_apportioned
501158,98088,district_apportioned
501202,98088,district_apportioned
501203,98088,district_apportioned
501218,98088,district_apportioned
501301,98088,district_apportioned
501359,98088,district_apportioned
501401,98088,district_apportioned
501501,98088,district_apportioned
501502,98088,district_apportioned
501503,98088,district_apportioned
501504,98088,district_apportioned
501505,98088,district_apportioned
501506,98088,district_apportioned
501508,98088,district_apportioned
501509,98088,district_apportioned
501510,98088,district_apportioned
501511,98088,district_apportioned
501512,98088,district_apportioned
502001,40444,district_apportioned
502032,40444,district_apportioned
502101,40444,district_apportioned
502102,40444,district_apportioned
502103,40444,district_apportioned
502107,40444,district_apportioned
502108,40444,district_apportioned
502109,40444,district_apportioned
502110,40444,district_apportioned
502113,40444,district_apportioned
502114,40444,district_apportioned
502115,40444,district_apportioned
502117,40444,district_apportioned
502125,40444,district_apportioned
502130,40444,district_apportioned
502205,40444,district_apportioned
502210,40444,district_apportioned
502220,40444,district_apportioned
502221,40444,district_apportioned
502228,40444,district_apportioned
502246,40444,district_apportioned
502247,40444,district_apportioned
502248,40444,district_apportioned
502249,40444,district_apportioned
502251,40444,district_apportioned
502255,40444,district_apportioned
502256,40444,district_apportioned
502257,40444,district_apportioned
502267,40444,district_apportioned
502269,40444,district_apportioned
502270,40444,district_apportioned
502271,40444,district_apportioned
502273,40444,district_apportioned
502276,40444,district_apportioned
502277,40444,district_apportioned
502278,40444,district_apportioned
502279,40444,district_apportioned
502280,40444,district_apportioned
502281,40444,district_apportioned
502285,40444,district_apportioned
502286,40444,district_apportioned
502287,40444,district_apportioned
502290,40444,district_apportioned
502291,40444,district_apportioned
502293,40444,district_apportioned
502294,40444,district_apportioned
502295,40444,district_apportioned
502296,40444,district_apportioned
502300,40444,district_apportioned
502301,45038,district_apportioned
502302,40444,district_apportioned
502303,40444,district_apportioned
502305,40444,district_apportioned
502306,40444,district_apportioned
502307,40444,district_apportioned
502310,40444,district_apportioned
502311,40444,district_apportioned
502312,40444,district_apportioned
502313,40444,district_apportioned
502314,40444,district_apportioned
502316,40444,district_apportioned
502318,40444,district_apportioned
502319,40444,district_apportioned
502321,40444,district_apportioned
502324,40444,district_apportioned
502325,40444,district_apportioned
502329,40444,district_apportioned
502331,40444,district_apportioned
502334,40444,district_apportioned
502335,40444,district_apportioned
502336,40444,district_apportioned
502345,40444,district_apportioned
502371,40444,district_apportioned
502372,40444,district_apportioned
502375,40444,district_apportioned
502381,40444,district_apportioned
503001,48138,district_apportioned
503002,48138,district_apportioned
503003,48138,district_apportioned
503101,48138,district_apportioned
503102,48138,district_apportioned
503108,48138,district_apportioned
503110,48138,district_apportioned
503111,48138,district_apportioned
503112,48138,district_apportioned
503114,48138,district_apportioned
503120,48138,district_apportioned
503122,48138,district_apportioned
503123,48138,district_apportioned
503124,48138,district_apportioned
503125,48138,district_apportioned
503144,48138,district_apportioned
503145,48138,district_apportioned
503164,48138,district_apportioned
503165,48138,district_apportioned
503174,48138,district_apportioned
503175,48138,district_apportioned
503180,48138,district_apportioned
503185,48138,district_apportioned
503186,48138,district_apportioned
503187,48138,district_apportioned
503188,48138,district_apportioned
503201,48138,district_apportioned
503202,48138,district_apportioned
503206,48138,district_apportioned
503207,48138,district_apportioned
503212,48138,district_apportioned
503213,48138,district_apportioned
503217,48138,district_apportioned
503218,48138,district_apportioned
503219,48138,district_apportioned
503223,48138,district_apportioned
503224,48138,district_apportioned
503225,48138,district_apportioned
503230,48138,district_apportioned
503235,48138,district_apportioned
503245,48138,district_apportioned
503246,48138,district_apportioned
503301,48138,district_apportioned
503302,48138,district_apportioned
503305,48138,district_apportioned
503306,48138,district_apportioned
503307,48138,district_apportioned
503308,48138,district_apportioned
503309,48138,district_apportioned
503310,48138,district_apportioned
503311,48138,district_apportioned
503321,48138,district_apportioned
503322,48138,district_apportioned
504001,53750,district_apportioned
504002,53750,district_apportioned
504101,53750,district_apportioned
504102,53750,district_apportioned
504103,53750,district_apportioned
504104,53750,district_apportioned
504105,53750,district_apportioned
504106,53750,district_apportioned
504107,53750,district_apportioned
504109,53750,district_apportioned
504110,53750,district_apportioned
504201,53750,district_apportioned
504202,53750,district_apportioned
504203,53750,district_apportioned
504204,53750,district_apportioned
504205,53750,district_apportioned
504206,53750,district_apportioned
504207,53750,district_apportioned
504208,53750,district_apportioned
504209,53750,district_apportioned
504214,53750,district_apportioned
504215,53750,district_apportioned
504216,53750,district_apportioned
504218,53750,district_apportioned
504219,53750,district_apportioned
504220,53750,district_apportioned
504231,53750,district_apportioned
504251,53750,district_apportioned
504272,53750,district_apportioned
504273,53750,district_apportioned
504292,53750,district_apportioned
504293,53750,district_apportioned
504294,53750,district_apportioned
504295,53750,district_apportioned
504296,53750,district_apportioned
504297,53750,district_apportioned
504299,53750,district_apportioned
504301,53750,district_apportioned
504302,53750,district_apportioned
504303,53750,district_apportioned
504304,53750,district_apportioned
504306,53750,district_apportioned
504307,53750,district_apportioned
504308,53750,district_apportioned
504309,53750,district_apportioned
504310,53750,district_apportioned
504311,53750,district_apportioned
504312,53750,district_apportioned
504313,53750,district_apportioned
504323,53750,district_apportioned
504346,53750,district_apportioned
505001,46052,district_apportioned
505002,46052,district_apportioned
505101,46052,district_apportioned
505102,46052,district_apportioned
505122,46052,district_apportioned
505129,46052,district_apportioned
505152,46052,district_apportioned
505153,46052,district_apportioned
505162,46052,district_apportioned
505172,46052,district_apportioned
505174,46052,district_apportioned
505184,46052,district_apportioned
505185,46052,district_apportioned
505186,46052,district_apportioned
505187,46052,district_apportioned
505188,46052,district_apportioned
505208,46052,district_apportioned
505209,46052,district_apportioned
505210,46052,district_apportioned
505211,46052,district_apportioned
505212,46052,district_apportioned
505214,46052,district_apportioned
505215,46052,district_apportioned
505301,46052,district_apportioned
505302,45038,district_apportioned
505303,46052,district_apportioned
505304,46052,district_apportioned
505305,46052,district_apportioned
505306,46052,district_apportioned
505307,46052,district_apportioned
505325,46052,district_apportioned
505326,46052,district_apportioned
505327,46052,district_apportioned
505330,46052,district_apportioned
505331,46052,district_apportioned
505401,46052,district_apportioned
505402,46052,district_apportioned
505403,46052,district_apportioned
505404,46052,district_apportioned
505405,46052,district_apportioned
505415,46052,district_apportioned
505416,46052,district_apportioned
505425,46052,district_apportioned
505445,46052,district_apportioned
505450,46052,district_apportioned
505451,46052,district_apportioned
505452,46052,district_apportioned
505453,46052,district_apportioned
505454,46052,district_apportioned
505455,46052,district_apportioned
505460,46052,district_apportioned
505462,46052,district_apportioned
505466,46052,district_apportioned
505467,46052,district_apportioned
505468,46052,district_apportioned
505469,46052,district_apportioned
505470,46052,district_apportioned
505471,46052,district_apportioned
505472,46052,district_apportioned
505473,46052,district_apportioned
505474,46052,district_apportioned
505475,46052,district_apportioned
505476,46052,district_apportioned
505480,46052,district_apportioned
505481,46052,district_apportioned
505490,46052,district_apportioned
505497,46052,district_apportioned
505498,46052,district_apportioned
505501,46052,district_apportioned
505502,46052,district_apportioned
505503,46052,district_apportioned
505504,46052,district_apportioned
505505,46052,district_apportioned
505514,46052,district_apportioned
505524,46052,district_apportioned
505525,46052,district_apportioned
505526,46052,district_apportioned
505527,46052,district_apportioned
505528,46052,district_apportioned
505529,46052,district_apportioned
505530,46052,district_apportioned
505531,46052,district_apportioned
505532,46052,district_apportioned
506001,48117,district_apportioned
506002,48117,district_apportioned
506003,48117,district_apportioned
506004,48117,district_apportioned
506005,48117,district_apportioned
506006,48117,district_apportioned
506007,48117,district_apportioned
506008,48117,district_apportioned
506009,48117,district_apportioned
506011,48117,district_apportioned
506013,48117,district_apportioned
506015,48117,district_apportioned
506101,48117,district_apportioned
506102,45038,district_apportioned
506103,45038,district_apportioned
506104,48117,district_apportioned
506105,48117,district_apportioned
506112,48117,district_apportioned
506122,48117,district_apportioned
506132,48117,district_apportioned
506134,48117,district_apportioned
506135,48117,district_apportioned
506142,48117,district_apportioned
506143,48117,district_apportioned
506144,48117,district_apportioned
506145,48117,district_apportioned
506146,48117,district_apportioned
506151,48117,district_apportioned
506163,48117,district_apportioned
506164,48117,district_apportioned
506165,48117,district_apportioned
506166,48117,district_apportioned
506167,48117,district_apportioned
506168,48117,district_apportioned
506169,48117,district_apportioned
506170,48117,district_apportioned
506172,48117,district_apportioned
506175,48117,district_apportioned
506201,48117,district_apportioned
506221,48117,district_apportioned
506222,48117,district_apportioned
506223,48117,district_apportioned
506224,48117,district_apportioned
506244,48117,district_apportioned
506252,48117,district_apportioned
506301,48117,district_apportioned
506302,48117,district_apportioned
506303,48117,district_apportioned
506310,48117,district_apportioned
506313,48117,district_apportioned
506314,48117,district_apportioned
506315,48117,district_apportioned
506316,48117,district_apportioned
506317,48117,district_apportioned
506318,48117,district_apportioned
506319,48117,district_apportioned
506324,48117,district_apportioned
506329,48117,district_apportioned
506330,48117,district_apportioned
506331,48117,district_apportioned
506332,48117,district_apportioned
506342,48117,district_apportioned
506343,48117,district_apportioned
506344,48117,district_apportioned
506345,45038,district_apportioned
506347,48117,district_apportioned
506348,48117,district_apportioned
506349,48117,district_apportioned
506352,48117,district_apportioned
506355,48117,district_apportioned
506356,48117,district_apportioned
506365,45038,district_apportioned
506366,48117,district_apportioned
506367,48117,district_apportioned
506368,45038,district_apportioned
506369,45038,district_apportioned
506370,48117,district_apportioned
506371,48117,district_apportioned
506381,45038,district_apportioned
506391,48117,district_apportioned
507001,49953,district_apportioned
507002,49953,district_apportioned
507003,49953,district_apportioned
507101,49953,district_apportioned
507103,49953,district_apportioned
507111,49953,district_apportioned
507114,49953,district_apportioned
507115,49953,district_apportioned
507116,49953,district_apportioned
507117,49953,district_apportioned
507118,49953,district_apportioned
507119,49953,district_apportioned
507120,49953,district_apportioned
507122,49953,district_apportioned
507123,49953,district_apportioned
507124,49953,district_apportioned
507125,49953,district_apportioned
507128,49953,district_apportioned
507133,49953,district_apportioned
507136,49953,district_apportioned
507137,49953,district_apportioned
507138,49953,district_apportioned
507140,49953,district_apportioned
507154,49953,district_apportioned
507157,49953,district_apportioned
507158,49953,district_apportioned
507159,49953,district_apportioned
507160,49953,district_apportioned
507161,49953,district_apportioned
507163,49953,district_apportioned
507164,49953,district_apportioned
507165,49953,district_apportioned
507166,49953,district_apportioned
507167,49953,district_apportioned
507168,49953,district_apportioned
507169,49953,district_apportioned
507170,49953,district_apportioned
507182,49953,district_apportioned
507183,49953,district_apportioned
507201,49953,district_apportioned
507202,49953,district_apportioned
507203,49953,district_apportioned
507204,49953,district_apportioned
507208,49953,district_apportioned
507209,49953,district_apportioned
507210,49953,district_apportioned
507211,49953,district_apportioned
507301,49953,district_apportioned
507302,49953,district_apportioned
507303,49953,district_apportioned
507304,49953,district_apportioned
507305,49953,district_apportioned
507306,49953,district_apportioned
507316,49953,district_apportioned
507318,49953,district_apportioned
508001,60152,district_apportioned
508002,60152,district_apportioned
508004,60152,district_apportioned
508101,60152,district_apportioned
508105,60152,district_apportioned
508111,60152,district_apportioned
508112,60152,district_apportioned
508113,60152,district_apportioned
508114,60152,district_apportioned
508115,60152,district_apportioned
508116,60152,district_apportioned
508117,60152,district_apportioned
508126,60152,district_apportioned
508201,60152,district_apportioned
508202,60152,district_apportioned
508204,60152,district_apportioned
508205,60152,district_apportioned
508206,60152,district_apportioned
508207,60152,district_apportioned
508208,60152,district_apportioned
508210,60152,district_apportioned
508211,60152,district_apportioned
508212,60152,district_apportioned
508213,60152,district_apportioned
508214,60152,district_apportioned
508217,60152,district_apportioned
508218,60152,district_apportioned
508221,60152,district_apportioned
508223,60152,district_apportioned
508224,45038,district_apportioned
508233,60152,district_apportioned
508234,60152,district_apportioned
508238,60152,district_apportioned
508243,60152,district_apportioned
508244,60152,district_apportioned
508245,60152,district_apportioned
508246,60152,district_apportioned
508247,60152,district_apportioned
508248,60152,district_apportioned
508250,60152,district_apportioned
508252,60152,district_apportioned
508253,60152,district_apportioned
508254,60152,district_apportioned
508255,60152,district_apportioned
508256,60152,district_apportioned
508257,60152,district_apportioned
508258,60152,district_apportioned
508266,60152,district_apportioned
508277,60152,district_apportioned
508278,60152,district_apportioned
508279,45038,district_apportioned
508280,60152,district_apportioned
508284,60152,district_apportioned
508285,60152,district_apportioned
508286,60152,district_apportioned
508355,60152,district_apportioned
508373,60152,district_apportioned
508374,60152,district_apportioned
508376,60152,district_apportioned
508377,60152,district_apportioned
509001,53329,district_apportioned
509002,53329,district_apportioned
509102,53329,district_apportioned
509103,53329,district_apportioned
509104,53329,district_apportioned
509105,53329,district_apportioned
509106,53329,district_apportioned
509110,53329,district_apportioned
509120,53329,district_apportioned
509125,53329,district_apportioned
509126,53329,district_apportioned
509127,53329,district_apportioned
509128,53329,district_apportioned
509129,53329,district_apportioned
509130,53329,district_apportioned
509131,53329,district_apportioned
509132,53329,district_apportioned
509133,53329,district_apportioned
509135,53329,district_apportioned
509152,53329,district_apportioned
509153,53329,district_apportioned
509201,53329,district_apportioned
509202,53329,district_apportioned
509203,53329,district_apportioned
509204,53329,district_apportioned
509205,53329,district_apportioned
509206,53329,district_apportioned
509207,53329,district_apportioned
509208,53329,district_apportioned
509209,53329,district_apportioned
509210,53329,district_apportioned
509215,53329,district_apportioned
509216,53329,district_apportioned
509217,53329,district_apportioned
509219,53329,district_apportioned
509228,53329,district_apportioned
509235,53329,district_apportioned
509301,53329,district_apportioned
509302,53329,district_apportioned
509311,53329,district_apportioned
509320,53329,district_apportioned
509321,53329,district_apportioned
509324,53329,district_apportioned
509325,53329,district_apportioned
509326,53329,district_apportioned
509327,53329,district_apportioned
509334,53329,district_apportioned
509335,53329,district_apportioned
509336,53329,district_apportioned
509337,53329,district_apportioned
509338,53329,district_apportioned
509339,53329,district_apportioned
509340,53329,district_apportioned
509349,53329,district_apportioned
509350,53329,district_apportioned
509351,53329,district_apportioned
509352,53329,district_apportioned
509353,53329,district_apportioned
509357,53329,district_apportioned
509358,53329,district_apportioned
509360,53329,district_apportioned
509371,53329,district_apportioned
509375,53329,district_apportioned
509376,53329,district_apportioned
509380,53329,district_apportioned
509381,53329,district_apportioned
509382,53329,district_apportioned
509385,53329,district_apportioned
509401,53329,district_apportioned
509406,53329,district_apportioned
509407,53329,district_apportioned
509408,53329,district_apportioned
509409,53329,district_apportioned
509410,53329,district_apportioned
509411,53329,district_apportioned
509412,53329,district_apportioned
515001,43416,district_apportioned
515002,43416,district_apportioned
515003,43416,district_apportioned
515004,43416,district_apportioned
515005,43416,district_apportioned
515101,43416,district_apportioned
515110,43416,district_apportioned
515122,43416,district_apportioned
515123,43416,district_apportioned
515124,43416,district_apportioned
515133,43416,district_apportioned
515134,43416,district_apportioned
515144,43416,district_apportioned
515154,43416,district_apportioned
515159,43416,district_apportioned
515164,43416,district_apportioned
515201,43416,district_apportioned
515202,43416,district_apportioned
515211,43416,district_apportioned
515212,43416,district_apportioned
515231,43416,district_apportioned
515241,43416,district_apportioned
515261,43416,district_apportioned
515271,43416,district_apportioned
515281,43416,district_apportioned
515286,43416,district_apportioned
515291,43416,district_apportioned
515301,43416,district_apportioned
515303,43416,district_apportioned
515305,43416,district_apportioned
515311,43416,district_apportioned
515321,43416,district_apportioned
515331,43416,district_apportioned
515341,43416,district_apportioned
515401,43416,district_apportioned
515402,43416,district_apportioned
515405,43416,district_apportioned
515408,43416,district_apportioned
515411,43416,district_apportioned
515413,43416,district_apportioned
515414,43416,district_apportioned
515415,43416,district_apportioned
515425,43416,district_apportioned
515435,43416,district_apportioned
515445,43416,district_apportioned
515455,43416,district_apportioned
515465,43416,district_apportioned
515501,43416,district_apportioned
515511,43416,district_apportioned
515521,43416,district_apportioned
515531,43416,district_apportioned
515541,43416,district_apportioned
515551,43416,district_apportioned
515556,43416,district_apportioned
515561,43416,district_apportioned
515571,43416,district_apportioned
515581,43416,district_apportioned
515591,43416,district_apportioned
515601,43416,district_apportioned
515611,43416,district_apportioned
515621,43416,district_apportioned
515631,43416,district_apportioned
515641,43416,district_apportioned
515651,43416,district_apportioned
515661,43416,district_apportioned
515671,43416,district_apportioned
515672,43416,district_apportioned
515701,43416,district_apportioned
515711,43416,district_apportioned
515721,43416,district_apportioned
515722,43416,district_apportioned
515731,43416,district_apportioned
515741,43416,district_apportioned
515751,43416,district_apportioned
515761,43416,district_apportioned
515763,43416,district_apportioned
515765,43416,district_apportioned
515766,43416,district_apportioned
515767,43416,district_apportioned
515774,43416,district_apportioned
515775,43416,district_apportioned
515787,43416,district_apportioned
515801,43416,district_apportioned
515803,43416,district_apportioned
515812,43416,district_apportioned
515822,43416,district_apportioned
515832,43416,district_apportioned
515842,43416,district_apportioned
515863,43416,district_apportioned
515865,43416,district_apportioned
515867,43416,district_apportioned
515870,43416,district_apportioned
515871,43416,district_apportioned
515872,43416,district_apportioned
516001,34315,district_apportioned
516002,34315,district_apportioned
516003,34315,district_apportioned
516004,34315,district_apportioned
516005,34315,district_apportioned
516101,34315,district_apportioned
516104,34315,district_apportioned
516105,34315,district_apportioned
516107,34315,district_apportioned
516108,34315,district_apportioned
516110,34315,district_apportioned
516115,34315,district_apportioned
516126,34315,district_apportioned
516127,34315,district_apportioned
516128,34315,district_apportioned
516129,34315,district_apportioned
516130,34315,district_apportioned
516150,34315,district_apportioned
516151,34315,district_apportioned
516152,34315,district_apportioned
516162,34315,district_apportioned
516163,34315,district_apportioned
516172,34315,district_apportioned
516173,34315,district_apportioned
516175,34315,district_apportioned
516193,34315,district_apportioned
516203,34315,district_apportioned
516213,34315,district_apportioned
516214,34315,district_apportioned
516215,34315,district_apportioned
516216,34315,district_apportioned
516217,34315,district_apportioned
516218,34315,district_apportioned
516227,34315,district_apportioned
516228,34315,district_apportioned
516233,34315,district_apportioned
516237,34315,district_apportioned
516247,34315,district_apportioned
516257,34315,district_apportioned
516259,34315,district_apportioned
516267,34315,district_apportioned
516268,34315,district_apportioned
516269,34315,district_apportioned
516270,34315,district_apportioned
516289,34315,district_apportioned
516293,34315,district_apportioned
516309,34315,district_apportioned
516310,34315,district_apportioned
516311,34315,district_apportioned
516312,34315,district_apportioned
516321,34315,district_apportioned
516329,34315,district_apportioned
516330,34315,district_apportioned
516339,34315,district_apportioned
516349,34315,district_apportioned
516350,34315,district_apportioned
516355,34315,district_apportioned
516356,34315,district_apportioned
516359,34315,district_apportioned
516360,34315,district_apportioned
516361,34315,district_apportioned
516362,34315,district_apportioned
516380,34315,district_apportioned
516390,34315,district_apportioned
516391,34315,district_apportioned
516396,34315,district_apportioned
516401,34315,district_apportioned
516411,34315,district_apportioned
516421,34315,district_apportioned
516431,34315,district_apportioned
516432,34315,district_apportioned
516433,34315,district_apportioned
516434,34315,district_apportioned
516439,34315,district_apportioned
516444,34315,district_apportioned
516454,34315,district_apportioned
516464,34315,district_apportioned
516474,34315,district_apportioned
516484,34315,district_apportioned
516501,34315,district_apportioned
516502,34315,district_apportioned
516503,34315,district_apportioned
516504,34315,district_apportioned
516505,34315,district_apportioned
517001,42162,district_apportioned
517002,42162,district_apportioned
517004,42162,district_apportioned
517101,42162,district_apportioned
517102,42162,district_apportioned
517112,42162,district_apportioned
517113,42162,district_apportioned
517123,42162,district_apportioned
517124,42162,district_apportioned
517125,42162,district_apportioned
517126,42162,district_apportioned
517127,42162,district_apportioned
517128,42162,district_apportioned
517129,42162,district_apportioned
517130,42162,district_apportioned
517131,42162,district_apportioned
517132,42162,district_apportioned
517152,42162,district_apportioned
517167,42162,district_apportioned
517172,42162,district_apportioned
517192,42162,district_apportioned
517193,42162,district_apportioned
517194,42162,district_apportioned
517213,42162,district_apportioned
517214,42162,district_apportioned
517234,42162,district_apportioned
517235,42162,district_apportioned
517236,42162,district_apportioned
517237,42162,district_apportioned
517247,42162,district_apportioned
517257,42162,district_apportioned
517277,42162,district_apportioned
517280,42162,district_apportioned
517291,42162,district_apportioned
517297,42162,district_apportioned
517299,42162,district_apportioned
517305,42162,district_apportioned
517319,42162,district_apportioned
517325,42162,district_apportioned
517326,42162,district_apportioned
517350,42162,district_apportioned
517351,42162,district_apportioned
517352,42162,district_apportioned
517370,42162,district_apportioned
517390,42162,district_apportioned
517391,42162,district_apportioned
517401,42162,district_apportioned
517403,42162,district_apportioned
517408,42162,district_apportioned
517414,42162,district_apportioned
517415,42162,district_apportioned
517416,42162,district_apportioned
517417,42162,district_apportioned
517418,42162,district_apportioned
517419,42162,district_apportioned
517421,42162,district_apportioned
517422,42162,district_apportioned
517423,42162,district_apportioned
517424,42162,district_apportioned
517425,42162,district_apportioned
517426,42162,district_apportioned
517429,42162,district_apportioned
517432,42162,district_apportioned
517501,42162,district_apportioned
517502,42162,district_apportioned
517503,42162,district_apportioned
517504,42162,district_apportioned
517505,42162,district_apportioned
517506,42162,district_apportioned
517507,42162,district_apportioned
517520,42162,district_apportioned
517526,42162,district_apportioned
517536,42162,district_apportioned
517541,42162,district_apportioned
517551,42162,district_apportioned
517561,42162,district_apportioned
517569,42162,district_apportioned
517571,42162,district_apportioned
517581,42162,district_apportioned
517582,42162,district_apportioned
517583,42162,district_apportioned
517584,42162,district_apportioned
517586,42162,district_apportioned
517587,42162,district_apportioned
517588,42162,district_apportioned
517589,42162,district_apportioned
517590,42162,district_apportioned
517591,42162,district_apportioned
517592,42162,district_apportioned
517599,42162,district_apportioned
517619,42162,district_apportioned
517620,42162,district_apportioned
517640,42162,district_apportioned
517641,42162,district_apportioned
517642,42162,district_apportioned
517643,42162,district_apportioned
517644,42162,district_apportioned
517645,42162,district_apportioned
517646,42162,district_apportioned
518001,47688,district_apportioned
518002,47688,district_apportioned
518003,47688,district_apportioned
518004,47688,district_apportioned
518005,47688,district_apportioned
518006,47688,district_apportioned
518007,47688,district_apportioned
518010,47688,district_apportioned
518101,47688,district_apportioned
518102,47688,district_apportioned
518112,47688,district_apportioned
518122,47688,district_apportioned
518123,47688,district_apportioned
518124,47688,district_apportioned
518134,47688,district_apportioned
518135,47688,district_apportioned
518145,47688,district_apportioned
518155,47688,district_apportioned
518165,47688,district_apportioned
518166,47688,district_apportioned
518176,47688,district_apportioned
518186,47688,district_apportioned
518196,47688,district_apportioned
518206,47688,district_apportioned
518216,47688,district_apportioned
518217,47688,district_apportioned
518218,47688,district_apportioned
518220,47688,district_apportioned
518221,47688,district_apportioned
518222,47688,district_apportioned
518225,47688,district_apportioned
518301,47688,district_apportioned
518302,47688,district_apportioned
518308,47688,district_apportioned
518313,47688,district_apportioned
518323,47688,district_apportioned
518333,47688,district_apportioned
518343,47688,district_apportioned
518344,47688,district_apportioned
518345,47688,district_apportioned
518346,47688,district_apportioned
518347,47688,district_apportioned
518348,47688,district_apportioned
518349,47688,district_apportioned
518350,47688,district_apportioned
518360,47688,district_apportioned
518380,47688,district_apportioned
518385,47688,district_apportioned
518390,47688,district_apportioned
518395,47688,district_apportioned
518396,47688,district_apportioned
518401,47688,district_apportioned
518405,47688,district_apportioned
518411,47688,district_apportioned
518412,47688,district_apportioned
518422,47688,district_apportioned
518432,47688,district_apportioned
518442,47688,district_apportioned
518452,47688,district_apportioned
518462,47688,district_apportioned
518463,47688,district_apportioned
518464,47688,district_apportioned
518465,47688,district_apportioned
518466,47688,district_apportioned
518467,47688,district_apportioned
518468,47688,district_apportioned
518501,47688,district_apportioned
518502,47688,district_apportioned
518508,47688,district_apportioned
518510,47688,district_apportioned
518511,47688,district_apportioned
518512,47688,district_apportioned
518513,47688,district_apportioned
518523,47688,district_apportioned
518533,47688,district_apportioned
518543,47688,district_apportioned
518553,47688,district_apportioned
518563,47688,district_apportioned
518573,47688,district_apportioned
518583,47688,district_apportioned
518593,47688,district_apportioned
518594,47688,district_apportioned
518598,47688,district_apportioned
518599,47688,district_apportioned
518674,47688,district_apportioned
520001,39626,district_apportioned
520002,39626,district_apportioned
520003,39626,district_apportioned
520004,39626,district_apportioned
520007,39626,district_apportioned
520008,39626,district_apportioned
520010,39626,district_apportioned
520011,39626,district_apportioned
520012,39626,district_apportioned
520013,39626,district_apportioned
520015,39626,district_apportioned
521001,39626,district_apportioned
521002,39626,district_apportioned
521003,39626,district_apportioned
521101,39626,district_apportioned
521102,39626,district_apportioned
521104,39626,district_apportioned
521105,39626,district_apportioned
521106,39626,district_apportioned
521107,39626,district_apportioned
521108,39626,district_apportioned
521109,39626,district_apportioned
521110,39626,district_apportioned
521111,39626,district_apportioned
521120,39626,district_apportioned
521121,39626,district_apportioned
521122,39626,district_apportioned
521125,39626,district_apportioned
521126,39626,district_apportioned
521130,39626,district_apportioned
521131,39626,district_apportioned
521132,39626,district_apportioned
521133,39626,district_apportioned
521134,39626,district_apportioned
521135,39626,district_apportioned
521136,39626,district_apportioned
521137,39626,district_apportioned
521138,39626,district_apportioned
521139,39626,district_apportioned
521148,39626,district_apportioned
521149,39626,district_apportioned
521150,39626,district_apportioned
521151,39626,district_apportioned
521153,39626,district_apportioned
521156,39626,district_apportioned
521157,39626,district_apportioned
521158,39626,district_apportioned
521162,39626,district_apportioned
521163,39626,district_apportioned
521164,39626,district_apportioned
521165,39626,district_apportioned
521170,39626,district_apportioned
521175,39626,district_apportioned
521178,39626,district_apportioned
521180,39626,district_apportioned
521181,39626,district_apportioned
521182,39626,district_apportioned
521183,39626,district_apportioned
521185,39626,district_apportioned
521190,39626,district_apportioned
521201,39626,district_apportioned
521202,39626,district_apportioned
521207,39626,district_apportioned
521211,39626,district_apportioned
521212,39626,district_apportioned
521213,39626,district_apportioned
521214,39626,district_apportioned
521215,39626,district_apportioned
521225,39626,district_apportioned
521226,39626,district_apportioned
521227,39626,district_apportioned
521228,39626,district_apportioned
521229,39626,district_apportioned
521230,39626,district_apportioned
521235,39626,district_apportioned
521241,39626,district_apportioned
521245,39626,district_apportioned
521246,39626,district_apportioned
521247,39626,district_apportioned
521250,39626,district_apportioned
521256,39626,district_apportioned
521260,39626,district_apportioned
521261,39626,district_apportioned
521263,39626,district_apportioned
521286,39626,district_apportioned
521301,39626,district_apportioned
521311,39626,district_apportioned
521312,39626,district_apportioned
521321,39626,district_apportioned
521322,39626,district_apportioned
521323,39626,district_apportioned
521324,39626,district_apportioned
521325,39626,district_apportioned
521326,39626,district_apportioned
521327,39626,district_apportioned
521328,39626,district_apportioned
521329,39626,district_apportioned
521330,39626,district_apportioned
521331,39626,district_apportioned
521332,39626,district_apportioned
521333,39626,district_apportioned
521340,39626,district_apportioned
521343,39626,district_apportioned
521344,39626,district_apportioned
521345,39626,district_apportioned
521356,39626,district_apportioned
521366,39626,district_apportioned
521369,39626,district_apportioned
521390,39626,district_apportioned
521401,39626,district_apportioned
521402,39626,district_apportioned
521403,39626,district_apportioned
521456,39626,district_apportioned
521457,39626,district_apportioned
522001,44435,district_apportioned
522002,44435,district_apportioned
522003,44435,district_apportioned
522004,44435,district_apportioned
522005,44435,district_apportioned
522006,44435,district_apportioned
522007,44435,district_apportioned
522009,44435,district_apportioned
522015,44435,district_apportioned
522016,44435,district_apportioned
522017,44435,district_apportioned
522018,44435,district_apportioned
522019,44435,district_apportioned
522020,44435,district_apportioned
522034,44435,district_apportioned
522101,44435,district_apportioned
522102,44435,district_apportioned
522111,44435,district_apportioned
522112,44435,district_apportioned
522113,44435,district_apportioned
522124,44435,district_apportioned
522201,44435,district_apportioned
522202,44435,district_apportioned
522211,44435,district_apportioned
522212,44435,district_apportioned
522213,44435,district_apportioned
522233,44435,district_apportioned
522234,44435,district_apportioned
522235,44435,district_apportioned
522236,44435,district_apportioned
522237,44435,district_apportioned
522238,44435,district_apportioned
522256,44435,district_apportioned
522257,44435,district_apportioned
522258,44435,district_apportioned
522259,44435,district_apportioned
522261,44435,district_apportioned
522262,44435,district_apportioned
522264,44435,district_apportioned
522265,44435,district_apportioned
522268,44435,district_apportioned
522301,44435,district_apportioned
522302,44435,district_apportioned
522303,44435,district_apportioned
522304,44435,district_apportioned
522305,44435,district_apportioned
522306,44435,district_apportioned
522307,44435,district_apportioned
522308,44435,district_apportioned
522309,44435,district_apportioned
522310,44435,district_apportioned
522311,44435,district_apportioned
522312,44435,district_apportioned
522313,44435,district_apportioned
522314,44435,district_apportioned
522315,44435,district_apportioned
522316,44435,district_apportioned
522317,44435,district_apportioned
522318,44435,district_apportioned
522324,44435,district_apportioned
522325,44435,district_apportioned
522329,44435,district_apportioned
522330,44435,district_apportioned
522341,44435,district_apportioned
522401,44435,district_apportioned
522402,44435,district_apportioned
522403,44435,district_apportioned
522408,44435,district_apportioned
522409,44435,district_apportioned
522410,44435,district_apportioned
522411,44435,district_apportioned
522412,44435,district_apportioned
522413,44435,district_apportioned
522414,44435,district_apportioned
522415,44435,district_apportioned
522421,44435,district_apportioned
522426,44435,district_apportioned
522435,44435,district_apportioned
522436,44435,district_apportioned
522437,44435,district_apportioned
522438,44435,district_apportioned
522439,44435,district_apportioned
522501,44435,district_apportioned
522502,44435,district_apportioned
522503,44435,district_apportioned
522508,44435,district_apportioned
522509,44435,district_apportioned
522510,44435,district_apportioned
522529,44435,district_apportioned
522549,44435,district_apportioned
522601,44435,district_apportioned
522603,44435,district_apportioned
522611,44435,district_apportioned
522612,44435,district_apportioned
522613,44435,district_apportioned
522614,44435,district_apportioned
522615,44435,district_apportioned
522616,44435,district_apportioned
522617,44435,district_apportioned
522619,44435,district_apportioned
522626,44435,district_apportioned
522646,44435,district_apportioned
522647,44435,district_apportioned
522649,44435,district_apportioned
522657,44435,district_apportioned
522658,44435,district_apportioned
522659,44435,district_apportioned
522660,44435,district_apportioned
522661,44435,district_apportioned
522663,44435,district_apportioned
523001,33638,district_apportioned
523002,33638,district_apportioned
523101,33638,district_apportioned
523104,33638,district_apportioned
523105,33638,district_apportioned
523108,33638,district_apportioned
523109,33638,district_apportioned
523110,33638,district_apportioned
523111,33638,district_apportioned
523112,33638,district_apportioned
523113,33638,district_apportioned
523114,33638,district_apportioned
523115,33638,district_apportioned
523116,33638,district_apportioned
523117,33638,district_apportioned
523135,33638,district_apportioned
523155,33638,district_apportioned
523156,33638,district_apportioned
523157,33638,district_apportioned
523165,33638,district_apportioned
523166,33638,district_apportioned
523167,33638,district_apportioned
523168,33638,district_apportioned
523169,33638,district_apportioned
523170,33638,district_apportioned
523171,33638,district_apportioned
523180,33638,district_apportioned
523181,33638,district_apportioned
523182,33638,district_apportioned
523183,33638,district_apportioned
523184,33638,district_apportioned
523185,33638,district_apportioned
523186,33638,district_apportioned
523187,33638,district_apportioned
523190,33638,district_apportioned
523201,33638,district_apportioned
523211,33638,district_apportioned
523212,33638,district_apportioned
523213,33638,district_apportioned
523214,33638,district_apportioned
523223,33638,district_apportioned
523224,33638,district_apportioned
523225,33638,district_apportioned
523226,33638,district_apportioned
523227,33638,district_apportioned
523228,33638,district_apportioned
523230,33638,district_apportioned
523240,33638,district_apportioned
523241,33638,district_apportioned
523245,33638,district_apportioned
523246,33638,district_apportioned
523247,33638,district_apportioned
523252,33638,district_apportioned
523253,33638,district_apportioned
523254,33638,district_apportioned
523260,33638,district_apportioned
523261,33638,district_apportioned
523262,33638,district_apportioned
523263,33638,district_apportioned
523264,33638,district_apportioned
523265,33638,district_apportioned
523270,33638,district_apportioned
523271,33638,district_apportioned
523272,33638,district_apportioned
523273,33638,district_apportioned
523274,33638,district_apportioned
523279,33638,district_apportioned
523280,33638,district_apportioned
523281,33638,district_apportioned
523286,33638,district_apportioned
523291,33638,district_apportioned
523292,33638,district_apportioned
523301,33638,district_apportioned
523302,33638,district_apportioned
523303,33638,district_apportioned
523304,33638,district_apportioned
523305,33638,district_apportioned
523315,33638,district_apportioned
523316,33638,district_apportioned
523320,33638,district_apportioned
523326,33638,district_apportioned
523327,33638,district_apportioned
523328,33638,district_apportioned
523329,33638,district_apportioned
523330,33638,district_apportioned
523331,33638,district_apportioned
523332,33638,district_apportioned
523333,33638,district_apportioned
523334,33638,district_apportioned
523335,33638,district_apportioned
523336,33638,district_apportioned
523346,33638,district_apportioned
523356,33638,district_apportioned
523357,33638,district_apportioned
523367,33638,district_apportioned
523368,33638,district_apportioned
523369,33638,district_apportioned
523370,33638,district_apportioned
523371,33638,district_apportioned
523372,33638,district_apportioned
523373,33638,district_apportioned
524001,37044,district_apportioned
524002,37044,district_apportioned
524003,37044,district_apportioned
524004,37044,district_apportioned
524005,37044,district_apportioned
524101,37044,district_apportioned
524121,37044,district_apportioned
524123,37044,district_apportioned
524124,37044,district_apportioned
524126,37044,district_apportioned
524127,37044,district_apportioned
524129,37044,district_apportioned
524131,37044,district_apportioned
524132,37044,district_apportioned
524134,37044,district_apportioned
524137,37044,district_apportioned
524142,37044,district_apportioned
524152,37044,district_apportioned
524201,37044,district_apportioned
524203,37044,district_apportioned
524221,37044,district_apportioned
524222,37044,district_apportioned
524223,37044,district_apportioned
524224,37044,district_apportioned
524225,37044,district_apportioned
524226,37044,district_apportioned
524227,37044,district_apportioned
524228,37044,district_apportioned
524230,37044,district_apportioned
524234,37044,district_apportioned
524236,37044,district_apportioned
524239,37044,district_apportioned
524240,37044,district_apportioned
524301,37044,district_apportioned
524302,37044,district_apportioned
524303,37044,district_apportioned
524304,37044,district_apportioned
524305,37044,district_apportioned
524306,37044,district_apportioned
524307,37044,district_apportioned
524308,37044,district_apportioned
524309,37044,district_apportioned
524310,37044,district_apportioned
524311,37044,district_apportioned
524312,37044,district_apportioned
524313,37044,district_apportioned
524314,37044,district_apportioned
524315,37044,district_apportioned
524316,37044,district_apportioned
524317,37044,district_apportioned
524318,37044,district_apportioned
524319,37044,district_apportioned
524320,37044,district_apportioned
524321,37044,district_apportioned
524322,37044,district_apportioned
524323,37044,district_apportioned
524341,37044,district_apportioned
524342,37044,district_apportioned
524343,37044,district_apportioned
524344,37044,district_apportioned
524345,37044,district_apportioned
524346,37044,district_apportioned
524347,37044,district_apportioned
524366,37044,district_apportioned
524401,37044,district_apportioned
524402,37044,district_apportioned
524403,37044,district_apportioned
524404,37044,district_apportioned
524405,37044,district_apportioned
524406,37044,district_apportioned
524407,37044,district_apportioned
524408,37044,district_apportioned
524409,37044,district_apportioned
524410,37044,district_apportioned
524411,37044,district_apportioned
524412,37044,district_apportioned
524413,37044,district_apportioned
524414,37044,district_apportioned
524415,37044,district_apportioned
524421,37044,district_apportioned
530001,46637,district_apportioned
530002,46637,district_apportioned
530003,46637,district_apportioned
530004,46637,district_apportioned
530005,46637,district_apportioned
530007,46637,district_apportioned
530008,46637,district_apportioned
530009,46637,district_apportioned
530011,46637,district_apportioned
530012,46637,district_apportioned
530013,46637,district_apportioned
530014,46637,district_apportioned
530015,46637,district_apportioned
530016,46637,district_apportioned
530017,46637,district_apportioned
530018,46637,district_apportioned
530020,46637,district_apportioned
530022,46637,district_apportioned
530024,46637,district_apportioned
530026,46637,district_apportioned
530027,46637,district_apportioned
530028,46637,district_apportioned
530029,46637,district_apportioned
530031,46637,district_apportioned
530032,46637,district_apportioned
530040,46637,district_apportioned
530041,46637,district_apportioned
530043,46637,district_apportioned
530044,46637,district_apportioned
530045,46637,district_apportioned
530046,46637,district_apportioned
530047,46637,district_apportioned
530048,46637,district_apportioned
530049,46637,district_apportioned
530051,46637,district_apportioned
530052,46637,district_apportioned
530053,46637,district_apportioned
531001,46637,district_apportioned
531002,46637,district_apportioned
531011,46637,district_apportioned
531019,46637,district_apportioned
531020,46637,district_apportioned
531021,46637,district_apportioned
531022,46637,district_apportioned
531023,46637,district_apportioned
531024,46637,district_apportioned
531025,46637,district_apportioned
531026,46637,district_apportioned
531027,46637,district_apportioned
531028,46637,district_apportioned
531029,46637,district_apportioned
531030,46637,district_apportioned
531031,46637,district_apportioned
531032,46637,district_apportioned
531033,46637,district_apportioned
531034,46637,district_apportioned
531035,46637,district_apportioned
531036,46637,district_apportioned
531040,46637,district_apportioned
531055,46637,district_apportioned
531060,46637,district_apportioned
531061,46637,district_apportioned
531075,46637,district_apportioned
531077,46637,district_apportioned
531081,46637,district_apportioned
531082,46637,district_apportioned
531083,46637,district_apportioned
531084,46637,district_apportioned
531085,46637,district_apportioned
531087,46637,district_apportioned
531105,46637,district_apportioned
531111,46637,district_apportioned
531113,46637,district_apportioned
531114,46637,district_apportioned
531115,46637,district_apportioned
531116,46637,district_apportioned
531117,46637,district_apportioned
531118,46637,district_apportioned
531126,46637,district_apportioned
531127,46637,district_apportioned
531133,46637,district_apportioned
531149,46637,district_apportioned
531151,46637,district_apportioned
531162,46637,district_apportioned
531163,46637,district_apportioned
531173,46637,district_apportioned
531219,46637,district_apportioned
532001,43599,district_apportioned
532005,43599,district_apportioned
532122,41131,district_apportioned
532123,43599,district_apportioned
532127,41131,district_apportioned
532148,43599,district_apportioned
532168,43599,district_apportioned
532185,43599,district_apportioned
532186,43599,district_apportioned
532190,43599,district_apportioned
532195,43599,district_apportioned
532201,43599,district_apportioned
532203,43599,district_apportioned
532211,43599,district_apportioned
532212,43599,district_apportioned
532213,43599,district_apportioned
532214,43599,district_apportioned
532215,43599,district_apportioned
532216,43599,district_apportioned
532218,43599,district_apportioned
532219,43599,district_apportioned
532220,43599,district_apportioned
532221,43599,district_apportioned
532222,43599,district_apportioned
532242,43599,district_apportioned
532243,43599,district_apportioned
532263,43599,district_apportioned
532264,43599,district_apportioned
532284,43599,district_apportioned
532290,43599,district_apportioned
532291,43599,district_apportioned
532292,43599,district_apportioned
532312,43599,district_apportioned
532322,43599,district_apportioned
532401,43599,district_apportioned
532402,43599,district_apportioned
532403,43599,district_apportioned
532404,43599,district_apportioned
532405,43599,district_apportioned
532406,43599,district_apportioned
532407,41131,district_apportioned
532408,43599,district_apportioned
532409,43599,district_apportioned
532410,43599,district_apportioned
532421,43599,district_apportioned
532425,43599,district_apportioned
532426,43599,district_apportioned
532427,43599,district_apportioned
532428,43599,district_apportioned
532429,43599,district_apportioned
532430,43599,district_apportioned
532432,43599,district_apportioned
532440,43599,district_apportioned
532443,43599,district_apportioned
532445,43599,district_apportioned
532455,43599,district_apportioned
532456,43599,district_apportioned
532457,43599,district_apportioned
532458,43599,district_apportioned
532459,43599,district_apportioned
532460,43599,district_apportioned
532461,43599,district_apportioned
532462,43599,district_apportioned
532474,43599,district_apportioned
532484,43599,district_apportioned
533001,42597,district_apportioned
533002,42597,district_apportioned
533003,42597,district_apportioned
533004,42597,district_apportioned
533005,42597,district_apportioned
533006,42597,district_apportioned
533016,42597,district_apportioned
533101,42597,district_apportioned
533102,42597,district_apportioned
533103,42597,district_apportioned
533104,42597,district_apportioned
533105,42597,district_apportioned
533106,42597,district_apportioned
533107,42597,district_apportioned
533124,42597,district_apportioned
533125,42597,district_apportioned
533126,42597,district_apportioned
533201,42597,district_apportioned
533210,42597,district_apportioned
533211,42597,district_apportioned
533212,42597,district_apportioned
533213,42597,district_apportioned
533214,42597,district_apportioned
533215,42597,district_apportioned
533216,42597,district_apportioned
533217,42597,district_apportioned
533218,42597,district_apportioned
533220,42597,district_apportioned
533221,42597,district_apportioned
533222,42597,district_apportioned
533223,42597,district_apportioned
533228,42597,district_apportioned
533229,42597,district_apportioned
533232,42597,district_apportioned
533233,42597,district_apportioned
533234,42597,district_apportioned
533235,42597,district_apportioned
533236,42597,district_apportioned
533237,42597,district_apportioned
533238,42597,district_apportioned
533239,42597,district_apportioned
533240,42597,district_apportioned
533241,42597,district_apportioned
533242,42597,district_apportioned
533244,42597,district_apportioned
533247,42597,district_apportioned
533248,42597,district_apportioned
533249,42597,district_apportioned
533250,42597,district_apportioned
533251,42597,district_apportioned
533252,42597,district_apportioned
533253,42597,district_apportioned
533254,42597,district_apportioned
533255,42597,district_apportioned
533256,42597,district_apportioned
533260,42597,district_apportioned
533261,42597,district_apportioned
533262,42597,district_apportioned
533263,42597,district_apportioned
533264,42597,district_apportioned
533274,42597,district_apportioned
533284,42597,district_apportioned
533285,42597,district_apportioned
533286,42597,district_apportioned
533287,42597,district_apportioned
533288,42597,district_apportioned
533289,42597,district_apportioned
533290,42597,district_apportioned
533291,42597,district_apportioned
533292,42597,district_apportioned
533293,42597,district_apportioned
533294,42597,district_apportioned
533295,42597,district_apportioned
533296,42597,district_apportioned
533297,42597,district_apportioned
533305,42597,district_apportioned
533306,42597,district_apportioned
533307,42597,district_apportioned
533308,42597,district_apportioned
533309,42597,district_apportioned
533339,42597,district_apportioned
533340,42597,district_apportioned
533341,42597,district_apportioned
533342,42597,district_apportioned
533343,42597,district_apportioned
533344,42597,district_apportioned
533345,42597,district_apportioned
533346,42597,district_apportioned
533347,42597,district_apportioned
533348,42597,district_apportioned
533349,42597,district_apportioned
533350,42597,district_apportioned
533351,42597,district_apportioned
533352,49953,district_apportioned
533401,42597,district_apportioned
533406,42597,district_apportioned
533407,42597,district_apportioned
533408,42597,district_apportioned
533428,42597,district_apportioned
533429,42597,district_apportioned
533430,42597,district_apportioned
533431,42597,district_apportioned
533432,42597,district_apportioned
533433,42597,district_apportioned
533434,42597,district_apportioned
533435,42597,district_apportioned
533436,42597,district_apportioned
533437,42597,district_apportioned
533440,42597,district_apportioned
533444,42597,district_apportioned
533445,42597,district_apportioned
533446,42597,district_apportioned
533447,42597,district_apportioned
533448,42597,district_apportioned
533449,42597,district_apportioned
533450,42597,district_apportioned
533461,42597,district_apportioned
533462,42597,district_apportioned
533463,42597,district_apportioned
533464,67878,district_apportioned
533468,42597,district_apportioned
533483,42597,district_apportioned
533577,42597,district_apportioned
534001,35151,district_apportioned
534002,35151,district_apportioned
534003,35151,district_apportioned
534004,35151,district_apportioned
534005,35151,district_apportioned
534006,35151,district_apportioned
534007,35151,district_apportioned
534101,35151,district_apportioned
534102,35151,district_apportioned
534111,35151,district_apportioned
534112,35151,district_apportioned
534122,35151,district_apportioned
534123,35151,district_apportioned
534124,35151,district_apportioned
534126,35151,district_apportioned
534134,35151,district_apportioned
534145,35151,district_apportioned
534146,35151,district_apportioned
534156,35151,district_apportioned
534165,35151,district_apportioned
534166,35151,district_apportioned
534176,35151,district_apportioned
534186,35151,district_apportioned
534195,35151,district_apportioned
534196,35151,district_apportioned
534197,35151,district_apportioned
534198,35151,district_apportioned
534199,35151,district_apportioned
534201,35151,district_apportioned
534202,35151,district_apportioned
534204,35151,district_apportioned
534206,35151,district_apportioned
534207,35151,district_apportioned
534208,35151,district_apportioned
534209,35151,district_apportioned
534210,35151,district_apportioned
534211,35151,district_apportioned
534215,35151,district_apportioned
534216,35151,district_apportioned
534217,35151,district_apportioned
534218,35151,district_apportioned
534222,35151,district_apportioned
534225,35151,district_apportioned
534227,35151,district_apportioned
534230,35151,district_apportioned
534235,35151,district_apportioned
534236,35151,district_apportioned
534237,35151,district_apportioned
534238,35151,district_apportioned
534239,35151,district_apportioned
534240,35151,district_apportioned
534243,35151,district_apportioned
534244,35151,district_apportioned
534245,35151,district_apportioned
534247,35151,district_apportioned
534250,35151,district_apportioned
534260,35151,district_apportioned
534265,35151,district_apportioned
534266,35151,district_apportioned
534267,35151,district_apportioned
534268,35151,district_apportioned
534269,35151,district_apportioned
534275,35151,district_apportioned
534280,35151,district_apportioned
534281,35151,district_apportioned
534301,35151,district_apportioned
534302,35151,district_apportioned
534305,35151,district_apportioned
534311,35151,district_apportioned
534312,35151,district_apportioned
534313,35151,district_apportioned
534315,35151,district_apportioned
534316,35151,district_apportioned
534318,35151,district_apportioned
534320,35151,district_apportioned
534324,35151,district_apportioned
534326,35151,district_apportioned
534327,35151,district_apportioned
534328,35151,district_apportioned
534329,35151,district_apportioned
534330,35151,district_apportioned
534331,35151,district_apportioned
534338,35151,district_apportioned
534340,35151,district_apportioned
534341,35151,district_apportioned
534342,35151,district_apportioned
534350,35151,district_apportioned
534401,35151,district_apportioned
534406,35151,district_apportioned
534411,35151,district_apportioned
534416,35151,district_apportioned
534425,35151,district_apportioned
534426,35151,district_apportioned
534427,35151,district_apportioned
534432,35151,district_apportioned
534435,35151,district_apportioned
534437,35151,district_apportioned
534442,35151,district_apportioned
534444,35151,district_apportioned
534447,35151,district_apportioned
534448,35151,district_apportioned
534449,35151,district_apportioned
534450,35151,district_apportioned
534451,35151,district_apportioned
534452,35151,district_apportioned
534455,35151,district_apportioned
534456,35151,district_apportioned
534460,35151,district_apportioned
534461,35151,district_apportioned
534462,35151,district_apportioned
534467,35151,district_apportioned
534475,35151,district_apportioned
535001,41131,district_apportioned
535002,41131,district_apportioned
535003,41131,district_apportioned
535004,41131,district_apportioned
535005,46637,district_apportioned
535006,41131,district_apportioned
535101,41131,district_apportioned
535102,41131,district_apportioned
535124,41131,district_apportioned
535125,41131,district_apportioned
535126,41131,district_apportioned
535128,41131,district_apportioned
535145,46637,district_apportioned
535148,41131,district_apportioned
535160,41131,district_apportioned
535161,41131,district_apportioned
535183,46637,district_apportioned
535204,41131,district_apportioned
535213,41131,district_apportioned
535214,41131,district_apportioned
535215,41131,district_apportioned
535216,41131,district_apportioned
535217,41131,district_apportioned
535218,41131,district_apportioned
535220,41131,district_apportioned
535221,41131,district_apportioned
535240,41131,district_apportioned
535250,46637,district_apportioned
535260,41131,district_apportioned
535270,41131,district_apportioned
535273,46637,district_apportioned
535280,41131,district_apportioned
535281,41131,district_apportioned
535463,41131,district_apportioned
535501,41131,district_apportioned
535502,41131,district_apportioned
535521,41131,district_apportioned
535522,41131,district_apportioned
535523,41131,district_apportioned
535524,41131,district_apportioned
535525,41131,district_apportioned
535526,41131,district_apportioned
535527,41131,district_apportioned
535534,41131,district_apportioned
535546,41131,district_apportioned
535547,41131,district_apportioned
535557,41131,district_apportioned
535558,41131,district_apportioned
535559,41131,district_apportioned
535568,41131,district_apportioned
535573,41131,district_apportioned
535578,41131,district_apportioned
535579,41131,district_apportioned
535580,41131,district_apportioned
535581,41131,district_apportioned
535591,41131,district_apportioned
535592,41131,district_apportioned
535593,41131,district_apportioned
535594,41131,district_apportioned
560001,7507,district_apportioned
560002,7507,district_apportioned
560003,7507,district_apportioned
560004,7507,district_apportioned
560005,7507,district_apportioned
560006,7507,district_apportioned
560007,7507,district_apportioned
560008,7507,district_apportioned
560009,7507,district_apportioned
560010,7507,district_apportioned
560011,7507,district_apportioned
560012,7507,district_apportioned
560013,7507,district_apportioned
560015,7507,district_apportioned
560016,7507,district_apportioned
560017,7507,district_apportioned
560018,7507,district_apportioned
560020,7507,district_apportioned
560021,7507,district_apportioned
560022,7507,district_apportioned
560023,7507,district_apportioned
560024,7507,district_apportioned
560025,7507,district_apportioned
560026,7507,district_apportioned
560027,7507,district_apportioned
560029,7507,district_apportioned
560030,7507,district_apportioned
560032,7507,district_apportioned
560033,7507,district_apportioned
560034,7507,district_apportioned
560035,7507,district_apportioned
560036,7507,district_apportioned
560037,7507,district_apportioned
560038,7507,district_apportioned
560040,7507,district_apportioned
560041,7507,district_apportioned
560042,7507,district_apportioned
560043,7507,district_apportioned
560045,7507,district_apportioned
560046,7507,district_apportioned
560047,7507,district_apportioned
560048,7507,district_apportioned
560049,7507,district_apportioned
560050,7507,district_apportioned
560051,7507,district_apportioned
560053,7507,district_apportioned
560054,7507,district_apportioned
560055,7507,district_apportioned
560056,7507,district_apportioned
560057,7507,district_apportioned
560058,7507,district_apportioned
560059,7507,district_apportioned
560060,7507,district_apportioned
560061,7507,district_apportioned
560062,7507,district_apportioned
560063,7507,district_apportioned
560064,7507,district_apportioned
560065,7507,district_apportioned
560066,7507,district_apportioned
560067,7507,district_apportioned
560068,7507,district_apportioned
560070,7507,district_apportioned
560071,7507,district_apportioned
560072,7507,district_apportioned
560073,7507,district_apportioned
560074,7507,district_apportioned
560075,7507,district_apportioned
560076,7507,district_apportioned
560077,7507,district_apportioned
560078,7507,district_apportioned
560079,7507,district_apportioned
560080,7507,district_apportioned
560081,7507,district_apportioned
560082,7507,district_apportioned
560083,7507,district_apportioned
560084,7507,district_apportioned
560085,7507,district_apportioned
560086,7507,district_apportioned
560087,7507,district_apportioned
560088,7507,district_apportioned
560089,7507,district_apportioned
560090,7507,district_apportioned
560091,7507,district_apportioned
560092,7507,district_apportioned
560093,7507,district_apportioned
560094,7507,district_apportioned
560095,7507,district_apportioned
560096,7507,district_apportioned
560097,7507,district_apportioned
560098,7507,district_apportioned
560099,7507,district_apportioned
560100,7507,district_apportioned
560102,7507,district_apportioned
560103,7507,district_apportioned
560104,7507,district_apportioned
560105,7507,district_apportioned
560107,7507,district_apportioned
560108,7507,district_apportioned
560109,7507,district_apportioned
560110,7507,district_apportioned
560111,7507,district_apportioned
560112,7507,district_apportioned
560113,7507,district_apportioned
560114,7507,district_apportioned
560115,7507,district_apportioned
560116,7507,district_apportioned
560117,7507,district_apportioned
560300,7507,district_apportioned
560500,7507,district_apportioned
561101,7507,district_apportioned
561201,77331,district_apportioned
561202,44650,district_apportioned
561203,7507,district_apportioned
561204,7507,district_apportioned
561205,7507,district_apportioned
561206,59767,district_apportioned
561207,59767,district_apportioned
561208,59767,district_apportioned
561209,59767,district_apportioned
561210,59767,district_apportioned
561211,59767,district_apportioned
561212,59767,district_apportioned
561213,59767,district_apportioned
561228,59767,district_apportioned
562101,59767,district_apportioned
562102,59767,district_apportioned
562103,59767,district_apportioned
562104,59767,district_apportioned
562105,59767,district_apportioned
562106,7507,district_apportioned
562107,7507,district_apportioned
562108,77331,district_apportioned
562109,77331,district_apportioned
562110,7507,district_apportioned
562111,7507,district_apportioned
562112,77331,district_apportioned
562114,7507,district_apportioned
562117,77331,district_apportioned
562119,77331,district_apportioned
562120,77331,district_apportioned
562121,77331,district_apportioned
562122,7507,district_apportioned
562123,7507,district_apportioned
562125,7507,district_apportioned
562126,77331,district_apportioned
562127,7507,district_apportioned
562128,77331,district_apportioned
562129,7507,district_apportioned
562130,7507,district_apportioned
562131,7507,district_apportioned
562132,7507,district_apportioned
562135,7507,district_apportioned
562138,77331,district_apportioned
562149,7507,district_apportioned
562157,7507,district_apportioned
562159,77331,district_apportioned
562160,77331,district_apportioned
562161,77331,district_apportioned
562162,7507,district_apportioned
562163,7507,district_apportioned
562164,7507,district_apportioned
563101,52979,district_apportioned
563102,52979,district_apportioned
563103,52979,district_apportioned
563113,52979,district_apportioned
563114,52979,district_apportioned
563115,52979,district_apportioned
563116,52979,district_apportioned
563117,52979,district_apportioned
563118,52979,district_apportioned
563119,52979,district_apportioned
563120,52979,district_apportioned
563121,59767,district_apportioned
563122,52979,district_apportioned
563123,59767,district_apportioned
563124,59767,district_apportioned
563125,59767,district_apportioned
563126,52979,district_apportioned
563127,52979,district_apportioned
563128,52979,district_apportioned
563129,52979,district_apportioned
563130,52979,district_apportioned
563131,52979,district_apportioned
563132,52979,district_apportioned
563133,52979,district_apportioned
563134,52979,district_apportioned
563135,52979,district_apportioned
563136,52979,district_apportioned
563137,52979,district_apportioned
563138,59767,district_apportioned
563139,52979,district_apportioned
563146,59767,district_apportioned
563147,52979,district_apportioned
563157,52979,district_apportioned
563159,59767,district_apportioned
563161,52979,district_apportioned
563162,52979,district_apportioned
570001,47637,district_apportioned
570002,47637,district_apportioned
570003,47637,district_apportioned
570004,47637,district_apportioned
570005,47637,district_apportioned
570006,47637,district_apportioned
570007,47637,district_apportioned
570008,47637,district_apportioned
570009,47637,district_apportioned
570010,47637,district_apportioned
570011,47637,district_apportioned
570012,47637,district_apportioned
570014,47637,district_apportioned
570015,47637,district_apportioned
570016,47637,district_apportioned
570017,47637,district_apportioned
570018,47637,district_apportioned
570019,47637,district_apportioned
570020,47637,district_apportioned
570022,47637,district_apportioned
570023,47637,district_apportioned
570025,47637,district_apportioned
570026,47637,district_apportioned
570027,47637,district_apportioned
570028,47637,district_apportioned
570029,47637,district_apportioned
570030,47637,district_apportioned
570031,47637,district_apportioned
570032,47637,district_apportioned
571101,47637,district_apportioned
571102,47637,district_apportioned
571103,47637,district_apportioned
571104,47637,district_apportioned
571105,47637,district_apportioned
571106,47637,district_apportioned
571107,47637,district_apportioned
571108,47637,district_apportioned
571109,48609,district_apportioned
571110,48609,district_apportioned
571111,48609,district_apportioned
571114,47637,district_apportioned
571115,48609,district_apportioned
571116,47637,district_apportioned
571117,48609,district_apportioned
571118,47637,district_apportioned
571119,47637,district_apportioned
571120,47637,district_apportioned
571121,47637,district_apportioned
571122,47637,district_apportioned
571123,48609,district_apportioned
571124,47637,district_apportioned
571125,47637,district_apportioned
571126,48609,district_apportioned
571127,48609,district_apportioned
571128,48609,district_apportioned
571129,47637,district_apportioned
571130,47637,district_apportioned
571134,47637,district_apportioned
571187,47637,district_apportioned
571189,47637,district_apportioned
571201,21328,district_apportioned
571211,21328,district_apportioned
571212,21328,district_apportioned
571213,21328,district_apportioned
571214,21328,district_apportioned
571215,21328,district_apportioned
571216,21328,district_apportioned
571217,21328,district_apportioned
571218,21328,district_apportioned
571219,21328,district_apportioned
571231,21328,district_apportioned
571232,21328,district_apportioned
571234,21328,district_apportioned
571235,21328,district_apportioned
571236,21328,district_apportioned
571237,21328,district_apportioned
571247,21328,district_apportioned
571248,21328,district_apportioned
571249,21328,district_apportioned
571250,21328,district_apportioned
571251,21328,district_apportioned
571252,21328,district_apportioned
571253,21328,district_apportioned
571254,21328,district_apportioned
571301,47637,district_apportioned
571302,47637,district_apportioned
571311,47637,district_apportioned
571312,47637,district_apportioned
571313,48609,district_apportioned
571314,47637,district_apportioned
571315,47637,district_apportioned
571316,48609,district_apportioned
571320,48609,district_apportioned
571342,48609,district_apportioned
571401,41040,district_apportioned
571402,41040,district_apportioned
571403,41040,district_apportioned
571404,41040,district_apportioned
571405,41040,district_apportioned
571415,41040,district_apportioned
571416,41040,district_apportioned
571417,41040,district_apportioned
571418,41040,district_apportioned
571419,41040,district_apportioned
571421,41040,district_apportioned
571422,41040,district_apportioned
571423,41040,district_apportioned
571424,41040,district_apportioned
571425,41040,district_apportioned
571426,41040,district_apportioned
571427,41040,district_apportioned
571428,41040,district_apportioned
571429,41040,district_apportioned
571430,41040,district_apportioned
571431,41040,district_apportioned
571432,41040,district_apportioned
571433,41040,district_apportioned
571434,41040,district_apportioned
571435,41040,district_apportioned
571436,41040,district_apportioned
571438,41040,district_apportioned
571439,48609,district_apportioned
571440,48609,district_apportioned
571441,48609,district_apportioned
571442,48609,district_apportioned
571443,48609,district_apportioned
571444,48609,district_apportioned
571445,41040,district_apportioned
571446,41040,district_apportioned
571448,41040,district_apportioned
571450,41040,district_apportioned
571455,41040,district_apportioned
571457,48609,district_apportioned
571463,41040,district_apportioned
571475,41040,district_apportioned
571476,41040,district_apportioned
571477,41040,district_apportioned
571478,41040,district_apportioned
571490,48609,district_apportioned
571601,47637,district_apportioned
571602,47637,district_apportioned
571603,47637,district_apportioned
571604,47637,district_apportioned
571605,41040,district_apportioned
571606,41040,district_apportioned
571607,41040,district_apportioned
571610,47637,district_apportioned
571617,47637,district_apportioned
571802,41040,district_apportioned
571807,41040,district_apportioned
571811,41040,district_apportioned
571812,41040,district_apportioned
572101,44650,district_apportioned
572102,44650,district_apportioned
572103,44650,district_apportioned
572104,44650,district_apportioned
572105,44650,district_apportioned
572106,44650,district_apportioned
572107,44650,district_apportioned
572111,44650,district_apportioned
572112,44650,district_apportioned
572113,44650,district_apportioned
572114,44650,district_apportioned
572115,44650,district_apportioned
572116,44650,district_apportioned
572117,44650,district_apportioned
572118,44650,district_apportioned
572119,44650,district_apportioned
572120,44650,district_apportioned
572121,44650,district_apportioned
572122,44650,district_apportioned
572123,44650,district_apportioned
572124,44650,district_apportioned
572125,44650,district_apportioned
572126,44650,district_apportioned
572127,44650,district_apportioned
572128,44650,district_apportioned
572129,44650,district_apportioned
572130,44650,district_apportioned
572132,44650,district_apportioned
572133,44650,district_apportioned
572134,44650,district_apportioned
572135,44650,district_apportioned
572136,44650,district_apportioned
572137,44650,district_apportioned
572138,44650,district_apportioned
572139,44650,district_apportioned
572140,44650,district_apportioned
572141,44650,district_apportioned
572142,44650,district_apportioned
572168,44650,district_apportioned
572175,44650,district_apportioned
572201,44650,district_apportioned
572211,44650,district_apportioned
572212,44650,district_apportioned
572213,44650,district_apportioned
572214,44650,district_apportioned
572215,44650,district_apportioned
572216,44650,district_apportioned
572217,44650,district_apportioned
572218,44650,district_apportioned
572219,44650,district_apportioned
572220,44650,district_apportioned
572221,44650,district_apportioned
572222,44650,district_apportioned
572223,44650,district_apportioned
572224,44650,district_apportioned
572225,44650,district_apportioned
572226,44650,district_apportioned
572227,44650,district_apportioned
572228,44650,district_apportioned
573101,36253,district_apportioned
573102,36253,district_apportioned
573103,36253,district_apportioned
573111,36253,district_apportioned
573112,36253,district_apportioned
573113,36253,district_apportioned
573115,36253,district_apportioned
573116,36253,district_apportioned
573117,36253,district_apportioned
573118,36253,district_apportioned
573119,36253,district_apportioned
573120,36253,district_apportioned
573121,36253,district_apportioned
573122,36253,district_apportioned
573123,36253,district_apportioned
573124,36253,district_apportioned
573125,36253,district_apportioned
573126,36253,district_apportioned
573127,36253,district_apportioned
573128,36253,district_apportioned
573129,36253,district_apportioned
573130,36253,district_apportioned
573131,36253,district_apportioned
573133,36253,district_apportioned
573134,36253,district_apportioned
573135,36253,district_apportioned
573136,36253,district_apportioned
573137,36253,district_apportioned
573141,36253,district_apportioned
573142,36253,district_apportioned
573144,36253,district_apportioned
573162,36253,district_apportioned
573164,36253,district_apportioned
573165,36253,district_apportioned
573201,36253,district_apportioned
573202,36253,district_apportioned
573210,36253,district_apportioned
573211,36253,district_apportioned
573212,36253,district_apportioned
573213,36253,district_apportioned
573214,36253,district_apportioned
573215,36253,district_apportioned
573216,36253,district_apportioned
573217,36253,district_apportioned
573218,36253,district_apportioned
573219,36253,district_apportioned
573220,36253,district_apportioned
573225,36253,district_apportioned
573226,36253,district_apportioned
574101,17063,district_apportioned
574102,17063,district_apportioned
574103,17063,district_apportioned
574104,17063,district_apportioned
574105,17063,district_apportioned
574106,17063,district_apportioned
574107,22469,district_apportioned
574108,17063,district_apportioned
574109,22469,district_apportioned
574110,17063,district_apportioned
574111,17063,district_apportioned
574112,17063,district_apportioned
574113,17063,district_apportioned
574114,17063,district_apportioned
574115,17063,district_apportioned
574116,17063,district_apportioned
574117,17063,district_apportioned
574118,17063,district_apportioned
574119,17063,district_apportioned
574122,17063,district_apportioned
574129,17063,district_apportioned
574141,22469,district_apportioned
574142,22469,district_apportioned
574143,22469,district_apportioned
574144,22469,district_apportioned
574145,22469,district_apportioned
574146,22469,district_apportioned
574148,22469,district_apportioned
574150,22469,district_apportioned
574151,22469,district_apportioned
574153,22469,district_apportioned
574154,22469,district_apportioned
574197,22469,district_apportioned
574198,22469,district_apportioned
574199,22469,district_apportioned
574201,22469,district_apportioned
574202,22469,district_apportioned
574203,22469,district_apportioned
574210,22469,district_apportioned
574211,22469,district_apportioned
574212,22469,district_apportioned
574213,22469,district_apportioned
574214,22469,district_apportioned
574216,22469,district_apportioned
574217,22469,district_apportioned
574218,22469,district_apportioned
574219,22469,district_apportioned
574220,22469,district_apportioned
574221,22469,district_apportioned
574222,22469,district_apportioned
574223,22469,district_apportioned
574224,22469,district_apportioned
574225,22469,district_apportioned
574226,22469,district_apportioned
574227,22469,district_apportioned
574228,22469,district_apportioned
574229,22469,district_apportioned
574230,22469,district_apportioned
574231,22469,district_apportioned
574232,22469,district_apportioned
574233,22469,district_apportioned
574234,21328,district_apportioned
574235,22469,district_apportioned
574236,22469,district_apportioned
574237,22469,district_apportioned
574238,22469,district_apportioned
574239,22469,district_apportioned
574240,22469,district_apportioned
574241,22469,district_apportioned
574242,22469,district_apportioned
574243,22469,district_apportioned
574244,17063,district_apportioned
574248,22469,district_apportioned
574253,22469,district_apportioned
574259,22469,district_apportioned
574260,22469,district_apportioned
574265,22469,district_apportioned
574267,22469,district_apportioned
574274,22469,district_apportioned
574279,22469,district_apportioned
574285,22469,district_apportioned
574313,22469,district_apportioned
574314,21328,district_apportioned
574323,22469,district_apportioned
574324,22469,district_apportioned
574325,22469,district_apportioned
574326,22469,district_apportioned
574327,22469,district_apportioned
574328,22469,district_apportioned
574509,22469,district_apportioned
575001,22469,district_apportioned
575002,22469,district_apportioned
575003,22469,district_apportioned
575004,22469,district_apportioned
575005,22469,district_apportioned
575006,22469,district_apportioned
575007,22469,district_apportioned
575008,22469,district_apportioned
575010,22469,district_apportioned
575011,22469,district_apportioned
575013,22469,district_apportioned
575014,22469,district_apportioned
575015,22469,district_apportioned
575016,22469,district_apportioned
575017,22469,district_apportioned
575018,22469,district_apportioned
575019,22469,district_apportioned
575020,22469,district_apportioned
575022,22469,district_apportioned
575023,22469,district_apportioned
575025,22469,district_apportioned
575028,22469,district_apportioned
575029,22469,district_apportioned
575030,22469,district_apportioned
576101,17063,district_apportioned
576102,17063,district_apportioned
576103,17063,district_apportioned
576104,17063,district_apportioned
576105,17063,district_apportioned
576106,17063,district_apportioned
576107,17063,district_apportioned
576108,17063,district_apportioned
576111,17063,district_apportioned
576112,17063,district_apportioned
576113,17063,district_apportioned
576114,17063,district_apportioned
576115,17063,district_apportioned
576117,17063,district_apportioned
576120,17063,district_apportioned
576121,17063,district_apportioned
576122,17063,district_apportioned
576124,17063,district_apportioned
576201,17063,district_apportioned
576210,17063,district_apportioned
576211,17063,district_apportioned
576212,17063,district_apportioned
576213,17063,district_apportioned
576214,17063,district_apportioned
576215,17063,district_apportioned
576216,17063,district_apportioned
576217,17063,district_apportioned
576218,17063,district_apportioned
576219,17063,district_apportioned
576220,17063,district_apportioned
576221,17063,district_apportioned
576222,17063,district_apportioned
576223,17063,district_apportioned
576224,17063,district_apportioned
576225,17063,district_apportioned
576226,17063,district_apportioned
576227,17063,district_apportioned
576228,17063,district_apportioned
576229,17063,district_apportioned
576230,17063,district_apportioned
576231,17063,district_apportioned
576232,17063,district_apportioned
576233,17063,district_apportioned
576234,17063,district_apportioned
576235,17063,district_apportioned
576247,17063,district_apportioned
576257,17063,district_apportioned
576282,17063,district_apportioned
576283,17063,district_apportioned
577001,48637,district_apportioned
577002,48637,district_apportioned
577003,48637,district_apportioned
577004,48637,district_apportioned
577005,48637,district_apportioned
577006,48637,district_apportioned
577007,48637,district_apportioned
577101,25863,district_apportioned
577102,25863,district_apportioned
577111,25863,district_apportioned
577112,25863,district_apportioned
577113,25863,district_apportioned
577114,25863,district_apportioned
577115,34368,district_apportioned
577116,25863,district_apportioned
577117,25863,district_apportioned
577120,25863,district_apportioned
577121,25863,district_apportioned
577122,25863,district_apportioned
577123,25863,district_apportioned
577124,25863,district_apportioned
577125,25863,district_apportioned
577126,25863,district_apportioned
577127,25863,district_apportioned
577128,25863,district_apportioned
577129,25863,district_apportioned
577130,25863,district_apportioned
577131,25863,district_apportioned
577132,25863,district_apportioned
577133,25863,district_apportioned
577134,25863,district_apportioned
577135,25863,district_apportioned
577136,25863,district_apportioned
577137,25863,district_apportioned
577138,25863,district_apportioned
577139,25863,district_apportioned
577140,25863,district_apportioned
577142,25863,district_apportioned
577144,25863,district_apportioned
577145,25863,district_apportioned
577146,25863,district_apportioned
577160,25863,district_apportioned
577168,25863,district_apportioned
577175,25863,district_apportioned
577179,25863,district_apportioned
577180,25863,district_apportioned
577181,25863,district_apportioned
577182,25863,district_apportioned
577201,34368,district_apportioned
577202,34368,district_apportioned
577203,34368,district_apportioned
577204,34368,district_apportioned
577205,34368,district_apportioned
577211,34368,district_apportioned
577213,34368,district_apportioned
577214,34368,district_apportioned
577215,48637,district_apportioned
577216,34368,district_apportioned
577217,48637,district_apportioned
577218,48637,district_apportioned
577219,48637,district_apportioned
577220,34368,district_apportioned
577221,48637,district_apportioned
577222,34368,district_apportioned
577223,48637,district_apportioned
577224,48637,district_apportioned
577225,34368,district_apportioned
577226,34368,district_apportioned
577227,34368,district_apportioned
577228,22469,district_apportioned
577229,34368,district_apportioned
577230,48637,district_apportioned
577231,48637,district_apportioned
577232,34368,district_apportioned
577233,34368,district_apportioned
577243,34368,district_apportioned
577245,34368,district_apportioned
577301,34368,district_apportioned
577302,34368,district_apportioned
577401,34368,district_apportioned
577411,34368,district_apportioned
577412,34368,district_apportioned
577413,34368,district_apportioned
577414,34368,district_apportioned
577415,34368,district_apportioned
577416,34368,district_apportioned
577417,34368,district_apportioned
577418,34368,district_apportioned
577419,34368,district_apportioned
577421,34368,district_apportioned
577422,34368,district_apportioned
577423,34368,district_apportioned
577424,34368,district_apportioned
577425,34368,district_apportioned
577426,34368,district_apportioned
577427,34368,district_apportioned
577428,34368,district_apportioned
577429,34368,district_apportioned
577430,34368,district_apportioned
577431,34368,district_apportioned
577432,34368,district_apportioned
577433,34368,district_apportioned
577434,34368,district_apportioned
577435,34368,district_apportioned
577436,34368,district_apportioned
577451,34368,district_apportioned
577452,34368,district_apportioned
577453,34368,district_apportioned
577501,48637,district_apportioned
577502,48808,district_apportioned
577511,48808,district_apportioned
577512,48637,district_apportioned
577513,48637,district_apportioned
577515,48808,district_apportioned
577516,48637,district_apportioned
577517,48808,district_apportioned
577518,48637,district_apportioned
577519,48808,district_apportioned
577520,48808,district_apportioned
577521,48808,district_apportioned
577522,48808,district_apportioned
577523,48808,district_apportioned
577524,48808,district_apportioned
577525,48637,district_apportioned
577526,48808,district_apportioned
577527,48808,district_apportioned
577528,48637,district_apportioned
577529,48808,district_apportioned
577530,48637,district_apportioned
577531,48808,district_apportioned
577532,48808,district_apportioned
577533,48808,district_apportioned
577534,48637,district_apportioned
577535,48808,district_apportioned
577536,48808,district_apportioned
577537,48808,district_apportioned
577538,48808,district_apportioned
577539,48808,district_apportioned
577540,48808,district_apportioned
577541,48808,district_apportioned
577542,48808,district_apportioned
577543,48808,district_apportioned
577544,48637,district_apportioned
577545,48808,district_apportioned
577546,48808,district_apportioned
577547,25863,district_apportioned
577548,25863,district_apportioned
577549,25863,district_apportioned
577550,25863,district_apportioned
577551,48637,district_apportioned
577552,48637,district_apportioned
577553,48637,district_apportioned
577554,48808,district_apportioned
577555,48808,district_apportioned
577556,48637,district_apportioned
577557,48637,district_apportioned
577558,48808,district_apportioned
577566,48637,district_apportioned
577589,48637,district_apportioned
577596,48808,district_apportioned
577597,48808,district_apportioned
577598,48808,district_apportioned
577599,48808,district_apportioned
577601,48637,district_apportioned
580001,47360,district_apportioned
580002,47360,district_apportioned
580003,47360,district_apportioned
580004,47360,district_apportioned
580005,47360,district_apportioned
580006,47360,district_apportioned
580007,47360,district_apportioned
580008,47360,district_apportioned
580009,47360,district_apportioned
580011,47360,district_apportioned
580020,47360,district_apportioned
580021,47360,district_apportioned
580023,47360,district_apportioned
580024,47360,district_apportioned
580025,47360,district_apportioned
580026,47360,district_apportioned
580027,47360,district_apportioned
580028,47360,district_apportioned
580029,47360,district_apportioned
580030,47360,district_apportioned
580031,47360,district_apportioned
580032,47360,district_apportioned
580112,47360,district_apportioned
580114,47360,district_apportioned
580118,47360,district_apportioned
581101,53256,district_apportioned
581102,53256,district_apportioned
581103,47360,district_apportioned
581104,53256,district_apportioned
581105,47360,district_apportioned
581106,53256,district_apportioned
581107,47360,district_apportioned
581108,53256,district_apportioned
581109,53256,district_apportioned
581110,53256,district_apportioned
581111,53256,district_apportioned
581112,53256,district_apportioned
581113,47360,district_apportioned
581115,53256,district_apportioned
581116,53256,district_apportioned
581117,47360,district_apportioned
581118,53256,district_apportioned
581119,48637,district_apportioned
581120,53256,district_apportioned
581121,18910,district_apportioned
581123,53256,district_apportioned
581126,53256,district_apportioned
581128,53256,district_apportioned
581129,18910,district_apportioned
581145,53256,district_apportioned
581148,53256,district_apportioned
581186,18910,district_apportioned
581187,18910,district_apportioned
581193,53256,district_apportioned
581195,47360,district_apportioned
581196,47360,district_apportioned
581198,53256,district_apportioned
581199,53256,district_apportioned
581201,47360,district_apportioned
581202,53256,district_apportioned
581203,53256,district_apportioned
581204,47360,district_apportioned
581205,53256,district_apportioned
581206,47360,district_apportioned
581207,47360,district_apportioned
581208,53256,district_apportioned
581209,47360,district_apportioned
581210,53256,district_apportioned
581211,53256,district_apportioned
581212,53256,district_apportioned
581213,53256,district_apportioned
581237,53256,district_apportioned
581301,18910,district_apportioned
581302,18910,district_apportioned
581303,18910,district_apportioned
581304,18910,district_apportioned
581305,18910,district_apportioned
581306,18910,district_apportioned
581307,18910,district_apportioned
581308,18910,district_apportioned
581314,18910,district_apportioned
581315,18910,district_apportioned
581316,18910,district_apportioned
581317,18910,district_apportioned
581318,18910,district_apportioned
581319,18910,district_apportioned
581320,18910,district_apportioned
581321,18910,district_apportioned
581322,18910,district_apportioned
581323,18910,district_apportioned
581324,18910,district_apportioned
581325,18910,district_apportioned
581326,18910,district_apportioned
581327,18910,district_apportioned
581328,18910,district_apportioned
581329,18910,district_apportioned
581330,18910,district_apportioned
581331,18910,district_apportioned
581332,18910,district_apportioned
581333,18910,district_apportioned
581334,18910,district_apportioned
581335,18910,district_apportioned
581336,18910,district_apportioned
581337,18910,district_apportioned
581338,18910,district_apportioned
581339,18910,district_apportioned
581340,18910,district_apportioned
581341,18910,district_apportioned
581342,18910,district_apportioned
581343,18910,district_apportioned
581344,18910,district_apportioned
581345,18910,district_apportioned
581346,18910,district_apportioned
581347,18910,district_apportioned
581348,18910,district_apportioned
581349,18910,district_apportioned
581350,18910,district_apportioned
581351,18910,district_apportioned
581352,18910,district_apportioned
581353,18910,district_apportioned
581354,18910,district_apportioned
581355,18910,district_apportioned
581356,18910,district_apportioned
581357,18910,district_apportioned
581358,18910,district_apportioned
581359,18910,district_apportioned
581360,18910,district_apportioned
581361,18910,district_apportioned
581362,18910,district_apportioned
581363,18910,district_apportioned
581365,18910,district_apportioned
581384,18910,district_apportioned
581396,18910,district_apportioned
581400,18910,district_apportioned
581401,18910,district_apportioned
581402,18910,district_apportioned
581403,18910,district_apportioned
581411,18910,district_apportioned
581412,18910,district_apportioned
581421,18910,district_apportioned
581423,18910,district_apportioned
581440,18910,district_apportioned
581450,18910,district_apportioned
581453,18910,district_apportioned
582101,30416,district_apportioned
582102,30416,district_apportioned
582103,30416,district_apportioned
582104,30416,district_apportioned
582111,30416,district_apportioned
582112,30416,district_apportioned
582113,30416,district_apportioned
582114,30416,district_apportioned
582115,30416,district_apportioned
582116,30416,district_apportioned
582117,30416,district_apportioned
582118,30416,district_apportioned
582119,30416,district_apportioned
582120,30416,district_apportioned
582201,47360,district_apportioned
582202,30416,district_apportioned
582203,30416,district_apportioned
582204,30416,district_apportioned
582205,30416,district_apportioned
582206,30416,district_apportioned
582207,30416,district_apportioned
582208,47360,district_apportioned
582209,30416,district_apportioned
582210,30416,district_apportioned
582211,30416,district_apportioned
583101,50053,district_apportioned
583102,50053,district_apportioned
583103,50053,district_apportioned
583104,50053,district_apportioned
583105,50053,district_apportioned
583111,50053,district_apportioned
583112,50053,district_apportioned
583113,50053,district_apportioned
583114,50053,district_apportioned
583115,50053,district_apportioned
583116,50053,district_apportioned
583117,50053,district_apportioned
583118,50053,district_apportioned
583119,50053,district_apportioned
583120,50053,district_apportioned
583121,50053,district_apportioned
583122,50053,district_apportioned
583123,50053,district_apportioned
583124,50053,district_apportioned
583125,48637,district_apportioned
583126,50053,district_apportioned
583127,48637,district_apportioned
583128,50053,district_apportioned
583129,50053,district_apportioned
583130,50053,district_apportioned
583131,48637,district_apportioned
583132,50053,district_apportioned
583134,50053,district_apportioned
583135,50053,district_apportioned
583136,50053,district_apportioned
583137,48637,district_apportioned
583152,50053,district_apportioned
583153,50053,district_apportioned
583154,50053,district_apportioned
583201,50053,district_apportioned
583203,50053,district_apportioned
583211,50053,district_apportioned
583212,50053,district_apportioned
583213,48637,district_apportioned
583214,50053,district_apportioned
583215,50053,district_apportioned
583216,50053,district_apportioned
583217,50053,district_apportioned
583218,50053,district_apportioned
583219,50053,district_apportioned
583220,50053,district_apportioned
583221,50053,district_apportioned
583222,50053,district_apportioned
583223,50053,district_apportioned
583224,50053,district_apportioned
583225,50053,district_apportioned
583226,30416,district_apportioned
583227,30416,district_apportioned
583228,106917,district_apportioned
583229,30416,district_apportioned
583230,106917,district_apportioned
583231,106917,district_apportioned
583232,106917,district_apportioned
583233,30416,district_apportioned
583234,106917,district_apportioned
583235,30416,district_apportioned
583236,106917,district_apportioned
583237,106917,district_apportioned
583238,30416,district_apportioned
583239,50053,district_apportioned
583268,30416,district_apportioned
583275,50053,district_apportioned
583276,50053,district_apportioned
583277,30416,district_apportioned
583278,106917,district_apportioned
583279,30416,district_apportioned
583280,106917,district_apportioned
583281,106917,district_apportioned
583282,30416,district_apportioned
583283,106917,district_apportioned
583284,106917,district_apportioned
583285,30416,district_apportioned
583286,30416,district_apportioned
583287,106917,district_apportioned
584101,62220,district_apportioned
584102,62220,district_apportioned
584103,62220,district_apportioned
584104,62220,district_apportioned
584111,62220,district_apportioned
584113,62220,district_apportioned
584115,62220,district_apportioned
584116,62220,district_apportioned
584118,62220,district_apportioned
584120,62220,district_apportioned
584122,62220,district_apportioned
584123,62220,district_apportioned
584124,62220,district_apportioned
584125,62220,district_apportioned
584126,62220,district_apportioned
584127,62220,district_apportioned
584128,62220,district_apportioned
584129,62220,district_apportioned
584132,62220,district_apportioned
584133,62220,district_apportioned
584134,62220,district_apportioned
584135,62220,district_apportioned
584136,62220,district_apportioned
584138,62220,district_apportioned
584139,62220,district_apportioned
584140,62220,district_apportioned
584143,62220,district_apportioned
584167,62220,district_apportioned
584170,62220,district_apportioned
584202,62220,district_apportioned
584203,62220,district_apportioned
585101,64158,district_apportioned
585102,64158,district_apportioned
585103,64158,district_apportioned
585104,64158,district_apportioned
585105,64158,district_apportioned
585106,64158,district_apportioned
585107,64158,district_apportioned
585201,55918,district_apportioned
585202,55918,district_apportioned
585210,64158,district_apportioned
585211,64158,district_apportioned
585212,64158,district_apportioned
585213,64158,district_apportioned
585214,55918,district_apportioned
585215,55918,district_apportioned
585216,55918,district_apportioned
585217,64158,district_apportioned
585218,64158,district_apportioned
585219,55918,district_apportioned
585220,55918,district_apportioned
585221,55918,district_apportioned
585222,64158,district_apportioned
585223,55918,district_apportioned
585224,55918,district_apportioned
585225,64158,district_apportioned
585226,65512,district_apportioned
585227,65512,district_apportioned
585228,64158,district_apportioned
585229,64158,district_apportioned
585236,64158,district_apportioned
585237,55918,district_apportioned
585265,64158,district_apportioned
585287,55918,district_apportioned
585290,55918,district_apportioned
585291,55918,district_apportioned
585292,64158,district_apportioned
585301,64158,district_apportioned
585302,64158,district_apportioned
585303,64158,district_apportioned
585304,55918,district_apportioned
585305,64158,district_apportioned
585306,64158,district_apportioned
585307,64158,district_apportioned
585308,64158,district_apportioned
585309,55918,district_apportioned
585310,64158,district_apportioned
585311,64158,district_apportioned
585312,64158,district_apportioned
585313,64158,district_apportioned
585314,64158,district_apportioned
585315,55918,district_apportioned
585316,64158,district_apportioned
585317,64158,district_apportioned
585318,64158,district_apportioned
585319,55918,district_apportioned
585320,64158,district_apportioned
585321,55918,district_apportioned
585322,64158,district_apportioned
585323,55918,district_apportioned
585324,64158,district_apportioned
585325,64158,district_apportioned
585326,65512,district_apportioned
585327,65512,district_apportioned
585328,65512,district_apportioned
585329,65512,district_apportioned
585330,65512,district_apportioned
585331,65512,district_apportioned
585353,65512,district_apportioned
585355,55918,district_apportioned
585367,64158,district_apportioned
585401,65512,district_apportioned
585402,65512,district_apportioned
585403,65512,district_apportioned
585411,65512,district_apportioned
585412,65512,district_apportioned
585413,65512,district_apportioned
585414,65512,district_apportioned
585415,65512,district_apportioned
585416,65512,district_apportioned
585417,65512,district_apportioned
585418,65512,district_apportioned
585419,65512,district_apportioned
585421,65512,district_apportioned
585436,65512,district_apportioned
585437,65512,district_apportioned
585443,65512,district_apportioned
585444,65512,district_apportioned
586101,49485,district_apportioned
586102,49485,district_apportioned
586103,49485,district_apportioned
586104,49485,district_apportioned
586105,49485,district_apportioned
586108,49485,district_apportioned
586109,49485,district_apportioned
586111,49485,district_apportioned
586112,49485,district_apportioned
586113,49485,district_apportioned
586114,49485,district_apportioned
586115,49485,district_apportioned
586116,49485,district_apportioned
586117,49485,district_apportioned
586118,49485,district_apportioned
586119,49485,district_apportioned
586120,49485,district_apportioned
586121,49485,district_apportioned
586122,49485,district_apportioned
586123,49485,district_apportioned
586124,49485,district_apportioned
586125,49485,district_apportioned
586127,49485,district_apportioned
586128,49485,district_apportioned
586129,49485,district_apportioned
586130,49485,district_apportioned
586201,49485,district_apportioned
586202,49485,district_apportioned
586203,49485,district_apportioned
586204,49485,district_apportioned
586205,49485,district_apportioned
586206,49485,district_apportioned
586207,49485,district_apportioned
586208,49485,district_apportioned
586209,49485,district_apportioned
586210,49485,district_apportioned
586211,49485,district_apportioned
586212,49485,district_apportioned
586213,49485,district_apportioned
586214,49485,district_apportioned
586215,49485,district_apportioned
586216,49485,district_apportioned
586217,49485,district_apportioned
587101,52493,district_apportioned
587102,52493,district_apportioned
587103,52493,district_apportioned
587104,52493,district_apportioned
587111,52493,district_apportioned
587112,52493,district_apportioned
587113,52493,district_apportioned
587114,52493,district_apportioned
587115,52493,district_apportioned
587116,52493,district_apportioned
587117,49485,district_apportioned
587118,52493,district_apportioned
587119,52493,district_apportioned
587120,52493,district_apportioned
587121,52493,district_apportioned
587122,52493,district_apportioned
587124,52493,district_apportioned
587125,52493,district_apportioned
587154,52493,district_apportioned
587155,52493,district_apportioned
587156,52493,district_apportioned
587201,52493,district_apportioned
587202,52493,district_apportioned
587203,52493,district_apportioned
587204,52493,district_apportioned
587205,52493,district_apportioned
587206,52493,district_apportioned
587207,52493,district_apportioned
587301,52493,district_apportioned
587311,52493,district_apportioned
587312,52493,district_apportioned
587313,52493,district_apportioned
587314,52493,district_apportioned
587315,52493,district_apportioned
587316,52493,district_apportioned
587330,52493,district_apportioned
587331,52493,district_apportioned
590001,42298,district_apportioned
590003,42298,district_apportioned
590005,42298,district_apportioned
590006,42298,district_apportioned
590008,42298,district_apportioned
590009,42298,district_apportioned
590010,42298,district_apportioned
590011,42298,district_apportioned
590014,42298,district_apportioned
590015,42298,district_apportioned
590016,42298,district_apportioned
590017,42298,district_apportioned
590018,42298,district_apportioned
590019,42298,district_apportioned
590020,42298,district_apportioned
591101,42298,district_apportioned
591102,42298,district_apportioned
591103,42298,district_apportioned
591104,42298,district_apportioned
591106,42298,district_apportioned
591107,42298,district_apportioned
591108,42298,district_apportioned
591109,42298,district_apportioned
591110,42298,district_apportioned
591111,42298,district_apportioned
591112,42298,district_apportioned
591113,42298,district_apportioned
591114,42298,district_apportioned
591115,42298,district_apportioned
591117,42298,district_apportioned
591118,42298,district_apportioned
591119,42298,district_apportioned
591120,42298,district_apportioned
591121,42298,district_apportioned
591122,42298,district_apportioned
591123,42298,district_apportioned
591124,42298,district_apportioned
591125,42298,district_apportioned
591126,42298,district_apportioned
591127,42298,district_apportioned
591128,42298,district_apportioned
591129,42298,district_apportioned
591130,42298,district_apportioned
591131,42298,district_apportioned
591136,42298,district_apportioned
591143,42298,district_apportioned
591147,42298,district_apportioned
591153,42298,district_apportioned
591156,42298,district_apportioned
591173,42298,district_apportioned
591201,42298,district_apportioned
591211,42298,district_apportioned
591212,42298,district_apportioned
591213,42298,district_apportioned
591214,42298,district_apportioned
591215,42298,district_apportioned
591216,42298,district_apportioned
591217,42298,district_apportioned
591218,42298,district_apportioned
591219,42298,district_apportioned
591220,42298,district_apportioned
591221,42298,district_apportioned
591222,42298,district_apportioned
591223,42298,district_apportioned
591224,42298,district_apportioned
591225,42298,district_apportioned
591226,42298,district_apportioned
591227,42298,district_apportioned
591228,42298,district_apportioned
591229,42298,district_apportioned
591230,42298,district_apportioned
591231,42298,district_apportioned
591232,42298,district_apportioned
591233,42298,district_apportioned
591234,42298,district_apportioned
591235,42298,district_apportioned
591236,42298,district_apportioned
591237,42298,district_apportioned
591238,42298,district_apportioned
591239,42298,district_apportioned
591240,42298,district_apportioned
591241,42298,district_apportioned
591242,42298,district_apportioned
591243,42298,district_apportioned
591244,42298,district_apportioned
591246,42298,district_apportioned
591247,42298,district_apportioned
591248,42298,district_apportioned
591254,42298,district_apportioned
591263,42298,district_apportioned
591265,42298,district_apportioned
591287,42298,district_apportioned
591301,42298,district_apportioned
591302,42298,district_apportioned
591303,42298,district_apportioned
591304,42298,district_apportioned
591305,42298,district_apportioned
591306,42298,district_apportioned
591307,42298,district_apportioned
591308,42298,district_apportioned
591309,42298,district_apportioned
591310,42298,district_apportioned
591311,42298,district_apportioned
591312,42298,district_apportioned
591313,42298,district_apportioned
591314,42298,district_apportioned
591315,42298,district_apportioned
591316,42298,district_apportioned
591317,42298,district_apportioned
591340,42298,district_apportioned
591344,42298,district_apportioned
591345,42298,district_apportioned
591346,42298,district_apportioned
600001,84486,district_apportioned
600002,84486,district_apportioned
600003,84486,district_apportioned
600004,84486,district_apportioned
600005,84486,district_apportioned
600006,84486,district_apportioned
600007,84486,district_apportioned
600008,84486,district_apportioned
600009,84486,district_apportioned
600010,84486,district_apportioned
600011,84486,district_apportioned
600012,84486,district_apportioned
600013,84486,district_apportioned
600014,84486,district_apportioned
600015,84486,district_apportioned
600016,246052,town
600017,84486,district_apportioned
600018,84486,district_apportioned
600019,265125,town
600020,84486,district_apportioned
600021,84486,district_apportioned
600022,84486,district_apportioned
600023,84486,district_apportioned
600024,84486,district_apportioned
600025,84486,district_apportioned
600026,84486,district_apportioned
600028,84486,district_apportioned
600030,84486,district_apportioned
600031,84486,district_apportioned
600032,84486,district_apportioned
600033,84486,district_apportioned
600034,84486,district_apportioned
600035,84486,district_apportioned
600036,84486,district_apportioned
600037,15679,district_apportioned
600038,84486,district_apportioned
600039,84486,district_apportioned
600040,84486,district_apportioned
600041,84486,district_apportioned
600042,84486,district_apportioned
600043,261563,town
600044,13493,district_apportioned
600045,57190,town
600046,57190,town
600047,57341,town
600048,59378,town
600049,15679,district_apportioned
600050,18943,village
600051,75626,town
600052,66554,town
600053,248984,town
600054,188677,town
600055,213409,town
600056,116433,town
600057,15679,village
600058,255009,town
600059,57190,town
600060,77308,town
600061,13493,district_apportioned
600062,27347,village
600063,13493,district_apportioned
600064,52481,town
600066,55591,town
600067,45238,village
600068,33459,town
600069,48604,town
600070,61543,town
600071,15679,district_apportioned
600072,27606,village
600073,13493,district_apportioned
600074,35399,town
600075,89363,town
600076,18943,village
600077,111472,town
600078,84486,district_apportioned
600081,84486,district_apportioned
600082,84486,district_apportioned
600083,84486,district_apportioned
600084,84486,district_apportioned
600085,84486,district_apportioned
600086,84486,district_apportioned
600087,63057,town
600088,13493,district_apportioned
600089,25393,town
600090,84486,district_apportioned
600091,49245,town
600092,84486,district_apportioned
600093,84486,district_apportioned
600094,84486,district_apportioned
600095,121082,town
600096,56604,town
600097,16930,village
600099,21189,village
600100,86696,town
600101,84486,district_apportioned
600102,84486,district_apportioned
600103,39224,town
600104,84486,district_apportioned
600106,84486,district_apportioned
600107,84486,district_apportioned
600110,15679,district_apportioned
600113,84486,district_apportioned
600115,35651,town
600116,26470,town
600117,13493,district_apportioned
600118,84486,district_apportioned
600119,49095,town
600120,33882,village
600122,66906,town
600123,30048,town
600124,26028,village
600125,46126,town
600126,35767,town
600127,32988,village
600128,43533,town
600129,13493,district_apportioned
600130,20104,village
600131,27035,village
600132,48278,town
601101,24091,village
601102,41745,village
601103,40055,village
601201,67049,town
601202,27052,village
601203,100164,town
601204,67327,town
601205,41944,town
601206,33772,village
601301,38014,town
602001,73110,town
602002,27658,village
602003,19311,town
602021,34345,village
602023,44300,village
602024,57738,town
602025,52436,town
602026,46798,town
602105,61999,town
602106,17295,village
602108,20687,village
602117,17397,village
603001,44783,town
603002,52532,town
603003,37562,town
603004,13493,district_apportioned
603101,34708,village
603102,51852,town
603103,69231,town
603104,57924,town
603105,19401,village
603106,19113,village
603107,29717,village
603108,78302,town
603109,58681,town
603110,35644,town
603111,43181,town
603112,32649,town
603127,13493,district_apportioned
603201,20201,village
603202,50767,town
603203,14286,village
603204,39807,town
603209,13493,district_apportioned
603210,42615,town
603211,13493,district_apportioned
603301,35534,town
603302,40071,village
603303,23679,village
603304,22657,village
603305,30163,village
603306,68055,town
603307,25258,village
603308,27139,village
603309,21441,village
603310,25277,village
603311,15023,village
603312,24324,village
603313,20240,village
603314,18089,village
603319,18368,village
603401,28208,village
603402,22704,village
603403,30355,village
603405,20530,village
603406,51726,town
604001,88800,town
604101,22617,village
604102,33257,village
604151,46112,village
604152,18736,village
604153,27305,village
604154,25777,village
604201,38434,village
604202,57794,town
604203,34738,village
604204,37757,village
604205,30681,village
604206,34312,village
604207,35700,village
604208,44622,town
604210,25926,village
604301,46408,village
604302,47956,village
604303,59139,town
604304,41745,village
604305,27492,village
604306,30730,village
604307,35744,village
604401,30742,village
604402,31864,village
604403,38409,village
604404,30093,village
604405,33736,village
604406,41535,village
604407,15074,village
604408,81888,town
604409,25510,village
604410,31725,village
604501,37145,town
604502,27728,village
604503,34060,town
604504,27720,village
604505,23766,village
604601,43284,town
605001,67878,district_apportioned
605002,67878,district_apportioned
605003,67878,district_apportioned
605004,67878,district_apportioned
605005,67878,district_apportioned
605006,67878,district_apportioned
605007,14787,district_apportioned
605008,67878,district_apportioned
605009,67878,district_apportioned
605010,67878,district_apportioned
605011,67878,district_apportioned
605013,67878,district_apportioned
605014,26498,village
605101,16004,district_apportioned
605102,41457,village
605103,46390,village
605104,67878,district_apportioned
605105,28419,village
605106,22460,village
605107,19475,village
605108,56402,town
605109,36389,village
605110,22660,village
605111,29973,village
605201,51422,town
605202,33087,village
605203,31472,village
605301,34068,village
605302,27292,village
605401,66963,town
605402,62587,village
605501,44579,village
605502,22067,village
605601,40259,village
605602,116454,town
605651,29890,village
605652,45542,town
605701,56905,village
605702,31198,village
605751,31826,village
605752,29068,town
605754,36497,town
605755,47474,village
605756,27380,village
605757,46216,town
605758,33286,village
605759,21739,village
605766,42167,village
605801,47057,village
605802,33844,village
605803,41033,village
606001,88372,town
606003,37411,village
606102,47660,village
606103,27096,village
606104,41259,village
606105,34839,town
606106,26313,village
606107,64712,town
606108,28831,village
606109,32678,village
606110,26357,village
606111,46573,town
606115,26505,village
606201,81960,town
606202,42258,town
606203,42877,village
606204,30518,village
606205,52904,village
606206,55491,village
606207,81336,town
606208,36860,village
606209,29337,village
606213,78223,town
606301,38160,village
606302,36838,village
606303,31812,village
606304,37072,village
606305,32733,village
606401,62978,town
606402,43386,village
606601,168386,town
606603,24152,village
606604,51009,town
606611,29370,village
606701,55693,town
606702,34601,village
606703,42207,village
606704,45531,village
606705,41164,town
606706,34810,village
606707,46664,village
606708,56995,village
606709,39778,village
606710,43306,village
606751,33899,village
606752,44599,village
606753,33238,village
606754,43442,town
606755,31338,village
606801,40428,town
606802,35186,village
606803,79576,town
606804,39501,village
606805,27860,village
606806,26788,village
606807,25212,village
606808,34980,village
606811,35052,village
606901,37690,village
606902,58988,town
606903,46445,town
606904,31746,village
606905,23115,village
606906,24978,village
606907,30474,village
606908,28821,village
607001,105561,town
607002,14787,district_apportioned
607003,139766,town
607004,14787,district_apportioned
607005,14787,district_apportioned
607006,27293,town
607101,24778,village
607102,40133,village
607103,29761,village
607104,30509,village
607105,65601,town
607106,126827,town
607107,34770,village
607108,25115,village
607109,33332,village
607112,33459,village
607201,43885,village
607202,24108,village
607203,49893,town
607204,50757,village
607205,34599,village
607209,35955,village
607301,47337,village
607302,60998,town
607303,84883,town
607308,14787,district_apportioned
607401,44624,town
607402,14787,district_apportioned
607403,67878,district_apportioned
607801,41740,town
607802,66978,town
607803,41740,town
607804,31946,village
607805,52300,village
607807,41740,town
608001,82979,town
608002,26802,village
608102,33199,town
608201,25428,village
608301,54823,town
608302,28132,village
608303,42891,town
608304,27308,village
608305,23204,village
608306,22505,village
608401,26430,village
608501,39593,village
608502,56437,town
608601,48172,town
608602,32160,village
608701,65746,village
608702,39373,town
608703,49366,town
608704,28193,village
608801,40286,village
608901,35560,village
609001,57825,town
609003,55140,town
609101,41043,village
609102,9912,village
609103,6246,district_apportioned
609104,12604,village
609105,14943,village
609106,30509,village
609107,19702,village
609108,33503,village
609109,18603,village
609110,23710,town
609111,33037,town
609112,11572,village
609113,24485,village
609114,20935,village
609115,17688,village
609116,13258,village
609117,21613,town
609118,10753,village
609201,15067,town
609202,22322,town
609203,24270,village
609204,14434,village
609205,12790,village
609301,14482,village
609302,7789,village
609303,9529,village
609304,21594,village
609305,12548,village
609306,12329,village
609307,8442,village
609308,8999,village
609309,30955,village
609310,10125,village
609311,6246,district_apportioned
609312,16353,village
609313,29437,town
609314,8045,village
609401,9016,village
609402,12945,village
609403,23031,village
609404,12364,village
609405,20175,town
609501,17705,village
609502,13183,village
609503,25080,village
609504,9288,village
609601,8699,village
609602,40044,district_apportioned
609603,13973,village
609604,7471,village
609605,40044,district_apportioned
609606,40044,district_apportioned
609607,40044,district_apportioned
609608,16744,village
609609,40044,district_apportioned
609701,14072,village
609702,15264,village
609703,16298,town
609704,13056,village
609801,38324,town
609802,12983,village
609803,13277,village
609804,11332,village
609805,22746,village
609806,11065,village
609807,17079,village
609808,9062,village
609810,9707,village
609811,11170,village
610001,26847,town
610003,7391,district_apportioned
610004,33912,town
610005,29211,town
610101,15907,village
610102,12507,village
610103,13137,village
610104,22174,village
610105,38688,town
610106,16864,village
610107,15495,village
610109,16719,village
610201,6954,village
610202,8072,village
610203,25541,village
610204,12603,village
610205,10344,village
610206,14187,village
610207,15488,village
611001,58668,town
611002,19091,village
611003,58668,town
611101,21466,village
611102,10917,village
611103,17326,village
611104,21657,town
611105,26545,village
611106,24126,town
611108,20614,town
611109,18841,village
611110,20409,village
611111,34143,town
611112,25525,village
612001,162758,town
612002,9738,village
612101,27751,town
612102,12092,village
612103,29602,town
612104,23738,town
612105,17665,town
612106,16313,village
612201,17438,village
612202,16533,village
612203,10859,village
612204,34307,town
612301,10996,village
612302,29372,town
612303,17898,village
612401,35813,town
612402,16679,village
612501,19001,village
612502,11398,village
612503,21397,village
612504,29982,town
612601,22694,town
612602,25384,village
612603,14658,village
612604,31808,village
612605,22133,village
612610,11627,village
612701,18031,village
612702,31519,town
612703,19361,village
612801,11675,village
612802,18556,village
612803,18564,village
612804,29101,town
612901,16061,village
612902,27851,village
612903,43079,village
612904,22604,village
612905,6613,district_apportioned
613001,45286,town
613002,10082,village
613003,15884,village
613004,56859,town
613005,12032,village
613006,59882,town
613007,45286,town
613008,45286,town
613009,45286,town
613010,8129,district_apportioned
613101,23064,village
613102,13736,village
613103,13440,village
613104,37094,town
613105,16631,village
613201,21516,village
613202,12909,village
613203,13344,village
613204,40958,town
613205,10477,village
613301,37731,village
613303,21402,village
613401,16508,town
613402,23835,village
613403,24474,town
613501,15770,village
613502,16907,village
613503,8129,district_apportioned
613504,17027,village
613601,14654,village
613602,27631,village
613701,13439,village
613702,6246,district_apportioned
613703,21586,town
613704,11520,village
613705,10630,village
614001,74390,town
614013,13037,village
614014,28837,village
614015,19053,village
614016,22162,village
614017,19699,village
614018,36860,village
614019,31618,village
614020,17144,village
614101,37781,town
614102,7391,district_apportioned
614103,7391,district_apportioned
614201,18407,town
614202,15057,village
614203,32209,village
614204,16549,village
614205,25677,town
614206,27922,village
614207,18836,village
614208,8976,village
614210,14232,village
614211,24634,town
614301,20394,town
614302,11839,village
614303,15111,village
614401,22522,town
614402,20865,village
614403,10927,village
614404,23433,town
614601,44696,town
614602,69215,town
614612,20678,town
614613,35352,village
614614,23338,village
614615,16178,village
614616,80462,town
614617,21834,town
614618,16675,village
614619,13746,village
614620,20452,village
614621,23171,village
614622,36147,village
614623,14486,village
614624,61945,town
614625,33148,town
614626,31050,village
614628,34700,village
614629,26070,village
614630,19403,village
614701,53307,town
614702,13695,village
614703,29051,village
614704,37032,town
614705,16728,village
614706,23120,village
614707,19606,village
614708,18775,village
614710,14632,village
614711,18763,village
614712,18955,town
614713,31795,town
614714,23648,village
614715,28291,village
614716,12117,village
614717,24093,village
614723,17246,village
614738,11230,village
614801,29718,village
614802,28088,village
614803,22616,village
614804,52277,town
614805,24956,village
614806,16613,village
614807,11459,village
614808,12125,village
614809,25343,village
614810,40512,town
614901,24486,village
614902,40641,town
614903,43694,town
614904,20360,village
614905,20336,village
614906,18815,village
620001,218460,town
620002,218460,town
620003,6613,district_apportioned
620004,6613,district_apportioned
620005,6613,district_apportioned
620006,6613,village
620007,228846,town
620008,218460,town
620009,17405,village
620010,6613,district_apportioned
620011,20154,village
620012,12398,town
620013,54972,town
620014,6613,district_apportioned
620015,56141,town
620016,23401,town
620017,7179,village
620018,6613,district_apportioned
620019,6613,district_apportioned
620020,6613,district_apportioned
620021,6613,district_apportioned
620022,6613,district_apportioned
620023,6613,district_apportioned
620024,6613,district_apportioned
620025,9974,village
620026,6613,district_apportioned
620101,21555,village
620102,48503,village
621001,20470,village
621002,38343,village
621003,28715,town
621004,18752,village
621005,62481,town
621006,25980,village
621007,14786,village
621008,27863,village
621009,24057,village
621010,25606,town
621011,27232,town
621012,21563,village
621014,25579,village
621101,27900,village
621102,4168,district_apportioned
621103,32388,town
621104,24656,village
621105,32884,village
621106,11542,village
621107,16588,town
621108,34394,town
621109,23876,village
621110,18004,town
621111,10953,village
621112,14196,village
621113,26362,village
621114,12950,village
621115,29972,village
621116,31468,village
621117,47252,village
621118,15214,village
621133,12626,village
621202,24608,village
621203,20124,village
621204,12357,village
621205,26408,village
621206,19647,village
621207,42371,town
621208,24092,village
621209,21416,village
621210,31736,town
621211,57067,town
621212,55616,town
621213,10353,village
621214,41663,town
621215,44986,town
621216,15366,town
621217,13298,village
621218,16720,village
621219,8072,village
621220,40016,village
621301,22922,village
621302,45821,village
621305,26159,village
621306,62570,town
621307,38204,village
621308,29703,village
621310,35469,village
621311,34643,village
621312,28215,village
621313,54086,village
621314,41264,town
621315,23299,village
621316,65985,town
621601,30353,town
621651,24208,town
621652,19276,town
621653,11715,village
621701,42595,village
621702,9998,village
621703,29064,village
621704,57811,town
621705,26540,village
621706,12863,village
621707,35509,village
621708,31402,village
621709,20056,village
621710,33664,village
621711,26800,village
621712,29978,town
621713,15786,village
621714,33413,village
621715,41132,village
621716,30750,village
621717,30008,village
621718,25325,village
621719,35340,village
621722,12531,village
621729,27314,town
621730,14864,village
621801,16955,village
621802,21481,village
621803,36731,village
621804,62164,town
621805,26195,village
621806,20827,village
621851,16048,village
622001,65907,town
622002,31372,village
622003,12221,village
622004,72981,town
622005,60308,town
622101,32856,town
622102,52090,town
622103,21388,village
622104,21744,village
622201,38799,town
622202,29126,village
622203,52291,village
622204,16774,village
622209,15192,village
622301,61310,town
622302,39521,town
622303,27977,village
622304,42742,village
622401,19634,village
622402,19293,village
622403,28212,village
622404,23142,village
622407,44707,town
622409,22957,village
622411,12742,village
622412,32005,village
622422,13694,village
622501,27007,village
622502,41402,town
622503,15940,village
622504,33514,village
622505,23493,village
622506,32961,village
622507,30507,village
622515,24234,village
623115,17499,village
623120,26304,town
623135,29353,village
623308,14710,village
623315,9239,village
623401,16956,village
623402,12890,village
623403,20715,village
623404,12007,village
623406,9966,village
623407,24703,village
623409,29053,town
623501,38852,town
623502,9973,village
623503,61152,town
623504,39126,town
623512,23605,village
623513,20964,village
623514,20822,town
623515,22511,village
623516,12538,village
623517,59534,town
623518,21121,town
623519,21121,town
623520,8132,district_apportioned
623521,45951,village
623522,8905,village
623523,29269,town
623524,16892,village
623525,20649,village
623526,52988,town
623527,27415,village
623528,17580,village
623529,8132,district_apportioned
623530,22942,village
623531,16956,village
623532,13999,village
623533,17354,village
623534,19060,village
623536,20983,village
623537,15233,village
623538,17801,village
623566,14815,village
623601,33676,town
623603,23891,village
623604,11745,village
623605,16225,village
623608,15484,village
623701,24196,village
623703,31722,village
623704,28181,town
623705,18730,village
623706,21722,village
623707,103711,town
623708,16113,village
623711,22667,village
623712,20344,village
623806,8132,district_apportioned
624001,76926,town
624002,36781,village
624003,111914,town
624004,76926,town
624005,72972,town
624101,45409,town
624103,55209,town
624201,54079,town
624202,72939,town
624204,27286,village
624206,10031,village
624208,30014,town
624210,16548,town
624211,28149,town
624212,14862,village
624215,34107,village
624216,14639,village
624219,42128,village
624220,28470,village
624301,34102,town
624302,16983,village
624303,26969,village
624304,34529,village
624306,52690,village
624307,10964,village
624308,45124,village
624401,83897,town
624402,29091,village
624403,37106,village
624601,78284,town
624610,21996,town
624612,25836,village
624613,47174,town
624614,38222,village
624615,29303,town
624616,24708,village
624617,37185,town
624618,40028,village
624619,66135,town
624620,43222,town
624621,26711,village
624622,27617,town
624701,14096,village
624702,37032,town
624703,21610,village
624704,25274,village
624705,48346,town
624706,18620,village
624707,26608,village
624708,24323,town
624709,49176,town
624710,53621,town
624711,14812,village
624712,12726,village
624801,44920,town
624802,41348,town
625001,182702,town
625002,181588,town
625003,11943,district_apportioned
625004,11943,district_apportioned
625005,87436,town
625006,50656,town
625007,11943,district_apportioned
625008,18930,village
625009,33421,town
625011,11943,district_apportioned
625012,11943,district_apportioned
625014,207866,town
625015,11943,district_apportioned
625016,181588,town
625017,83318,town
625018,49428,town
625019,24031,village
625020,220668,town
625021,20076,village
625022,38241,village
625023,11943,district_apportioned
625101,48724,village
625102,24089,village
625103,50351,village
625104,193776,town
625105,31358,village
625106,80921,town
625107,36339,town
625108,30046,village
625109,49283,village
625110,13635,village
625122,22747,village
625201,41025,town
625203,28133,town
625205,27191,village
625207,40900,village
625214,34521,town
625218,41419,town
625221,27730,village
625234,25555,village
625301,45096,town
625402,51912,town
625501,50590,town
625503,38070,town
625512,94860,town
625513,46810,town
625514,41027,village
625515,91725,town
625516,8972,district_apportioned
625517,18276,village
625518,63222,town
625519,8972,district_apportioned
625520,26833,village
625521,23594,village
625522,24932,town
625523,14156,village
625524,28209,town
625525,8972,district_apportioned
625526,29370,village
625527,29223,village
625528,35737,village
625529,25700,village
625530,37586,town
625531,131434,town
625532,81992,town
625533,44391,town
625534,71140,town
625535,41886,village
625536,29190,village
625537,27991,village
625540,32290,town
625556,8972,district_apportioned
625562,20704,village
625579,62353,village
625582,79504,town
625601,36827,town
625602,34887,town
625603,50583,town
625604,31908,town
625605,21344,town
625701,29389,village
625702,36758,town
625703,41676,town
625704,28113,village
625705,41618,village
625706,105584,town
625707,19394,village
625708,19053,village
626001,58885,town
626002,44019,town
626003,47770,town
626004,26327,town
626005,25331,town
626101,100551,town
626102,61032,town
626103,30744,town
626104,18808,village
626105,21637,village
626106,33738,town
626107,17602,village
626108,14409,village
626109,23311,village
626110,15092,village
626111,20655,village
626112,35629,town
626113,12425,district_apportioned
626114,21748,village
626115,20028,village
626116,12425,district_apportioned
626117,153406,town
626118,19768,village
626119,15896,village
626121,32673,town
626122,12425,district_apportioned
626123,36105,town
626124,104389,town
626125,55575,town
626126,35569,town
626127,26520,town
626128,27988,village
626129,33036,village
626130,78741,town
626131,33652,village
626132,16300,village
626133,12425,district_apportioned
626134,20817,village
626135,57073,town
626136,24330,village
626137,20830,village
626138,33183,village
626139,24032,village
626140,10044,village
626141,18582,village
626142,22540,village
626149,32151,village
626161,21075,town
626188,17899,town
626189,105742,town
626201,26617,town
626202,16834,village
626203,64310,town
626204,23176,village
626205,18440,village
626607,18511,village
626612,19494,village
627001,125879,town
627002,11427,village
627003,7470,district_apportioned
627004,125879,town
627005,7470,district_apportioned
627006,131213,town
627007,12636,village
627008,7470,district_apportioned
627009,125879,town
627010,11620,village
627011,12337,village
627012,9393,village
627101,7835,village
627102,17229,village
627103,25537,town
627104,18324,village
627105,7470,district_apportioned
627106,7470,district_apportioned
627107,12790,village
627108,28307,town
627109,37365,town
627110,12542,village
627111,20701,village
627112,16073,village
627113,27192,town
627114,27175,village
627115,19560,town
627116,13778,village
627117,22791,village
627118,12548,village
627119,12548,village
627120,7470,district_apportioned
627127,7470,district_apportioned
627133,18190,village
627151,13398,village
627152,15094,village
627201,37921,village
627202,17663,village
627351,17380,village
627352,19006,village
627353,9144,village
627354,24794,town
627355,21754,village
627356,20779,village
627357,39615,town
627358,14623,village
627359,15105,village
627401,25292,town
627412,19352,town
627413,37505,town
627414,13393,village
627415,38448,town
627416,39552,town
627417,10897,village
627418,13703,town
627420,7470,district_apportioned
627421,18793,town
627422,7470,district_apportioned
627423,13972,village
627424,16550,village
627425,21751,town
627426,32820,town
627427,7470,district_apportioned
627428,7470,district_apportioned
627451,18164,town
627452,7470,district_apportioned
627453,24095,town
627501,47358,town
627502,19096,village
627601,22453,town
627602,14577,village
627603,7470,district_apportioned
627604,21607,village
627651,13751,village
627652,15588,village
627654,12338,village
627657,44397,town
627713,10166,village
627719,24203,village
627751,130667,town
627753,42377,village
627754,39972,village
627755,32093,village
627756,7470,district_apportioned
627757,57651,town
627758,30822,town
627759,8380,village
627760,22163,village
627761,14349,village
627764,13752,town
627802,12589,town
627803,29090,village
627804,25508,village
627805,17752,town
627806,55959,town
627807,16783,town
627808,37587,village
627809,32152,village
627811,78015,town
627812,28291,town
627813,20790,village
627814,25988,village
627818,22005,town
627851,75460,town
627852,12224,village
627853,30464,town
627854,26476,village
627855,8134,village
627856,11101,village
627857,9393,village
627858,7470,district_apportioned
627859,52200,town
627860,29191,village
627861,39698,village
627862,42406,village
627951,15857,village
627953,18615,village
628001,65286,town
628002,172595,town
628003,65286,town
628004,65286,town
628005,30507,town
628006,5829,district_apportioned
628007,5829,district_apportioned
628008,5829,district_apportioned
628101,10741,village
628102,6899,village
628103,14934,village
628104,11834,village
628105,13154,village
628151,36712,town
628152,7753,village
628201,11866,town
628202,33489,town
628203,26806,town
628204,46417,town
628205,17919,village
628206,5829,district_apportioned
628207,14258,village
628208,12478,village
628209,11624,village
628210,15187,village
628211,10657,village
628212,7229,village
628213,16746,village
628215,38000,town
628216,15415,town
628217,5829,district_apportioned
628218,8551,village
628219,5829,district_apportioned
628229,5829,district_apportioned
628251,13048,village
628252,20228,village
628301,11752,village
628302,11318,village
628303,10254,village
628304,7211,village
628401,18439,village
628402,19300,town
628501,53873,town
628502,88883,town
628503,6518,village
628552,16376,village
628601,21676,town
628612,19958,town
628613,13550,village
628614,7036,village
628615,12278,village
628616,17626,town
628617,22626,town
628618,8775,village
628619,19981,village
628620,13870,village
628621,11302,village
628622,17245,village
628623,13658,town
628653,11832,village
628656,5829,district_apportioned
628701,6959,village
628702,11417,village
628703,16688,village
628704,37061,town
628712,18630,village
628714,22281,town
628716,17352,village
628718,13096,village
628720,14573,village
628721,13134,village
628722,7377,village
628751,5829,district_apportioned
628752,13032,town
628753,9916,village
628801,13368,village
628802,19190,village
628809,17959,village
628851,12666,village
628901,11505,village
628902,31688,town
628903,23089,village
628904,21675,village
628905,18137,village
628906,13643,village
628907,24820,town
628908,7005,village
628952,21604,town
629001,139577,town
629002,9286,district_apportioned
629003,15376,town
629004,123372,town
629101,9286,district_apportioned
629102,9286,district_apportioned
629151,32409,town
629152,20656,town
629153,54323,town
629154,9286,district_apportioned
629155,9286,district_apportioned
629156,25284,town
629157,9286,district_apportioned
629158,34304,town
629159,49052,town
629160,9286,district_apportioned
629161,69046,town
629162,9286,district_apportioned
629163,42534,town
629164,29928,town
629165,31055,town
629166,29016,town
629167,28824,town
629168,33336,town
629169,9286,district_apportioned
629170,9286,district_apportioned
629171,30224,town
629172,28703,town
629173,32916,town
629174,28009,town
629175,40179,town
629176,15738,town
629177,60747,town
629178,9286,district_apportioned
629179,32942,town
629180,24590,town
629193,39710,town
629201,26108,town
629202,9286,district_apportioned
629203,9286,district_apportioned
629204,9286,district_apportioned
629251,42349,town
629252,60161,town
629301,29860,town
629302,13766,village
629401,28630,town
629402,25440,town
629403,17174,town
629501,9286,district_apportioned
629502,23884,town
629601,11810,village
629602,22450,town
629701,26641,town
629702,41512,town
629703,20341,town
629704,50626,town
629801,17827,town
629802,52873,town
629803,15744,town
629804,9286,district_apportioned
629809,9286,district_apportioned
629810,9286,district_apportioned
629851,24812,town
629852,29697,town
629901,29670,town
630001,62144,town
630002,61757,town
630003,8400,district_apportioned
630005,25688,town
630101,11525,village
630102,8400,district_apportioned
630103,15767,town
630104,17227,town
630105,11951,village
630106,17850,town
630107,18402,town
630108,24548,town
630201,8400,district_apportioned
630202,22592,village
630203,19987,village
630204,10363,village
630205,8400,district_apportioned
630206,12089,village
630207,14193,village
630208,8400,district_apportioned
630210,13086,village
630211,48331,town
630212,11391,village
630301,8400,district_apportioned
630302,25688,town
630303,39679,town
630305,21868,village
630306,11402,village
630307,16846,village
630309,23454,village
630311,8400,district_apportioned
630312,11384,village
630313,12688,village
630314,12181,village
630321,9811,village
630405,27369,town
630408,10865,village
630410,16848,village
630411,11146,village
630501,14220,village
630502,47038,town
630551,13153,village
630552,12876,village
630553,21901,village
630554,17010,village
630555,10404,village
630556,20849,town
630557,14614,village
630558,12101,village
630559,17169,village
630561,28601,town
630562,67679,town
630566,14175,village
630602,11973,village
630606,41268,town
630609,27832,village
630610,26110,village
630611,55405,town
630612,16250,village
630702,53588,town
630709,15965,village
630710,22753,village
630713,14372,village
631001,87887,town
631002,41470,town
631003,35147,village
631004,33468,village
631005,9492,district_apportioned
631006,9492,district_apportioned
631051,49621,town
631052,36559,town
631101,9492,district_apportioned
631102,78930,town
631151,30363,town
631152,9492,district_apportioned
631201,26017,village
631202,40650,town
631203,49872,town
631204,85075,town
631205,37934,village
631206,28325,village
631207,49103,town
631208,37285,town
631209,77618,town
631210,44056,town
631211,19113,village
631212,27933,village
631213,19976,village
631301,36529,town
631302,40055,town
631303,21210,village
631304,29816,town
631402,19660,village
631501,177877,town
631502,76765,town
631551,26732,village
631552,22638,village
631553,27873,village
631561,23679,village
631601,43933,town
631603,27534,village
631604,25595,village
631605,43618,town
631606,26617,village
631701,29189,village
631702,32537,town
632001,46739,town
632002,60105,town
632004,46739,town
632006,53362,town
632007,40518,town
632008,26601,town
632009,107784,town
632010,17180,village
632011,18008,town
632012,9492,district_apportioned
632013,20964,town
632014,46739,town
632055,23891,town
632057,16787,village
632058,22374,town
632059,16438,village
632101,24688,village
632102,20123,town
632103,35370,town
632104,22659,village
632105,32165,village
632106,32556,town
632107,22353,village
632113,19482,village
632114,20970,village
632115,9492,district_apportioned
632201,14813,town
632202,36962,village
632203,14619,village
632204,19662,village
632209,23533,village
632301,16484,district_apportioned
632311,46405,town
632312,9492,district_apportioned
632313,37528,village
632314,33459,village
632315,43230,village
632316,35494,town
632317,59657,town
632318,20247,village
632319,19405,village
632326,23725,village
632401,34874,town
632403,34874,town
632404,19499,town
632405,18495,village
632406,9492,district_apportioned
632501,52274,town
632502,23160,village
632503,69924,town
632504,17295,town
632505,27275,village
632506,41149,town
632507,31567,village
632508,22632,village
632509,57838,town
632510,36635,village
632511,15763,village
632512,41433,town
632513,79620,town
632514,26641,village
632515,24186,town
632516,17554,village
632517,33341,village
632518,17223,village
632519,59475,town
632520,23953,village
632521,30773,town
632531,21815,village
632601,45575,town
632602,55271,town
632603,31485,village
632604,24424,village
635001,49672,town
635002,59482,town
635101,58111,town
635102,69251,village
635103,39834,village
635104,59863,town
635105,47966,village
635106,36680,village
635107,82789,town
635108,39818,village
635109,117741,town
635110,76579,town
635111,25781,district_apportioned
635112,90909,town
635113,66015,town
635114,31580,village
635115,53590,town
635116,30347,village
635117,51820,village
635118,52673,village
635119,42480,village
635120,49610,village
635121,60629,village
635122,35507,village
635123,45527,village
635124,30353,village
635126,107801,town
635130,47961,village
635201,37253,village
635202,83503,town
635203,42157,village
635204,45961,village
635205,49963,village
635206,45889,village
635207,54693,town
635301,47561,village
635302,51753,village
635303,35941,town
635304,38587,village
635305,57838,town
635306,40814,village
635307,51339,village
635601,51298,town
635602,93946,town
635651,57313,village
635652,31463,village
635653,34019,village
635654,25625,village
635655,36634,village
635701,50007,town
635702,45713,village
635703,40930,village
635710,36887,village
635751,141463,town
635752,39381,village
635754,37242,town
635801,32353,village
635802,136232,town
635803,75854,town
635804,35877,village
635805,30912,village
635806,31075,village
635807,19348,village
635808,17772,village
635809,42752,town
635810,34342,village
635811,29630,town
635812,19242,village
635813,25626,town
635814,21529,village
635815,23798,village
635851,69142,town
635852,28362,town
635853,29589,town
635854,47169,village
635901,40461,town
636001,178626,town
636002,14857,village
636003,12773,district_apportioned
636004,13964,village
636005,12773,district_apportioned
636006,179045,town
636007,178626,town
636008,40872,town
636009,12773,district_apportioned
636010,54579,town
636011,20664,town
636012,42384,town
636013,190678,town
636014,12773,district_apportioned
636015,30816,town
636016,12773,district_apportioned
636017,12773,district_apportioned
636030,25221,town
636101,31724,village
636102,12773,district_apportioned
636103,26221,town
636104,39899,town
636105,103346,town
636106,29507,village
636107,41125,town
636108,49345,town
636109,41942,town
636110,21447,village
636111,16139,village
636112,57357,town
636113,49100,town
636114,32563,village
636115,47820,village
636116,53301,town
636117,19678,village
636118,20593,village
636119,16243,village
636121,47245,village
636122,37853,village
636138,26503,village
636139,42779,village
636140,15087,village
636141,42056,village
636142,14198,village
636201,30569,town
636202,46815,village
636203,26144,town
636204,29054,town
636301,20042,town
636302,17648,town
636303,58647,town
636304,33499,village
636305,54164,village
636306,43827,village
636307,27818,town
636308,31347,village
636309,48444,village
636351,45820,town
636352,41065,village
636354,30401,village
636401,12773,district_apportioned
636402,12773,district_apportioned
636403,12773,district_apportioned
636404,31539,village
636406,66601,town
636451,53538,village
636452,25182,village
636453,58674,town
636454,27000,town
636455,56603,town
636456,178626,town
636457,26607,town
636458,24515,village
636501,60466,town
636502,71957,town
636503,33741,village
636601,33707,town
636602,18384,village
636701,63770,town
636704,43422,village
636705,58868,town
636803,61886,village
636804,41161,village
636805,39911,village
636806,47500,town
636807,72065,village
636808,70484,village
636809,62310,town
636810,118339,town
636811,53029,village
636812,35199,village
636813,50718,village
636902,31171,village
636903,86145,town
636904,45541,village
636905,64173,town
636906,56278,town
637001,36676,town
637002,50023,town
637003,61598,town
637013,32955,village
637014,21852,village
637015,39603,town
637017,15077,village
637018,18763,village
637019,31704,village
637020,34583,village
637021,24831,village
637101,7748,district_apportioned
637102,26184,town
637103,28724,village
637104,8259,village
637105,21412,village
637107,9030,village
637201,22067,village
637202,32166,village
637203,16750,village
637204,16220,village
637205,25248,village
637206,14506,village
637207,31216,town
637208,18159,town
637209,105344,town
637210,26624,village
637211,103083,town
637212,16436,village
637213,16529,village
637214,15655,village
637215,18886,village
637301,19532,village
637302,12379,village
637303,45830,town
637304,28811,village
637401,24619,village
637402,17563,village
637403,23960,town
637404,25982,town
637405,21682,village
637406,50492,town
637407,14477,village
637408,100720,town
637409,20611,town
637410,26926,town
637411,47464,village
637412,20944,village
637501,46126,town
637502,29777,town
637503,49858,town
637504,39195,town
637505,21867,village
638001,67059,town
638002,83949,town
638003,18724,village
638004,99145,town
638005,14692,district_apportioned
638006,66007,town
638007,19789,village
638008,73089,town
638009,97733,town
638010,14692,district_apportioned
638011,67059,town
638012,30132,town
638051,33486,town
638052,33789,town
638053,27157,town
638054,22615,village
638055,24090,village
638056,8983,village
638057,30599,town
638060,14692,district_apportioned
638101,36383,town
638102,32459,town
638103,132328,town
638104,41887,town
638105,29447,town
638106,38702,town
638107,36489,town
638108,28087,village
638109,37994,town
638110,8959,village
638111,71839,town
638112,33772,village
638115,39417,town
638116,29107,town
638151,39229,town
638152,22779,town
638153,14692,district_apportioned
638154,25983,town
638181,28654,town
638182,36450,town
638183,15424,village
638301,72701,town
638311,52724,town
638312,49192,town
638313,22527,village
638314,95465,town
638315,42433,town
638316,22441,village
638401,93427,town
638402,61819,town
638451,42258,town
638452,44454,town
638453,43451,village
638454,68590,town
638455,86957,town
638456,25992,town
638457,26717,village
638458,11329,village
638459,19154,village
638460,13746,village
638461,42000,village
638462,13496,village
638476,64878,town
638501,88998,town
638502,42469,town
638503,46904,town
638504,27080,village
638505,28883,village
638506,23067,village
638656,64878,town
638657,33597,village
638660,16519,village
638661,57419,town
638672,15432,village
638673,25295,village
638701,67248,town
638702,29418,town
638703,16143,village
638706,16296,village
638751,13187,town
638752,20807,town
638812,18264,town
639001,46715,town
639002,28056,village
639003,22894,village
639004,45653,town
639005,26814,village
639006,26867,town
639007,46715,town
639008,42228,town
639101,14555,village
639102,37749,town
639103,24475,village
639104,40341,town
639105,30802,village
639107,26474,town
639108,24244,village
639109,17408,village
639110,57514,town
639111,26390,village
639112,20155,village
639113,41424,town
639114,42479,town
639115,28830,town
639116,29041,town
639117,19764,village
639118,30408,village
639119,44281,village
639120,50420,village
639136,16671,village
639201,12695,village
639202,14354,town
639203,13750,village
639205,35921,town
639206,47760,village
639207,34057,town
641001,182765,town
641002,7645,district_apportioned
641003,7645,district_apportioned
641004,7645,district_apportioned
641005,11195,village
641006,7645,village
641007,43144,town
641008,278689,town
641009,7645,district_apportioned
641010,63509,town
641011,7645,district_apportioned
641012,7645,district_apportioned
641013,7645,district_apportioned
641014,182765,town
641015,7645,district_apportioned
641016,27131,town
641017,22565,village
641018,182765,town
641019,205417,town
641020,16243,village
641021,182765,town
641022,7645,district_apportioned
641023,7645,district_apportioned
641024,7645,district_apportioned
641025,7645,district_apportioned
641026,9400,village
641027,7645,district_apportioned
641028,13526,village
641029,23643,town
641030,7645,district_apportioned
641031,7645,district_apportioned
641032,32133,town
641033,7645,district_apportioned
641034,41569,town
641035,69507,town
641036,12322,village
641037,7645,district_apportioned
641038,7645,district_apportioned
641039,7645,district_apportioned
641040,7645,district_apportioned
641041,31096,town
641042,7645,district_apportioned
641043,7645,district_apportioned
641044,7645,district_apportioned
641045,7645,district_apportioned
641046,7645,district_apportioned
641047,46504,town
641048,52866,town
641049,27767,town
641050,20581,town
641062,18850,town
641101,34212,town
641103,33336,town
641104,70181,town
641105,60638,town
641107,38221,village
641108,39425,town
641109,39659,town
641110,25299,village
641111,34177,town
641112,16997,town
641113,26633,village
641114,7645,district_apportioned
641201,23712,town
641202,19430,village
641301,43024,town
641302,48835,town
641305,10163,village
641401,9450,village
641402,65411,town
641407,19155,town
641601,119210,town
641602,119210,town
641603,8122,district_apportioned
641604,119210,town
641605,100972,town
641606,44972,town
641607,136471,town
641652,39650,town
641653,66832,town
641654,93070,town
641655,30562,village
641658,16568,village
641659,73303,town
641662,19529,village
641663,56511,town
641664,84856,town
641665,30734,village
641666,56376,town
641667,17223,village
641668,13615,village
641669,25409,village
641670,29942,village
641671,14730,village
641687,28898,town
641697,43298,town
642001,97825,town
642002,24074,town
642003,16574,village
642004,7645,district_apportioned
642005,28957,village
642006,7645,district_apportioned
642007,21841,village
642101,7645,district_apportioned
642102,12564,village
642103,18384,village
642104,25363,town
642105,7645,district_apportioned
642106,7645,district_apportioned
642107,19887,village
642108,7645,district_apportioned
642109,40904,town
642110,63666,town
642111,8618,village
642112,26125,town
642113,33345,town
642114,7645,district_apportioned
642117,7645,district_apportioned
642120,24971,town
642122,26576,town
642123,21071,town
642125,7645,district_apportioned
642126,69255,town
642127,78504,town
642128,8122,district_apportioned
642129,23505,town
642130,7645,district_apportioned
642132,11222,village
642133,7645,district_apportioned
642134,17331,village
642154,53832,village
642201,30655,village
642202,14405,village
642203,52680,town
642204,29532,town
642205,27875,village
642206,17475,village
642207,24428,village
643001,100549,town
643002,20476,village
643003,3905,district_apportioned
643004,26788,village
643005,18869,town
643006,3905,district_apportioned
643007,13092,village
643101,29141,town
643102,32817,town
643103,9137,village
643105,3905,district_apportioned
643201,3905,district_apportioned
643202,33578,town
643203,17527,village
643204,3905,district_apportioned
643205,3905,district_apportioned
643206,17218,village
643207,28859,town
643209,8552,village
643211,30366,town
643212,28672,town
643213,3905,district_apportioned
643214,14891,village
643215,15519,town
643216,5093,village
643217,68902,town
643218,3905,district_apportioned
643219,12722,village
643220,37411,village
643221,17149,village
643223,12688,village
643224,12410,town
643225,4388,village
643226,3905,district_apportioned
643228,3905,district_apportioned
643231,23367,town
643233,3905,district_apportioned
643236,10725,village
643237,3905,district_apportioned
643238,3905,district_apportioned
643239,14209,village
643240,3905,district_apportioned
643241,3905,district_apportioned
643242,3905,district_apportioned
643243,3905,district_apportioned
643253,3905,district_apportioned
670001,24980,district_apportioned
670002,24980,district_apportioned
670003,24980,district_apportioned
670004,24980,district_apportioned
670005,24980,district_apportioned
670006,24980,district_apportioned
670007,24980,district_apportioned
670008,24980,district_apportioned
670009,24980,district_apportioned
670010,24980,district_apportioned
670011,24980,district_apportioned
670012,24980,district_apportioned
670013,24980,district_apportioned
670014,24980,district_apportioned
670017,24980,district_apportioned
670018,24980,district_apportioned
670101,24980,district_apportioned
670102,24980,district_apportioned
670103,24980,district_apportioned
670104,24980,district_apportioned
670105,24980,district_apportioned
670106,24980,district_apportioned
670107,24980,district_apportioned
670141,24980,district_apportioned
670142,24980,district_apportioned
670143,24980,district_apportioned
670301,24980,district_apportioned
670302,24980,district_apportioned
670303,24980,district_apportioned
670304,24980,district_apportioned
670305,24980,district_apportioned
670306,24980,district_apportioned
670307,24980,district_apportioned
670308,24980,district_apportioned
670309,24980,district_apportioned
670310,24980,district_apportioned
670325,24980,district_apportioned
670327,24980,district_apportioned
670331,24980,district_apportioned
670334,24980,district_apportioned
670353,24980,district_apportioned
670358,24980,district_apportioned
670501,24980,district_apportioned
670502,24980,district_apportioned
670503,24980,district_apportioned
670504,24980,district_apportioned
670511,24980,district_apportioned
670521,24980,district_apportioned
670561,24980,district_apportioned
670562,24980,district_apportioned
670563,24980,district_apportioned
670567,24980,district_apportioned
670571,24980,district_apportioned
670581,24980,district_apportioned
670582,24980,district_apportioned
670591,24980,district_apportioned
670592,24980,district_apportioned
670593,24980,district_apportioned
670594,24980,district_apportioned
670595,24980,district_apportioned
670601,24980,district_apportioned
670602,24980,district_apportioned
670604,24980,district_apportioned
670611,24980,district_apportioned
670612,24980,district_apportioned
670613,24980,district_apportioned
670621,24980,district_apportioned
670622,24980,district_apportioned
670631,24980,district_apportioned
670632,24980,district_apportioned
670633,24980,district_apportioned
670641,24980,district_apportioned
670642,24980,district_apportioned
670643,24980,district_apportioned
670644,43022,district_apportioned
670645,43022,district_apportioned
670646,43022,district_apportioned
670649,24980,district_apportioned
670650,24980,district_apportioned
670651,24980,district_apportioned
670661,24980,district_apportioned
670662,24980,district_apportioned
670663,24980,district_apportioned
670671,24980,district_apportioned
670672,24980,district_apportioned
670673,24980,district_apportioned
670674,24980,district_apportioned
670675,24980,district_apportioned
670676,24980,district_apportioned
670691,24980,district_apportioned
670692,24980,district_apportioned
670693,24980,district_apportioned
670694,24980,district_apportioned
670701,24980,district_apportioned
670702,24980,district_apportioned
670703,24980,district_apportioned
670704,24980,district_apportioned
670705,24980,district_apportioned
670706,24980,district_apportioned
670721,43022,district_apportioned
670731,43022,district_apportioned
670741,24980,district_apportioned
671121,43579,district_apportioned
671122,43579,district_apportioned
671123,43579,district_apportioned
671124,43579,district_apportioned
671310,43579,district_apportioned
671311,43579,district_apportioned
671312,43579,district_apportioned
671313,43579,district_apportioned
671314,43579,district_apportioned
671315,43579,district_apportioned
671316,43579,district_apportioned
671317,43579,district_apportioned
671318,43579,district_apportioned
671319,43579,district_apportioned
671321,43579,district_apportioned
671322,43579,district_apportioned
671323,43579,district_apportioned
671324,43579,district_apportioned
671326,43579,district_apportioned
671348,43579,district_apportioned
671351,43579,district_apportioned
671531,43579,district_apportioned
671532,43579,district_apportioned
671533,43579,district_apportioned
671534,43579,district_apportioned
671541,43579,district_apportioned
671542,43579,district_apportioned
671543,43579,district_apportioned
671551,43579,district_apportioned
671552,43579,district_apportioned
673001,35072,district_apportioned
673002,35072,district_apportioned
673003,35072,district_apportioned
673004,35072,district_apportioned
673005,35072,district_apportioned
673006,35072,district_apportioned
673007,35072,district_apportioned
673008,35072,district_apportioned
673009,35072,district_apportioned
673010,35072,district_apportioned
673011,35072,district_apportioned
673012,35072,district_apportioned
673014,35072,district_apportioned
673015,35072,district_apportioned
673016,35072,district_apportioned
673017,35072,district_apportioned
673018,35072,district_apportioned
673019,35072,district_apportioned
673020,35072,district_apportioned
673021,35072,district_apportioned
673027,35072,district_apportioned
673028,35072,district_apportioned
673029,35072,district_apportioned
673032,35072,district_apportioned
673051,35072,district_apportioned
673101,35072,district_apportioned
673102,35072,district_apportioned
673103,35072,district_apportioned
673104,35072,district_apportioned
673105,35072,district_apportioned
673106,35072,district_apportioned
673121,43022,district_apportioned
673122,43022,district_apportioned
673123,43022,district_apportioned
673124,43022,district_apportioned
673301,35072,district_apportioned
673302,35072,district_apportioned
673303,35072,district_apportioned
673304,35072,district_apportioned
673305,35072,district_apportioned
673306,35072,district_apportioned
673307,35072,district_apportioned
673308,35072,district_apportioned
673309,35072,district_apportioned
673310,41816,district_apportioned
673311,24980,district_apportioned
673312,24980,district_apportioned
673313,24980,district_apportioned
673314,41129,district_apportioned
673315,35072,district_apportioned
673316,24980,district_apportioned
673317,35072,district_apportioned
673323,35072,district_apportioned
673328,35072,district_apportioned
673501,35072,district_apportioned
673502,35072,district_apportioned
673503,35072,district_apportioned
673504,35072,district_apportioned
673505,35072,district_apportioned
673506,35072,district_apportioned
673507,35072,district_apportioned
673508,35072,district_apportioned
673509,35072,district_apportioned
673513,35072,district_apportioned
673517,35072,district_apportioned
673521,35072,district_apportioned
673522,35072,district_apportioned
673523,35072,district_apportioned
673524,35072,district_apportioned
673525,35072,district_apportioned
673526,35072,district_apportioned
673527,35072,district_apportioned
673528,35072,district_apportioned
673529,35072,district_apportioned
673541,35072,district_apportioned
673542,35072,district_apportioned
673570,35072,district_apportioned
673571,35072,district_apportioned
673572,35072,district_apportioned
673573,35072,district_apportioned
673574,35072,district_apportioned
673575,43022,district_apportioned
673576,43022,district_apportioned
673577,43022,district_apportioned
673579,43022,district_apportioned
673580,35072,district_apportioned
673581,43022,district_apportioned
673582,35072,district_apportioned
673585,35072,district_apportioned
673586,35072,district_apportioned
673591,43022,district_apportioned
673592,43022,district_apportioned
673593,43022,district_apportioned
673595,43022,district_apportioned
673596,43022,district_apportioned
673601,35072,district_apportioned
673602,35072,district_apportioned
673603,35072,district_apportioned
673604,35072,district_apportioned
673611,35072,district_apportioned
673612,35072,district_apportioned
673613,35072,district_apportioned
673614,35072,district_apportioned
673616,35072,district_apportioned
673620,35072,district_apportioned
673631,35072,district_apportioned
673632,41129,district_apportioned
673633,41129,district_apportioned
673634,41129,district_apportioned
673635,41129,district_apportioned
673636,41129,district_apportioned
673637,41129,district_apportioned
673638,41129,district_apportioned
673639,41129,district_apportioned
673640,41129,district_apportioned
673641,41129,district_apportioned
673642,41129,district_apportioned
673645,41129,district_apportioned
673647,41129,district_apportioned
673655,35072,district_apportioned
673661,35072,district_apportioned
676101,41129,district_apportioned
676102,41129,district_apportioned
676103,41129,district_apportioned
676104,41129,district_apportioned
676105,41129,district_apportioned
676106,41129,district_apportioned
676107,41129,district_apportioned
676108,41129,district_apportioned
676109,41129,district_apportioned
676121,41129,district_apportioned
676122,41129,district_apportioned
676123,41129,district_apportioned
676301,41129,district_apportioned
676302,41129,district_apportioned
676303,41129,district_apportioned
676304,41129,district_apportioned
676305,41129,district_apportioned
676306,41129,district_apportioned
676307,41129,district_apportioned
676309,41129,district_apportioned
676311,41129,district_apportioned
676312,41129,district_apportioned
676317,41129,district_apportioned
676319,41129,district_apportioned
676320,41129,district_apportioned
676501,41129,district_apportioned
676502,41129,district_apportioned
676503,41129,district_apportioned
676504,41129,district_apportioned
676505,41129,district_apportioned
676506,41129,district_apportioned
676507,41129,district_apportioned
676508,41129,district_apportioned
676509,41129,district_apportioned
676510,41129,district_apportioned
676517,41129,district_apportioned
676519,41129,district_apportioned
676521,41129,district_apportioned
676522,41129,district_apportioned
676523,41129,district_apportioned
676525,41129,district_apportioned
676528,41129,district_apportioned
676541,41129,district_apportioned
676542,41129,district_apportioned
676551,41129,district_apportioned
676552,41129,district_apportioned
676553,41129,district_apportioned
676561,41129,district_apportioned
676562,41129,district_apportioned
678001,20362,district_apportioned
678002,20362,district_apportioned
678003,20362,district_apportioned
678004,20362,district_apportioned
678005,20362,district_apportioned
678006,20362,district_apportioned
678007,20362,district_apportioned
678008,20362,district_apportioned
678009,20362,district_apportioned
678010,20362,district_apportioned
678011,20362,district_apportioned
678012,20362,district_apportioned
678013,20362,district_apportioned
678014,20362,district_apportioned
678101,20362,district_apportioned
678102,20362,district_apportioned
678103,20362,district_apportioned
678104,20362,district_apportioned
678501,20362,district_apportioned
678502,20362,district_apportioned
678503,20362,district_apportioned
678504,20362,district_apportioned
678505,20362,district_apportioned
678506,20362,district_apportioned
678507,20362,district_apportioned
678508,20362,district_apportioned
678510,20362,district_apportioned
678512,20362,district_apportioned
678531,20362,district_apportioned
678532,20362,district_apportioned
678533,20362,district_apportioned
678534,20362,district_apportioned
678541,20362,district_apportioned
678542,20362,district_apportioned
678543,20362,district_apportioned
678544,20362,district_apportioned
678545,20362,district_apportioned
678546,20362,district_apportioned
678551,20362,district_apportioned
678552,20362,district_apportioned
678553,20362,district_apportioned
678554,20362,district_apportioned
678555,20362,district_apportioned
678556,20362,district_apportioned
678557,20362,district_apportioned
678571,20362,district_apportioned
678572,20362,district_apportioned
678573,20362,district_apportioned
678574,20362,district_apportioned
678581,20362,district_apportioned
678582,20362,district_apportioned
678583,20362,district_apportioned
678591,20362,district_apportioned
678592,20362,district_apportioned
678593,20362,district_apportioned
678594,20362,district_apportioned
678595,20362,district_apportioned
678596,20362,district_apportioned
678597,20362,district_apportioned
678598,20362,district_apportioned
678601,20362,district_apportioned
678611,20362,district_apportioned
678612,20362,district_apportioned
678613,20362,district_apportioned
678621,20362,district_apportioned
678622,20362,district_apportioned
678623,20362,district_apportioned
678624,20362,district_apportioned
678631,20362,district_apportioned
678632,20362,district_apportioned
678633,20362,district_apportioned
678641,20362,district_apportioned
678642,20362,district_apportioned
678651,20362,district_apportioned
678661,20362,district_apportioned
678671,20362,district_apportioned
678681,20362,district_apportioned
678682,20362,district_apportioned
678683,20362,district_apportioned
678684,20362,district_apportioned
678685,20362,district_apportioned
678686,20362,district_apportioned
678687,20362,district_apportioned
678688,20362,district_apportioned
678701,20362,district_apportioned
678702,20362,district_apportioned
678703,20362,district_apportioned
678704,20362,district_apportioned
678705,20362,district_apportioned
678706,20362,district_apportioned
678721,20362,district_apportioned
678722,20362,district_apportioned
678731,20362,district_apportioned
678732,20362,district_apportioned
678762,20362,district_apportioned
679101,20362,district_apportioned
679102,20362,district_apportioned
679103,20362,district_apportioned
679104,20362,district_apportioned
679105,18802,district_apportioned
679106,18802,district_apportioned
679121,20362,district_apportioned
679122,20362,district_apportioned
679123,20362,district_apportioned
679301,20362,district_apportioned
679302,20362,district_apportioned
679303,20362,district_apportioned
679304,20362,district_apportioned
679305,20362,district_apportioned
679306,20362,district_apportioned
679307,20362,district_apportioned
679308,20362,district_apportioned
679309,20362,district_apportioned
679313,20362,district_apportioned
679321,41129,district_apportioned
679322,41129,district_apportioned
679323,41129,district_apportioned
679324,41129,district_apportioned
679325,41129,district_apportioned
679326,41129,district_apportioned
679327,41129,district_apportioned
679328,41129,district_apportioned
679329,41129,district_apportioned
679330,41129,district_apportioned
679331,41129,district_apportioned
679332,41129,district_apportioned
679333,41129,district_apportioned
679334,41129,district_apportioned
679335,20362,district_apportioned
679336,20362,district_apportioned
679337,20362,district_apportioned
679338,41129,district_apportioned
679339,41129,district_apportioned
679340,41129,district_apportioned
679341,41129,district_apportioned
679357,41129,district_apportioned
679501,20362,district_apportioned
679502,20362,district_apportioned
679503,20362,district_apportioned
679504,20362,district_apportioned
679505,20362,district_apportioned
679506,20362,district_apportioned
679511,20362,district_apportioned
679512,20362,district_apportioned
679513,20362,district_apportioned
679514,20362,district_apportioned
679515,20362,district_apportioned
679516,20362,district_apportioned
679521,20362,district_apportioned
679522,20362,district_apportioned
679523,20362,district_apportioned
679531,18802,district_apportioned
679532,18802,district_apportioned
679533,20362,district_apportioned
679534,20362,district_apportioned
679535,20362,district_apportioned
679536,20362,district_apportioned
679551,20362,district_apportioned
679552,20362,district_apportioned
679553,20362,district_apportioned
679554,20362,district_apportioned
679561,18802,district_apportioned
679562,18802,district_apportioned
679563,18802,district_apportioned
679564,18802,district_apportioned
679571,41129,district_apportioned
679572,41129,district_apportioned
679573,41129,district_apportioned
679574,41129,district_apportioned
679575,41129,district_apportioned
679576,41129,district_apportioned
679577,41129,district_apportioned
679578,41129,district_apportioned
679579,41129,district_apportioned
679580,41129,district_apportioned
679581,41129,district_apportioned
679582,41129,district_apportioned
679583,41129,district_apportioned
679584,41129,district_apportioned
679585,41129,district_apportioned
679586,41129,district_apportioned
679587,41129,district_apportioned
679591,41129,district_apportioned
680001,18802,district_apportioned
680002,18802,district_apportioned
680003,18802,district_apportioned
680004,18802,district_apportioned
680005,18802,district_apportioned
680006,18802,district_apportioned
680007,18802,district_apportioned
680008,18802,district_apportioned
680009,18802,district_apportioned
680010,18802,district_apportioned
680011,18802,district_apportioned
680012,18802,district_apportioned
680013,18802,district_apportioned
680014,18802,district_apportioned
680020,18802,district_apportioned
680021,18802,district_apportioned
680022,18802,district_apportioned
680026,18802,district_apportioned
680027,18802,district_apportioned
680028,18802,district_apportioned
680101,18802,district_apportioned
680102,18802,district_apportioned
680103,18802,district_apportioned
680104,18802,district_apportioned
680121,18802,district_apportioned
680122,18802,district_apportioned
680123,18802,district_apportioned
680125,18802,district_apportioned
680301,18802,district_apportioned
680302,18802,district_apportioned
680303,18802,district_apportioned
680304,18802,district_apportioned
680305,18802,district_apportioned
680306,18802,district_apportioned
680307,18802,district_apportioned
680308,18802,district_apportioned
680309,18802,district_apportioned
680310,18802,district_apportioned
680311,18802,district_apportioned
680312,18802,district_apportioned
680317,18802,district_apportioned
680501,18802,district_apportioned
680502,18802,district_apportioned
680503,18802,district_apportioned
680504,18802,district_apportioned
680505,18802,district_apportioned
680506,18802,district_apportioned
680507,18802,district_apportioned
680508,18802,district_apportioned
680509,18802,district_apportioned
680510,18802,district_apportioned
680511,18802,district_apportioned
680512,18802,district_apportioned
680513,18802,district_apportioned
680514,18802,district_apportioned
680515,18802,district_apportioned
680516,18802,district_apportioned
680517,18802,district_apportioned
680518,18802,district_apportioned
680519,18802,district_apportioned
680520,18802,district_apportioned
680521,18802,district_apportioned
680522,18802,district_apportioned
680523,18802,district_apportioned
680524,18802,district_apportioned
680541,18802,district_apportioned
680542,18802,district_apportioned
680543,18802,district_apportioned
680544,18802,district_apportioned
680545,18802,district_apportioned
680546,18802,district_apportioned
680551,18802,district_apportioned
680552,18802,district_apportioned
680553,18802,district_apportioned
680555,18802,district_apportioned
680561,18802,district_apportioned
680562,18802,district_apportioned
680563,18802,district_apportioned
680564,18802,district_apportioned
680565,18802,district_apportioned
680566,18802,district_apportioned
680567,18802,district_apportioned
680568,18802,district_apportioned
680569,18802,district_apportioned
680570,18802,district_apportioned
680571,18802,district_apportioned
680581,18802,district_apportioned
680582,18802,district_apportioned
680583,18802,district_apportioned
680584,18802,district_apportioned
680585,18802,district_apportioned
680586,18802,district_apportioned
680587,18802,district_apportioned
680588,18802,district_apportioned
680589,18802,district_apportioned
680590,18802,district_apportioned
680591,18802,district_apportioned
680594,18802,district_apportioned
680596,18802,district_apportioned
680601,18802,district_apportioned
680602,18802,district_apportioned
680604,18802,district_apportioned
680611,18802,district_apportioned
680612,18802,district_apportioned
680613,18802,district_apportioned
680614,18802,district_apportioned
680615,18802,district_apportioned
680616,18802,district_apportioned
680617,18802,district_apportioned
680618,18802,district_apportioned
680619,18802,district_apportioned
680620,18802,district_apportioned
680623,18802,district_apportioned
680631,18802,district_apportioned
680641,18802,district_apportioned
680642,18802,district_apportioned
680651,18802,district_apportioned
680652,18802,district_apportioned
680653,18802,district_apportioned
680654,18802,district_apportioned
680655,18802,district_apportioned
680656,18802,district_apportioned
680661,18802,district_apportioned
680662,18802,district_apportioned
680663,18802,district_apportioned
680664,18802,district_apportioned
680665,18802,district_apportioned
680666,18802,district_apportioned
680667,23115,district_apportioned
680668,18802,district_apportioned
680669,18802,district_apportioned
680670,18802,district_apportioned
680671,18802,district_apportioned
680681,18802,district_apportioned
680682,18802,district_apportioned
680683,18802,district_apportioned
680684,18802,district_apportioned
680685,18802,district_apportioned
680686,18802,district_apportioned
680687,18802,district_apportioned
680688,18802,district_apportioned
680689,18802,district_apportioned
680691,18802,district_apportioned
680697,18802,district_apportioned
680699,18802,district_apportioned
680701,18802,district_apportioned
680702,18802,district_apportioned
680703,18802,district_apportioned
680711,18802,district_apportioned
680712,18802,district_apportioned
680721,18802,district_apportioned
680722,18802,district_apportioned
680724,18802,district_apportioned
680731,18802,district_apportioned
680732,18802,district_apportioned
680733,18802,district_apportioned
680734,18802,district_apportioned
680741,18802,district_apportioned
680751,18802,district_apportioned
682001,23115,district_apportioned
682002,23115,district_apportioned
682003,23115,district_apportioned
682004,23115,district_apportioned
682005,23115,district_apportioned
682006,23115,district_apportioned
682007,23115,district_apportioned
682008,23115,district_apportioned
682009,23115,district_apportioned
682010,23115,district_apportioned
682011,23115,district_apportioned
682012,23115,district_apportioned
682013,23115,district_apportioned
682015,23115,district_apportioned
682016,23115,district_apportioned
682017,23115,district_apportioned
682018,23115,district_apportioned
682019,23115,district_apportioned
682020,23115,district_apportioned
682021,23115,district_apportioned
682022,23115,district_apportioned
682023,23115,district_apportioned
682024,23115,district_apportioned
682025,23115,district_apportioned
682026,23115,district_apportioned
682027,23115,district_apportioned
682028,23115,district_apportioned
682029,23115,district_apportioned
682030,23115,district_apportioned
682031,23115,district_apportioned
682032,23115,district_apportioned
682033,23115,district_apportioned
682034,23115,district_apportioned
682035,23115,district_apportioned
682036,23115,district_apportioned
682037,23115,district_apportioned
682038,23115,district_apportioned
682039,23115,district_apportioned
682040,23115,district_apportioned
682041,23115,district_apportioned
682042,23115,district_apportioned
682050,23115,district_apportioned
682051,23115,district_apportioned
682301,23115,district_apportioned
682302,23115,district_apportioned
682303,23115,district_apportioned
682304,23115,district_apportioned
682305,23115,district_apportioned
682306,23115,district_apportioned
682307,23115,district_apportioned
682308,23115,district_apportioned
682309,23115,district_apportioned
682310,23115,district_apportioned
682311,23115,district_apportioned
682312,23115,district_apportioned
682313,23115,district_apportioned
682314,23115,district_apportioned
682315,23115,district_apportioned
682316,23115,district_apportioned
682317,23115,district_apportioned
682501,23115,district_apportioned
682502,23115,district_apportioned
682503,23115,district_apportioned
682504,23115,district_apportioned
682505,23115,district_apportioned
682506,23115,district_apportioned
682507,23115,district_apportioned
682508,23115,district_apportioned
682509,23115,district_apportioned
682511,23115,district_apportioned
682551,7164,district_apportioned
682552,7164,district_apportioned
682553,7164,district_apportioned
682554,7164,district_apportioned
682555,7164,district_apportioned
682556,7164,district_apportioned
682557,7164,district_apportioned
682558,7164,district_apportioned
682559,7164,district_apportioned
683101,23115,district_apportioned
683102,23115,district_apportioned
683104,23115,district_apportioned
683105,23115,district_apportioned
683106,23115,district_apportioned
683108,23115,district_apportioned
683110,23115,district_apportioned
683111,23115,district_apportioned
683112,23115,district_apportioned
683501,23115,district_apportioned
683502,23115,district_apportioned
683503,23115,district_apportioned
683511,23115,district_apportioned
683512,23115,district_apportioned
683513,23115,district_apportioned
683514,23115,district_apportioned
683515,23115,district_apportioned
683516,23115,district_apportioned
683517,23115,district_apportioned
683518,23115,district_apportioned
683519,23115,district_apportioned
683520,23115,district_apportioned
683521,23115,district_apportioned
683522,23115,district_apportioned
683541,23115,district_apportioned
683542,23115,district_apportioned
683543,23115,district_apportioned
683544,23115,district_apportioned
683545,23115,district_apportioned
683546,23115,district_apportioned
683547,23115,district_apportioned
683548,23115,district_apportioned
683549,23115,district_apportioned
683550,23115,district_apportioned
683556,23115,district_apportioned
683561,23115,district_apportioned
683562,23115,district_apportioned
683563,23115,district_apportioned
683565,23115,district_apportioned
683571,23115,district_apportioned
683572,23115,district_apportioned
683573,23115,district_apportioned
683574,23115,district_apportioned
683575,23115,district_apportioned
683576,23115,district_apportioned
683577,23115,district_apportioned
683578,23115,district_apportioned
683579,23115,district_apportioned
683580,23115,district_apportioned
683581,23115,district_apportioned
683585,23115,district_apportioned
683587,23115,district_apportioned
683589,23115,district_apportioned
683594,23115,district_apportioned
685501,21326,district_apportioned
685503,21326,district_apportioned
685505,21326,district_apportioned
685507,21326,district_apportioned
685508,21326,district_apportioned
685509,21326,district_apportioned
685511,21326,district_apportioned
685512,21326,district_apportioned
685514,21326,district_apportioned
685515,21326,district_apportioned
685531,21326,district_apportioned
685532,21326,district_apportioned
685533,11296,district_apportioned
685535,21326,district_apportioned
685551,21326,district_apportioned
685552,21326,district_apportioned
685553,21326,district_apportioned
685554,21326,district_apportioned
685561,21326,district_apportioned
685562,21326,district_apportioned
685563,21326,district_apportioned
685565,21326,district_apportioned
685566,21326,district_apportioned
685571,21326,district_apportioned
685581,21326,district_apportioned
685582,21326,district_apportioned
685583,21326,district_apportioned
685584,21326,district_apportioned
685585,21326,district_apportioned
685586,21326,district_apportioned
685587,21326,district_apportioned
685588,21326,district_apportioned
685589,21326,district_apportioned
685590,21326,district_apportioned
685591,21326,district_apportioned
685595,21326,district_apportioned
685601,21326,district_apportioned
685602,21326,district_apportioned
685603,21326,district_apportioned
685604,21326,district_apportioned
685605,21326,district_apportioned
685606,21326,district_apportioned
685607,21326,district_apportioned
685608,21326,district_apportioned
685609,21326,district_apportioned
685612,21326,district_apportioned
685613,21326,district_apportioned
685614,21326,district_apportioned
685615,21326,district_apportioned
685616,21326,district_apportioned
685618,21326,district_apportioned
685619,21326,district_apportioned
685620,21326,district_apportioned
686001,16733,district_apportioned
686002,16733,district_apportioned
686003,16733,district_apportioned
686004,16733,district_apportioned
686005,16733,district_apportioned
686006,16733,district_apportioned
686007,16733,district_apportioned
686008,16733,district_apportioned
686009,16733,district_apportioned
686010,16733,district_apportioned
686011,16733,district_apportioned
686012,16733,district_apportioned
686013,16733,district_apportioned
686014,16733,district_apportioned
686015,16733,district_apportioned
686016,16733,district_apportioned
686017,16733,district_apportioned
686018,16733,district_apportioned
686019,16733,district_apportioned
686020,16733,district_apportioned
686021,16733,district_apportioned
686022,16733,district_apportioned
686041,16733,district_apportioned
686101,16733,district_apportioned
686102,19169,district_apportioned
686103,19169,district_apportioned
686104,16733,district_apportioned
686105,16733,district_apportioned
686106,16733,district_apportioned
686121,16733,district_apportioned
686122,16733,district_apportioned
686123,16733,district_apportioned
686141,16733,district_apportioned
686143,16733,district_apportioned
686144,16733,district_apportioned
686146,16733,district_apportioned
686501,16733,district_apportioned
686502,16733,district_apportioned
686503,16733,district_apportioned
686504,16733,district_apportioned
686505,16733,district_apportioned
686506,16733,district_apportioned
686507,16733,district_apportioned
686508,16733,district_apportioned
686509,16733,district_apportioned
686510,11296,district_apportioned
686511,11296,district_apportioned
686512,16733,district_apportioned
686513,16733,district_apportioned
686514,16733,district_apportioned
686515,16733,district_apportioned
686516,16733,district_apportioned
686517,16733,district_apportioned
686518,16733,district_apportioned
686519,16733,district_apportioned
686520,16733,district_apportioned
686521,16733,district_apportioned
686522,16733,district_apportioned
686531,16733,district_apportioned
686532,16733,district_apportioned
686533,16733,district_apportioned
686534,19169,district_apportioned
686535,16733,district_apportioned
686536,16733,district_apportioned
686537,16733,district_apportioned
686538,16733,district_apportioned
686539,16733,district_apportioned
686540,16733,district_apportioned
686541,16733,district_apportioned
686542,16733,district_apportioned
686543,16733,district_apportioned
686544,16733,district_apportioned
686545,16733,district_apportioned
686546,16733,district_apportioned
686547,11296,district_apportioned
686548,16733,district_apportioned
686555,16733,district_apportioned
686560,16733,district_apportioned
686561,16733,district_apportioned
686562,16733,district_apportioned
686563,16733,district_apportioned
686564,16733,district_apportioned
686571,16733,district_apportioned
686572,16733,district_apportioned
686573,16733,district_apportioned
686574,16733,district_apportioned
686575,16733,district_apportioned
686576,16733,district_apportioned
686577,16733,district_apportioned
686578,16733,district_apportioned
686579,16733,district_apportioned
686580,16733,district_apportioned
686581,16733,district_apportioned
686582,16733,district_apportioned
686583,16733,district_apportioned
686584,16733,district_apportioned
686585,16733,district_apportioned
686586,16733,district_apportioned
686587,16733,district_apportioned
686601,16733,district_apportioned
686602,16733,district_apportioned
686603,16733,district_apportioned
686604,16733,district_apportioned
686605,16733,district_apportioned
686606,16733,district_apportioned
686607,16733,district_apportioned
686608,16733,district_apportioned
686609,16733,district_apportioned
686610,16733,district_apportioned
686611,16733,district_apportioned
686612,16733,district_apportioned
686613,16733,district_apportioned
686616,16733,district_apportioned
686630,16733,district_apportioned
686631,16733,district_apportioned
686632,16733,district_apportioned
686633,16733,district_apportioned
686634,16733,district_apportioned
686635,16733,district_apportioned
686636,16733,district_apportioned
686637,16733,district_apportioned
686651,16733,district_apportioned
686652,16733,district_apportioned
686653,16733,district_apportioned
686661,23115,district_apportioned
686662,23115,district_apportioned
686663,23115,district_apportioned
686664,23115,district_apportioned
686665,23115,district_apportioned
686666,23115,district_apportioned
686667,23115,district_apportioned
686668,23115,district_apportioned
686669,23115,district_apportioned
686670,23115,district_apportioned
686671,23115,district_apportioned
686672,23115,district_apportioned
686673,23115,district_apportioned
686681,23115,district_apportioned
686691,23115,district_apportioned
686692,23115,district_apportioned
686693,23115,district_apportioned
688001,19169,district_apportioned
688002,19169,district_apportioned
688003,19169,district_apportioned
688004,19169,district_apportioned
688005,19169,district_apportioned
688006,19169,district_apportioned
688007,19169,district_apportioned
688008,19169,district_apportioned
688009,19169,district_apportioned
688011,19169,district_apportioned
688012,19169,district_apportioned
688013,19169,district_apportioned
688014,19169,district_apportioned
688501,19169,district_apportioned
688502,19169,district_apportioned
688503,19169,district_apportioned
688504,19169,district_apportioned
688505,19169,district_apportioned
688506,19169,district_apportioned
688521,19169,district_apportioned
688522,19169,district_apportioned
688523,19169,district_apportioned
688524,19169,district_apportioned
688525,19169,district_apportioned
688526,19169,district_apportioned
688527,19169,district_apportioned
688528,19169,district_apportioned
688529,19169,district_apportioned
688530,19169,district_apportioned
688531,19169,district_apportioned
688532,19169,district_apportioned
688533,19169,district_apportioned
688534,19169,district_apportioned
688535,19169,district_apportioned
688536,19169,district_apportioned
688537,19169,district_apportioned
688538,19169,district_apportioned
688539,19169,district_apportioned
688540,19169,district_apportioned
688541,19169,district_apportioned
688555,19169,district_apportioned
688561,19169,district_apportioned
688562,19169,district_apportioned
688570,19169,district_apportioned
688582,19169,district_apportioned
689101,11296,district_apportioned
689102,11296,district_apportioned
689103,11296,district_apportioned
689104,11296,district_apportioned
689105,11296,district_apportioned
689106,11296,district_apportioned
689107,11296,district_apportioned
689108,11296,district_apportioned
689109,19169,district_apportioned
689110,11296,district_apportioned
689111,11296,district_apportioned
689112,11296,district_apportioned
689113,11296,district_apportioned
689115,11296,district_apportioned
689121,19169,district_apportioned
689122,11296,district_apportioned
689123,11296,district_apportioned
689124,19169,district_apportioned
689126,19169,district_apportioned
689501,11296,district_apportioned
689502,11296,district_apportioned
689503,11296,district_apportioned
689504,19169,district_apportioned
689505,19169,district_apportioned
689506,19169,district_apportioned
689507,11296,district_apportioned
689508,19169,district_apportioned
689509,19169,district_apportioned
689510,19169,district_apportioned
689511,19169,district_apportioned
689512,19169,district_apportioned
689513,11296,district_apportioned
689514,11296,district_apportioned
689520,19169,district_apportioned
689521,19169,district_apportioned
689531,11296,district_apportioned
689532,11296,district_apportioned
689533,11296,district_apportioned
689541,11296,district_apportioned
689542,11296,district_apportioned
689543,11296,district_apportioned
689544,11296,district_apportioned
689545,11296,district_apportioned
689546,11296,district_apportioned
689547,11296,district_apportioned
689548,11296,district_apportioned
689549,11296,district_apportioned
689550,11296,district_apportioned
689551,11296,district_apportioned
689571,19169,district_apportioned
689572,19169,district_apportioned
689573,19169,district_apportioned
689574,19169,district_apportioned
689581,11296,district_apportioned
689582,11296,district_apportioned
689583,11296,district_apportioned
689584,11296,district_apportioned
689585,11296,district_apportioned
689586,11296,district_apportioned
689587,11296,district_apportioned
689588,11296,district_apportioned
689589,11296,district_apportioned
689590,19169,district_apportioned
689591,11296,district_apportioned
689592,11296,district_apportioned
689594,11296,district_apportioned
689595,19169,district_apportioned
689597,11296,district_apportioned
689602,11296,district_apportioned
689611,11296,district_apportioned
689612,11296,district_apportioned
689613,11296,district_apportioned
689614,11296,district_apportioned
689615,11296,district_apportioned
689621,11296,district_apportioned
689622,19169,district_apportioned
689623,19169,district_apportioned
689624,19169,district_apportioned
689625,11296,district_apportioned
689626,11296,district_apportioned
689627,19169,district_apportioned
689641,11296,district_apportioned
689642,11296,district_apportioned
689643,11296,district_apportioned
689644,11296,district_apportioned
689645,11296,district_apportioned
689646,11296,district_apportioned
689647,11296,district_apportioned
689648,11296,district_apportioned
689649,11296,district_apportioned
689650,11296,district_apportioned
689652,11296,district_apportioned
689653,11296,district_apportioned
689654,11296,district_apportioned
689656,11296,district_apportioned
689661,11296,district_apportioned
689662,11296,district_apportioned
689663,11296,district_apportioned
689664,11296,district_apportioned
689666,11296,district_apportioned
689667,11296,district_apportioned
689668,11296,district_apportioned
689671,11296,district_apportioned
689672,11296,district_apportioned
689673,11296,district_apportioned
689674,11296,district_apportioned
689675,11296,district_apportioned
689676,11296,district_apportioned
689677,11296,district_apportioned
689678,11296,district_apportioned
689691,11296,district_apportioned
689692,11296,district_apportioned
689693,11296,district_apportioned
689694,11296,district_apportioned
689695,23117,district_apportioned
689696,23117,district_apportioned
689698,11296,district_apportioned
689699,11296,district_apportioned
689711,11296,district_apportioned
690101,19169,district_apportioned
690102,19169,district_apportioned
690103,19169,district_apportioned
690104,19169,district_apportioned
690105,19169,district_apportioned
690106,19169,district_apportioned
690107,19169,district_apportioned
690108,19169,district_apportioned
690110,19169,district_apportioned
690501,19169,district_apportioned
690502,19169,district_apportioned
690503,19169,district_apportioned
690504,11296,district_apportioned
690505,19169,district_apportioned
690506,19169,district_apportioned
690507,19169,district_apportioned
690508,19169,district_apportioned
690509,19169,district_apportioned
690510,19169,district_apportioned
690511,19169,district_apportioned
690512,19169,district_apportioned
690513,19169,district_apportioned
690514,19169,district_apportioned
690515,19169,district_apportioned
690516,19169,district_apportioned
690517,19169,district_apportioned
690518,23117,district_apportioned
690519,23117,district_apportioned
690520,23117,district_apportioned
690521,23117,district_apportioned
690522,23117,district_apportioned
690523,23117,district_apportioned
690524,23117,district_apportioned
690525,23117,district_apportioned
690526,23117,district_apportioned
690527,19169,district_apportioned
690528,23117,district_apportioned
690529,19169,district_apportioned
690530,19169,district_apportioned
690531,19169,district_apportioned
690532,19169,district_apportioned
690533,19169,district_apportioned
690534,19169,district_apportioned
690535,19169,district_apportioned
690536,23117,district_apportioned
690537,19169,district_apportioned
690538,23117,district_apportioned
690539,23117,district_apportioned
690540,23117,district_apportioned
690542,23117,district_apportioned
690544,23117,district_apportioned
690546,23117,district_apportioned
690547,23117,district_apportioned
690548,19169,district_apportioned
690558,19169,district_apportioned
690559,19169,district_apportioned
690561,23117,district_apportioned
690571,19169,district_apportioned
690572,19169,district_apportioned
690573,23117,district_apportioned
690574,23117,district_apportioned
691001,23117,district_apportioned
691002,23117,district_apportioned
691003,23117,district_apportioned
691004,23117,district_apportioned
691005,23117,district_apportioned
691006,23117,district_apportioned
691007,23117,district_apportioned
691008,23117,district_apportioned
691009,23117,district_apportioned
691010,23117,district_apportioned
691011,23117,district_apportioned
691012,23117,district_apportioned
691013,23117,district_apportioned
691014,23117,district_apportioned
691015,23117,district_apportioned
691016,23117,district_apportioned
691019,23117,district_apportioned
691020,23117,district_apportioned
691021,23117,district_apportioned
691301,23117,district_apportioned
691302,23117,district_apportioned
691303,23117,district_apportioned
691304,23117,district_apportioned
691305,23117,district_apportioned
691306,23117,district_apportioned
691307,23117,district_apportioned
691308,23117,district_apportioned
691309,23117,district_apportioned
691310,23117,district_apportioned
691311,23117,district_apportioned
691312,23117,district_apportioned
691319,23117,district_apportioned
691322,23117,district_apportioned
691331,23117,district_apportioned
691332,23117,district_apportioned
691333,23117,district_apportioned
691334,23117,district_apportioned
691500,23117,district_apportioned
691501,23117,district_apportioned
691502,23117,district_apportioned
691503,23117,district_apportioned
691504,23117,district_apportioned
691505,23117,district_apportioned
691506,23117,district_apportioned
691507,23117,district_apportioned
691508,23117,district_apportioned
691509,23117,district_apportioned
691510,23117,district_apportioned
691511,23117,district_apportioned
691512,23117,district_apportioned
691515,23117,district_apportioned
691516,23117,district_apportioned
691520,23117,district_apportioned
691521,23117,district_apportioned
691522,23117,district_apportioned
691523,11296,district_apportioned
691524,11296,district_apportioned
691525,11296,district_apportioned
691526,23117,district_apportioned
691527,23117,district_apportioned
691530,11296,district_apportioned
691531,23117,district_apportioned
691532,23117,district_apportioned
691533,23117,district_apportioned
691534,23117,district_apportioned
691535,23117,district_apportioned
691536,23117,district_apportioned
691537,23117,district_apportioned
691538,23117,district_apportioned
691540,23117,district_apportioned
691541,23117,district_apportioned
691543,23117,district_apportioned
691551,11296,district_apportioned
691552,23117,district_apportioned
691553,23117,district_apportioned
691554,11296,district_apportioned
691555,11296,district_apportioned
691556,11296,district_apportioned
691557,23117,district_apportioned
691559,23117,district_apportioned
691560,23117,district_apportioned
691566,23117,district_apportioned
691571,23117,district_apportioned
691572,23117,district_apportioned
691573,23117,district_apportioned
691574,23117,district_apportioned
691576,23117,district_apportioned
691577,23117,district_apportioned
691578,23117,district_apportioned
691579,23117,district_apportioned
691581,23117,district_apportioned
691582,23117,district_apportioned
691583,23117,district_apportioned
691584,23117,district_apportioned
691585,23117,district_apportioned
691589,23117,district_apportioned
691590,23117,district_apportioned
691601,23117,district_apportioned
691602,23117,district_apportioned
695001,25011,district_apportioned
695002,25011,district_apportioned
695003,25011,district_apportioned
695004,25011,district_apportioned
695005,25011,district_apportioned
695006,25011,district_apportioned
695007,25011,district_apportioned
695008,25011,district_apportioned
695009,25011,district_apportioned
695010,25011,district_apportioned
695011,25011,district_apportioned
695012,25011,district_apportioned
695013,25011,district_apportioned
695014,25011,district_apportioned
695015,25011,district_apportioned
695016,25011,district_apportioned
695017,25011,district_apportioned
695018,25011,district_apportioned
695019,25011,district_apportioned
695020,25011,district_apportioned
695021,25011,district_apportioned
695022,25011,district_apportioned
695023,25011,district_apportioned
695024,25011,district_apportioned
695025,25011,district_apportioned
695026,25011,district_apportioned
695027,25011,district_apportioned
695028,25011,district_apportioned
695029,25011,district_apportioned
695030,25011,district_apportioned
695032,25011,district_apportioned
695033,25011,district_apportioned
695034,25011,district_apportioned
695035,25011,district_apportioned
695036,25011,district_apportioned
695038,25011,district_apportioned
695040,25011,district_apportioned
695042,25011,district_apportioned
695043,25011,district_apportioned
695099,25011,district_apportioned
695101,25011,district_apportioned
695102,25011,district_apportioned
695103,25011,district_apportioned
695104,25011,district_apportioned
695121,25011,district_apportioned
695122,25011,district_apportioned
695123,25011,district_apportioned
695124,25011,district_apportioned
695125,25011,district_apportioned
695126,25011,district_apportioned
695132,25011,district_apportioned
695133,25011,district_apportioned
695134,25011,district_apportioned
695141,25011,district_apportioned
695142,25011,district_apportioned
695143,25011,district_apportioned
695144,25011,district_apportioned
695145,25011,district_apportioned
695146,25011,district_apportioned
695301,25011,district_apportioned
695302,25011,district_apportioned
695303,25011,district_apportioned
695304,25011,district_apportioned
695305,25011,district_apportioned
695306,25011,district_apportioned
695307,25011,district_apportioned
695308,25011,district_apportioned
695309,25011,district_apportioned
695310,25011,district_apportioned
695311,25011,district_apportioned
695312,25011,district_apportioned
695313,25011,district_apportioned
695316,25011,district_apportioned
695317,25011,district_apportioned
695318,25011,district_apportioned
695501,25011,district_apportioned
695502,25011,district_apportioned
695503,25011,district_apportioned
695504,25011,district_apportioned
695505,25011,district_apportioned
695506,25011,district_apportioned
695507,25011,district_apportioned
695508,25011,district_apportioned
695512,25011,district_apportioned
695513,25011,district_apportioned
695521,25011,district_apportioned
695522,25011,district_apportioned
695523,25011,district_apportioned
695524,25011,district_apportioned
695525,25011,district_apportioned
695526,25011,district_apportioned
695527,25011,district_apportioned
695528,25011,district_apportioned
695541,25011,district_apportioned
695542,25011,district_apportioned
695543,25011,district_apportioned
695547,25011,district_apportioned
695551,25011,district_apportioned
695561,25011,district_apportioned
695562,25011,district_apportioned
695563,25011,district_apportioned
695564,25011,district_apportioned
695568,25011,district_apportioned
695570,25011,district_apportioned
695571,25011,district_apportioned
695572,25011,district_apportioned
695573,25011,district_apportioned
695574,25011,district_apportioned
695575,25011,district_apportioned
695581,25011,district_apportioned
695582,25011,district_apportioned
695583,25011,district_apportioned
695584,25011,district_apportioned
695585,25011,district_apportioned
695586,25011,district_apportioned
695587,25011,district_apportioned
695588,25011,district_apportioned
695589,25011,district_apportioned
695601,25011,district_apportioned
695602,25011,district_apportioned
695603,25011,district_apportioned
695604,25011,district_apportioned
695605,25011,district_apportioned
695606,25011,district_apportioned
695607,25011,district_apportioned
695608,25011,district_apportioned
695609,25011,district_apportioned
695610,25011,district_apportioned
695611,25011,district_apportioned
695612,25011,district_apportioned
695614,25011,district_apportioned
695615,25011,district_apportioned
700001,58399,district_apportioned
700002,58399,district_apportioned
700003,58399,district_apportioned
700004,58399,district_apportioned
700005,58399,district_apportioned
700006,58399,district_apportioned
700007,58399,district_apportioned
700008,58399,district_apportioned
700009,58399,district_apportioned
700010,58399,district_apportioned
700011,58399,district_apportioned
700012,58399,district_apportioned
700013,58399,district_apportioned
700014,58399,district_apportioned
700015,58399,district_apportioned
700016,58399,district_apportioned
700017,58399,district_apportioned
700018,58399,district_apportioned
700019,58399,district_apportioned
700020,58399,district_apportioned
700021,58399,district_apportioned
700022,58399,district_apportioned
700023,58399,district_apportioned
700024,58399,district_apportioned
700025,58399,district_apportioned
700026,58399,district_apportioned
700027,58399,district_apportioned
700028,58399,district_apportioned
700029,58399,district_apportioned
700030,58399,district_apportioned
700031,58399,district_apportioned
700032,58399,district_apportioned
700033,58399,district_apportioned
700034,58399,district_apportioned
700035,58399,district_apportioned
700036,58399,district_apportioned
700037,58399,district_apportioned
700038,58399,district_apportioned
700039,113361,district_apportioned
700040,58399,district_apportioned
700041,58399,district_apportioned
700042,58399,district_apportioned
700043,58399,district_apportioned
700044,58399,district_apportioned
700045,58399,district_apportioned
700046,58399,district_apportioned
700047,58399,district_apportioned
700048,79443,district_apportioned
700049,79443,district_apportioned
700050,58399,district_apportioned
700051,79443,district_apportioned
700052,58399,district_apportioned
700053,58399,district_apportioned
700054,58399,district_apportioned
700055,79443,district_apportioned
700056,79443,district_apportioned
700057,79443,district_apportioned
700058,79443,district_apportioned
700059,79443,district_apportioned
700060,58399,district_apportioned
700061,113361,district_apportioned
700062,58399,district_apportioned
700063,58399,district_apportioned
700064,79443,district_apportioned
700065,58399,district_apportioned
700066,58399,district_apportioned
700067,58399,district_apportioned
700068,58399,district_apportioned
700069,58399,district_apportioned
700070,113361,district_apportioned
700071,58399,district_apportioned
700072,58399,district_apportioned
700073,58399,district_apportioned
700074,58399,district_apportioned
700075,58399,district_apportioned
700076,79443,district_apportioned
700077,58399,district_apportioned
700078,58399,district_apportioned
700079,79443,district_apportioned
700080,58399,district_apportioned
700081,79443,district_apportioned
700082,58399,district_apportioned
700083,79443,district_apportioned
700084,113361,district_apportioned
700085,58399,district_apportioned
700086,58399,district_apportioned
700087,58399,district_apportioned
700088,58399,district_apportioned
700089,58399,district_apportioned
700090,58399,district_apportioned
700091,79443,district_apportioned
700092,58399,district_apportioned
700093,113361,district_apportioned
700094,113361,district_apportioned
700095,58399,district_apportioned
700096,113361,district_apportioned
700097,79443,district_apportioned
700099,58399,district_apportioned
700100,113361,district_apportioned
700101,79443,district_apportioned
700102,79443,district_apportioned
700103,113361,district_apportioned
700104,113361,district_apportioned
700105,113361,district_apportioned
700106,79443,district_apportioned
700107,113361,district_apportioned
700108,58399,district_apportioned
700109,79443,district_apportioned
700110,79443,district_apportioned
700111,79443,district_apportioned
700112,79443,district_apportioned
700113,79443,district_apportioned
700114,79443,district_apportioned
700115,79443,district_apportioned
700116,79443,district_apportioned
700117,79443,district_apportioned
700118,79443,district_apportioned
700119,79443,district_apportioned
700120,79443,district_apportioned
700121,79443,district_apportioned
700122,79443,district_apportioned
700123,79443,district_apportioned
700124,79443,district_apportioned
700125,79443,district_apportioned
700126,79443,district_apportioned
700127,79443,district_apportioned
700128,79443,district_apportioned
700129,79443,district_apportioned
700130,79443,district_apportioned
700131,79443,district_apportioned
700132,79443,district_apportioned
700133,79443,district_apportioned
700134,79443,district_apportioned
700135,113361,district_apportioned
700136,79443,district_apportioned
700137,113361,district_apportioned
700138,113361,district_apportioned
700139,113361,district_apportioned
700140,113361,district_apportioned
700141,113361,district_apportioned
700142,113361,district_apportioned
700143,113361,district_apportioned
700144,113361,district_apportioned
700145,113361,district_apportioned
700146,113361,district_apportioned
700147,113361,district_apportioned
700148,113361,district_apportioned
700149,113361,district_apportioned
700150,113361,district_apportioned
700151,113361,district_apportioned
700152,113361,district_apportioned
700153,113361,district_apportioned
700154,113361,district_apportioned
700155,79443,district_apportioned
700156,79443,district_apportioned
700157,79443,district_apportioned
700158,79443,district_apportioned
700159,79443,district_apportioned
700160,79443,district_apportioned
700161,79443,district_apportioned
700162,79443,district_apportioned
711101,91510,district_apportioned
711102,91510,district_apportioned
711103,91510,district_apportioned
711104,91510,district_apportioned
711105,91510,district_apportioned
711106,91510,district_apportioned
711107,91510,district_apportioned
711108,91510,district_apportioned
711109,91510,district_apportioned
711110,91510,district_apportioned
711111,91510,district_apportioned
711112,91510,district_apportioned
711113,91510,district_apportioned
711114,91510,district_apportioned
711115,91510,district_apportioned
711201,91510,district_apportioned
711202,91510,district_apportioned
711203,91510,district_apportioned
711204,91510,district_apportioned
711205,91510,district_apportioned
711206,91510,district_apportioned
711225,91510,district_apportioned
711226,91510,district_apportioned
711227,91510,district_apportioned
711301,91510,district_apportioned
711302,91510,district_apportioned
711303,91510,district_apportioned
711304,91510,district_apportioned
711305,91510,district_apportioned
711306,91510,district_apportioned
711307,91510,district_apportioned
711308,91510,district_apportioned
711309,91510,district_apportioned
711310,91510,district_apportioned
711312,91510,district_apportioned
711313,91510,district_apportioned
711314,91510,district_apportioned
711315,91510,district_apportioned
711316,91510,district_apportioned
711317,91510,district_apportioned
711322,91510,district_apportioned
711401,91510,district_apportioned
711403,91510,district_apportioned
711404,91510,district_apportioned
711405,91510,district_apportioned
711408,91510,district_apportioned
711409,91510,district_apportioned
711410,91510,district_apportioned
711411,91510,district_apportioned
711412,91510,district_apportioned
711413,91510,district_apportioned
711414,91510,district_apportioned
712101,66496,district_apportioned
712102,66496,district_apportioned
712103,66496,district_apportioned
712104,66496,district_apportioned
712105,66496,district_apportioned
712121,66496,district_apportioned
712122,66496,district_apportioned
712123,66496,district_apportioned
712124,66496,district_apportioned
712125,66496,district_apportioned
712134,66496,district_apportioned
712135,66496,district_apportioned
712136,66496,district_apportioned
712137,66496,district_apportioned
712138,66496,district_apportioned
712139,66496,district_apportioned
712146,66496,district_apportioned
712147,66496,district_apportioned
712148,66496,district_apportioned
712149,66496,district_apportioned
712152,66496,district_apportioned
712201,66496,district_apportioned
712202,66496,district_apportioned
712203,66496,district_apportioned
712204,66496,district_apportioned
712221,66496,district_apportioned
712222,66496,district_apportioned
712223,66496,district_apportioned
712232,66496,district_apportioned
712233,66496,district_apportioned
712234,66496,district_apportioned
712235,66496,district_apportioned
712245,66496,district_apportioned
712246,66496,district_apportioned
712248,66496,district_apportioned
712249,66496,district_apportioned
712250,66496,district_apportioned
712258,66496,district_apportioned
712301,66496,district_apportioned
712302,66496,district_apportioned
712303,66496,district_apportioned
712304,66496,district_apportioned
712305,66496,district_apportioned
712306,66496,district_apportioned
712308,66496,district_apportioned
712310,66496,district_apportioned
712311,66496,district_apportioned
712401,66496,district_apportioned
712402,66496,district_apportioned
712403,66496,district_apportioned
712404,66496,district_apportioned
712405,66496,district_apportioned
712406,66496,district_apportioned
712407,66496,district_apportioned
712408,91510,district_apportioned
712409,66496,district_apportioned
712410,66496,district_apportioned
712412,66496,district_apportioned
712413,66496,district_apportioned
712414,66496,district_apportioned
712415,66496,district_apportioned
712416,66496,district_apportioned
712417,66496,district_apportioned
712501,66496,district_apportioned
712502,66496,district_apportioned
712503,66496,district_apportioned
712504,66496,district_apportioned
712512,66496,district_apportioned
712513,66496,district_apportioned
712514,66496,district_apportioned
712515,66496,district_apportioned
712601,66496,district_apportioned
712602,66496,district_apportioned
712611,66496,district_apportioned
712612,66496,district_apportioned
712613,66496,district_apportioned
712614,66496,district_apportioned
712615,66496,district_apportioned
712616,66496,district_apportioned
712617,66496,district_apportioned
712701,66496,district_apportioned
712702,66496,district_apportioned
712704,66496,district_apportioned
712706,66496,district_apportioned
713101,95279,district_apportioned
713102,95279,district_apportioned
713103,95279,district_apportioned
713104,95279,district_apportioned
713121,95279,district_apportioned
713122,95279,district_apportioned
713123,95279,district_apportioned
713124,95279,district_apportioned
713125,95279,district_apportioned
713126,95279,district_apportioned
713127,95279,district_apportioned
713128,95279,district_apportioned
713129,95279,district_apportioned
713130,95279,district_apportioned
713131,95279,district_apportioned
713132,95279,district_apportioned
713140,95279,district_apportioned
713141,95279,district_apportioned
713142,95279,district_apportioned
713143,95279,district_apportioned
713144,95279,district_apportioned
713145,95279,district_apportioned
713146,95279,district_apportioned
713147,95279,district_apportioned
713148,95279,district_apportioned
713149,95279,district_apportioned
713150,76525,district_apportioned
713151,95279,district_apportioned
713152,95279,district_apportioned
713153,95279,district_apportioned
713154,95279,district_apportioned
713156,95279,district_apportioned
713166,95279,district_apportioned
713201,79578,district_apportioned
713202,95279,district_apportioned
713203,79578,district_apportioned
713204,95279,district_apportioned
713205,95279,district_apportioned
713206,95279,district_apportioned
713207,95279,district_apportioned
713208,79578,district_apportioned
713209,95279,district_apportioned
713210,79578,district_apportioned
713211,79578,district_apportioned
713212,95279,district_apportioned
713213,95279,district_apportioned
713214,95279,district_apportioned
713215,79578,district_apportioned
713216,95279,district_apportioned
713217,95279,district_apportioned
713301,79578,district_apportioned
713302,79578,district_apportioned
713303,79578,district_apportioned
713304,79578,district_apportioned
713305,79578,district_apportioned
713315,79578,district_apportioned
713321,95279,district_apportioned
713322,95279,district_apportioned
713323,95279,district_apportioned
713324,79578,district_apportioned
713325,79578,district_apportioned
713326,79578,district_apportioned
713330,79578,district_apportioned
713331,79578,district_apportioned
713332,79578,district_apportioned
713333,79578,district_apportioned
713334,79578,district_apportioned
713335,79578,district_apportioned
713336,79578,district_apportioned
713337,95279,district_apportioned
713338,95279,district_apportioned
713339,79578,district_apportioned
713340,79578,district_apportioned
713341,79578,district_apportioned
713342,95279,district_apportioned
713343,79578,district_apportioned
713344,79578,district_apportioned
713346,95279,district_apportioned
713347,95279,district_apportioned
713357,79578,district_apportioned
713358,95279,district_apportioned
713359,79578,district_apportioned
713360,79578,district_apportioned
713361,79578,district_apportioned
713362,95279,district_apportioned
713363,95279,district_apportioned
713365,79578,district_apportioned
713369,79578,district_apportioned
713370,79578,district_apportioned
713371,79578,district_apportioned
713372,79578,district_apportioned
713373,79578,district_apportioned
713376,95279,district_apportioned
713378,95279,district_apportioned
713381,95279,district_apportioned
713384,95279,district_apportioned
713385,95279,district_apportioned
713386,79578,district_apportioned
713401,95279,district_apportioned
713402,95279,district_apportioned
713403,95279,district_apportioned
713404,95279,district_apportioned
713405,95279,district_apportioned
713406,95279,district_apportioned
713407,95279,district_apportioned
713408,95279,district_apportioned
713409,95279,district_apportioned
713420,95279,district_apportioned
713421,95279,district_apportioned
713422,95279,district_apportioned
713423,95279,district_apportioned
713424,95279,district_apportioned
713426,95279,district_apportioned
713427,95279,district_apportioned
713428,95279,district_apportioned
713502,95279,district_apportioned
713512,95279,district_apportioned
713513,76525,district_apportioned
713514,76525,district_apportioned
713515,95279,district_apportioned
713519,95279,district_apportioned
713520,95279,district_apportioned
721101,79578,district_apportioned
721102,100228,district_apportioned
721121,100228,district_apportioned
721122,100228,district_apportioned
721124,100228,district_apportioned
721125,100228,district_apportioned
721126,100228,district_apportioned
721127,100228,district_apportioned
721128,100228,district_apportioned
721129,100228,district_apportioned
721130,55390,district_apportioned
721131,55390,district_apportioned
721132,100228,district_apportioned
721133,100228,district_apportioned
721134,55390,district_apportioned
721135,55390,district_apportioned
721136,100228,district_apportioned
721137,55390,district_apportioned
721139,55390,district_apportioned
721140,100228,district_apportioned
721143,100228,district_apportioned
721144,100228,district_apportioned
721145,100228,district_apportioned
721146,100228,district_apportioned
721147,100228,district_apportioned
721148,100228,district_apportioned
721149,100228,district_apportioned
721150,100228,district_apportioned
721151,55390,district_apportioned
721152,55390,district_apportioned
721153,55390,district_apportioned
721154,55390,district_apportioned
721155,100228,district_apportioned
721156,100228,district_apportioned
721157,100228,district_apportioned
721158,55390,district_apportioned
721159,100228,district_apportioned
721160,100228,district_apportioned
721161,100228,district_apportioned
721166,100228,district_apportioned
721167,55390,district_apportioned
721171,55390,district_apportioned
721172,55390,district_apportioned
721201,100228,district_apportioned
721211,100228,district_apportioned
721212,100228,district_apportioned
721222,100228,district_apportioned
721232,100228,district_apportioned
721242,100228,district_apportioned
721253,55390,district_apportioned
721260,100228,district_apportioned
721301,100228,district_apportioned
721302,100228,district_apportioned
721303,100228,district_apportioned
721304,100228,district_apportioned
721305,100228,district_apportioned
721306,100228,district_apportioned
721401,55390,district_apportioned
721402,55390,district_apportioned
721403,55390,district_apportioned
721404,55390,district_apportioned
721405,55390,district_apportioned
721406,55390,district_apportioned
721420,55390,district_apportioned
721422,55390,district_apportioned
721423,55390,district_apportioned
721424,100228,district_apportioned
721425,55390,district_apportioned
721426,100228,district_apportioned
721427,55390,district_apportioned
721428,55390,district_apportioned
721429,55390,district_apportioned
721430,55390,district_apportioned
721431,55390,district_apportioned
721432,55390,district_apportioned
721433,55390,district_apportioned
721434,55390,district_apportioned
721435,55390,district_apportioned
721436,100228,district_apportioned
721437,55390,district_apportioned
721438,55390,district_apportioned
721439,55390,district_apportioned
721440,55390,district_apportioned
721441,55390,district_apportioned
721442,55390,district_apportioned
721443,55390,district_apportioned
721444,55390,district_apportioned
721445,100228,district_apportioned
721446,55390,district_apportioned
721447,55390,district_apportioned
721448,55390,district_apportioned
721449,55390,district_apportioned
721450,55390,district_apportioned
721451,100228,district_apportioned
721452,55390,district_apportioned
721453,55390,district_apportioned
721454,55390,district_apportioned
721455,55390,district_apportioned
721456,55390,district_apportioned
721457,100228,district_apportioned
721458,55390,district_apportioned
721463,55390,district_apportioned
721467,100228,district_apportioned
721501,100228,district_apportioned
721503,100228,district_apportioned
721504,100228,district_apportioned
721505,100228,district_apportioned
721506,100228,district_apportioned
721507,100228,district_apportioned
721513,100228,district_apportioned
721514,100228,district_apportioned
721515,100228,district_apportioned
721516,100228,district_apportioned
721517,100228,district_apportioned
721601,55390,district_apportioned
721602,55390,district_apportioned
721603,55390,district_apportioned
721604,55390,district_apportioned
721606,55390,district_apportioned
721607,55390,district_apportioned
721624,55390,district_apportioned
721625,55390,district_apportioned
721626,55390,district_apportioned
721627,55390,district_apportioned
721628,55390,district_apportioned
721629,55390,district_apportioned
721631,55390,district_apportioned
721632,55390,district_apportioned
721633,55390,district_apportioned
721634,55390,district_apportioned
721635,55390,district_apportioned
721636,55390,district_apportioned
721637,55390,district_apportioned
721641,55390,district_apportioned
721642,55390,district_apportioned
721643,55390,district_apportioned
721644,55390,district_apportioned
721645,55390,district_apportioned
721646,55390,district_apportioned
721647,55390,district_apportioned
721648,55390,district_apportioned
721649,55390,district_apportioned
721650,55390,district_apportioned
721651,55390,district_apportioned
721652,55390,district_apportioned
721653,55390,district_apportioned
721654,55390,district_apportioned
721655,55390,district_apportioned
721656,55390,district_apportioned
721657,55390,district_apportioned
721658,55390,district_apportioned
721659,55390,district_apportioned
722101,76525,district_apportioned
722102,76525,district_apportioned
722121,76525,district_apportioned
722122,76525,district_apportioned
722132,76525,district_apportioned
722133,76525,district_apportioned
722134,76525,district_apportioned
722135,76525,district_apportioned
722136,76525,district_apportioned
722137,76525,district_apportioned
722138,76525,district_apportioned
722139,76525,district_apportioned
722140,76525,district_apportioned
722141,76525,district_apportioned
722142,76525,district_apportioned
722143,76525,district_apportioned
722144,76525,district_apportioned
722146,76525,district_apportioned
722147,76525,district_apportioned
722148,76525,district_apportioned
722149,76525,district_apportioned
722150,76525,district_apportioned
722151,76525,district_apportioned
722152,76525,district_apportioned
722153,76525,district_apportioned
722154,76525,district_apportioned
722155,76525,district_apportioned
722156,76525,district_apportioned
722157,76525,district_apportioned
722158,76525,district_apportioned
722160,76525,district_apportioned
722161,76525,district_apportioned
722162,76525,district_apportioned
722164,76525,district_apportioned
722173,76525,district_apportioned
722183,76525,district_apportioned
722201,76525,district_apportioned
722202,76525,district_apportioned
722203,76525,district_apportioned
722204,76525,district_apportioned
722205,76525,district_apportioned
722206,76525,district_apportioned
722207,76525,district_apportioned
722208,76525,district_apportioned
723101,88791,district_apportioned
723102,88791,district_apportioned
723103,88791,district_apportioned
723104,88791,district_apportioned
723121,88791,district_apportioned
723126,88791,district_apportioned
723127,88791,district_apportioned
723128,88791,district_apportioned
723129,88791,district_apportioned
723130,88791,district_apportioned
723131,88791,district_apportioned
723132,88791,district_apportioned
723133,88791,district_apportioned
723142,88791,district_apportioned
723143,88791,district_apportioned
723145,88791,district_apportioned
723146,88791,district_apportioned
723147,88791,district_apportioned
723148,88791,district_apportioned
723149,88791,district_apportioned
723151,88791,district_apportioned
723152,88791,district_apportioned
723153,88791,district_apportioned
723154,88791,district_apportioned
723155,88791,district_apportioned
723156,88791,district_apportioned
723161,88791,district_apportioned
723168,88791,district_apportioned
723201,88791,district_apportioned
723202,88791,district_apportioned
723212,88791,district_apportioned
723213,88791,district_apportioned
723215,88791,district_apportioned
731101,81451,district_apportioned
731102,81451,district_apportioned
731103,81451,district_apportioned
731104,81451,district_apportioned
731121,81451,district_apportioned
731123,81451,district_apportioned
731124,81451,district_apportioned
731125,81451,district_apportioned
731126,81451,district_apportioned
731127,81451,district_apportioned
731129,81451,district_apportioned
731130,81451,district_apportioned
731132,81451,district_apportioned
731133,81451,district_apportioned
731201,81451,district_apportioned
731202,81451,district_apportioned
731204,81451,district_apportioned
731214,81451,district_apportioned
731215,81451,district_apportioned
731216,81451,district_apportioned
731218,81451,district_apportioned
731219,81451,district_apportioned
731220,81451,district_apportioned
731221,81451,district_apportioned
731222,81451,district_apportioned
731223,81451,district_apportioned
731224,81451,district_apportioned
731233,81451,district_apportioned
731234,81451,district_apportioned
731235,81451,district_apportioned
731236,81451,district_apportioned
731237,81451,district_apportioned
731238,81451,district_apportioned
731240,81451,district_apportioned
731241,81451,district_apportioned
731242,81451,district_apportioned
731243,81451,district_apportioned
731244,81451,district_apportioned
731245,81451,district_apportioned
731301,81451,district_apportioned
731302,81451,district_apportioned
731303,81451,district_apportioned
731304,81451,district_apportioned
732101,110801,district_apportioned
732102,110801,district_apportioned
732103,110801,district_apportioned
732121,110801,district_apportioned
732122,110801,district_apportioned
732123,110801,district_apportioned
732124,110801,district_apportioned
732125,110801,district_apportioned
732126,110801,district_apportioned
732127,110801,district_apportioned
732128,110801,district_apportioned
732138,110801,district_apportioned
732139,110801,district_apportioned
732140,110801,district_apportioned
732141,110801,district_apportioned
732142,110801,district_apportioned
732143,110801,district_apportioned
732144,110801,district_apportioned
732147,110801,district_apportioned
732150,110801,district_apportioned
732201,110801,district_apportioned
732202,110801,district_apportioned
732203,110801,district_apportioned
732204,110801,district_apportioned
732205,110801,district_apportioned
732206,110801,district_apportioned
732207,110801,district_apportioned
732208,110801,district_apportioned
732209,110801,district_apportioned
732210,110801,district_apportioned
732211,110801,district_apportioned
732212,110801,district_apportioned
732213,110801,district_apportioned
732214,110801,district_apportioned
732215,110801,district_apportioned
732216,110801,district_apportioned
733101,79578,district_apportioned
733102,79578,district_apportioned
733103,79578,district_apportioned
733121,79578,district_apportioned
733123,231318,district_apportioned
733124,79578,district_apportioned
733125,79578,district_apportioned
733126,79578,district_apportioned
733127,79578,district_apportioned
733128,79578,district_apportioned
733129,231318,district_apportioned
733130,231318,district_apportioned
733132,79578,district_apportioned
733133,79578,district_apportioned
733134,231318,district_apportioned
733140,79578,district_apportioned
733141,79578,district_apportioned
733142,79578,district_apportioned
733143,231318,district_apportioned
733145,79578,district_apportioned
733156,231318,district_apportioned
733158,79578,district_apportioned
733201,231318,district_apportioned
733202,231318,district_apportioned
733207,231318,district_apportioned
733208,231318,district_apportioned
733209,231318,district_apportioned
733210,231318,district_apportioned
733215,231318,district_apportioned
734001,113907,district_apportioned
734002,36212,district_apportioned
734003,36212,district_apportioned
734004,113907,district_apportioned
734005,36212,district_apportioned
734006,113907,district_apportioned
734007,113907,district_apportioned
734008,36212,district_apportioned
734009,36212,district_apportioned
734010,36212,district_apportioned
734011,36212,district_apportioned
734012,36212,district_apportioned
734013,36212,district_apportioned
734014,36212,district_apportioned
734015,113907,district_apportioned
734101,36212,district_apportioned
734102,36212,district_apportioned
734103,36212,district_apportioned
734104,36212,district_apportioned
734105,36212,district_apportioned
734121,36212,district_apportioned
734123,36212,district_apportioned
734124,36212,district_apportioned
734201,36212,district_apportioned
734203,36212,district_apportioned
734204,36212,district_apportioned
734213,36212,district_apportioned
734214,36212,district_apportioned
734215,36212,district_apportioned
734216,36212,district_apportioned
734217,36212,district_apportioned
734218,36212,district_apportioned
734219,36212,district_apportioned
734220,36212,district_apportioned
734221,36212,district_apportioned
734222,36212,district_apportioned
734223,36212,district_apportioned
734224,36212,district_apportioned
734226,36212,district_apportioned
734227,36212,district_apportioned
734301,79578,district_apportioned
734311,79578,district_apportioned
734312,79578,district_apportioned
734313,36212,district_apportioned
734314,79578,district_apportioned
734315,79578,district_apportioned
734316,79578,district_apportioned
734317,36212,district_apportioned
734320,36212,district_apportioned
734321,36212,district_apportioned
734421,36212,district_apportioned
734423,36212,district_apportioned
734424,36212,district_apportioned
734425,36212,district_apportioned
734426,36212,district_apportioned
734427,36212,district_apportioned
734429,36212,district_apportioned
734431,36212,district_apportioned
734434,36212,district_apportioned
734436,36212,district_apportioned
734501,113907,district_apportioned
734503,36212,district_apportioned
735101,113907,district_apportioned
735102,113907,district_apportioned
735121,113907,district_apportioned
735122,108426,district_apportioned
735132,113907,district_apportioned
735133,113907,district_apportioned
735134,113907,district_apportioned
735135,113907,district_apportioned
735202,113907,district_apportioned
735203,113907,district_apportioned
735204,79578,district_apportioned
735205,113907,district_apportioned
735206,113907,district_apportioned
735207,113907,district_apportioned
735208,79578,district_apportioned
735209,113907,district_apportioned
735210,113907,district_apportioned
735211,79578,district_apportioned
735212,113907,district_apportioned
735213,79578,district_apportioned
735214,79578,district_apportioned
735215,79578,district_apportioned
735216,79578,district_apportioned
735217,79578,district_apportioned
735218,113907,district_apportioned
735219,113907,district_apportioned
735220,79578,district_apportioned
735221,113907,district_apportioned
735222,113907,district_apportioned
735223,113907,district_apportioned
735224,108426,district_apportioned
735225,113907,district_apportioned
735226,79578,district_apportioned
735227,79578,district_apportioned
735228,79578,district_apportioned
735229,113907,district_apportioned
735230,113907,district_apportioned
735231,36212,district_apportioned
735232,113907,district_apportioned
735233,113907,district_apportioned
735234,113907,district_apportioned
735301,108426,district_apportioned
735302,113907,district_apportioned
735303,108426,district_apportioned
735304,108426,district_apportioned
735305,113907,district_apportioned
736101,108426,district_apportioned
736121,79578,district_apportioned
736122,79578,district_apportioned
736123,79578,district_apportioned
736131,108426,district_apportioned
736133,108426,district_apportioned
736134,108426,district_apportioned
736135,108426,district_apportioned
736145,108426,district_apportioned
736146,108426,district_apportioned
736156,108426,district_apportioned
736157,108426,district_apportioned
736158,108426,district_apportioned
736159,108426,district_apportioned
736160,108426,district_apportioned
736165,108426,district_apportioned
736167,108426,district_apportioned
736168,108426,district_apportioned
736169,108426,district_apportioned
736170,108426,district_apportioned
736171,108426,district_apportioned
736172,108426,district_apportioned
736176,108426,district_apportioned
736179,108426,district_apportioned
736182,79578,district_apportioned
736201,79578,district_apportioned
736202,79578,district_apportioned
736203,79578,district_apportioned
736204,79578,district_apportioned
736205,79578,district_apportioned
736206,79578,district_apportioned
736207,79578,district_apportioned
736208,79578,district_apportioned
737101,32136,district_apportioned
737102,32136,district_apportioned
737103,32136,district_apportioned
737106,32136,district_apportioned
737107,32136,district_apportioned
737111,136435,district_apportioned
737113,32136,district_apportioned
737116,32136,district_apportioned
737120,32136,district_apportioned
737121,32136,district_apportioned
737126,32136,district_apportioned
737128,32136,district_apportioned
737131,32136,district_apportioned
737132,32136,district_apportioned
737133,32136,district_apportioned
737134,32136,district_apportioned
737135,32136,district_apportioned
737136,32136,district_apportioned
737139,32136,district_apportioned
741101,69832,district_apportioned
741102,69832,district_apportioned
741103,69832,district_apportioned
741121,69832,district_apportioned
741122,69832,district_apportioned
741123,69832,district_apportioned
741124,69832,district_apportioned
741125,69832,district_apportioned
741126,69832,district_apportioned
741127,69832,district_apportioned
741137,69832,district_apportioned
741138,69832,district_apportioned
741139,69832,district_apportioned
741140,69832,district_apportioned
741150,69832,district_apportioned
741151,69832,district_apportioned
741152,69832,district_apportioned
741153,69832,district_apportioned
741154,69832,district_apportioned
741155,69832,district_apportioned
741156,69832,district_apportioned
741157,69832,district_apportioned
741158,69832,district_apportioned
741159,69832,district_apportioned
741160,69832,district_apportioned
741161,69832,district_apportioned
741162,69832,district_apportioned
741163,69832,district_apportioned
741164,69832,district_apportioned
741165,69832,district_apportioned
741166,69832,district_apportioned
741167,69832,district_apportioned
741181,69832,district_apportioned
741201,69832,district_apportioned
741202,69832,district_apportioned
741221,69832,district_apportioned
741222,69832,district_apportioned
741223,69832,district_apportioned
741232,69832,district_apportioned
741234,69832,district_apportioned
741235,69832,district_apportioned
741238,69832,district_apportioned
741245,69832,district_apportioned
741246,69832,district_apportioned
741247,69832,district_apportioned
741248,69832,district_apportioned
741249,69832,district_apportioned
741250,69832,district_apportioned
741251,69832,district_apportioned
741252,69832,district_apportioned
741253,69832,district_apportioned
741254,69832,district_apportioned
741255,69832,district_apportioned
741256,69832,district_apportioned
741257,69832,district_apportioned
741301,69832,district_apportioned
741302,69832,district_apportioned
741313,69832,district_apportioned
741315,69832,district_apportioned
741316,69832,district_apportioned
741317,69832,district_apportioned
741319,69832,district_apportioned
741401,69832,district_apportioned
741402,69832,district_apportioned
741404,69832,district_apportioned
741501,69832,district_apportioned
741502,69832,district_apportioned
741503,69832,district_apportioned
741504,69832,district_apportioned
741505,69832,district_apportioned
741506,69832,district_apportioned
741507,69832,district_apportioned
741508,69832,district_apportioned
741509,69832,district_apportioned
742101,114578,district_apportioned
742102,114578,district_apportioned
742103,114578,district_apportioned
742104,114578,district_apportioned
742113,114578,district_apportioned
742121,114578,district_apportioned
742122,114578,district_apportioned
742123,114578,district_apportioned
742132,114578,district_apportioned
742133,114578,district_apportioned
742134,114578,district_apportioned
742135,114578,district_apportioned
742136,114578,district_apportioned
742137,114578,district_apportioned
742138,114578,district_apportioned
742140,114578,district_apportioned
742147,114578,district_apportioned
742148,114578,district_apportioned
742149,114578,district_apportioned
742151,114578,district_apportioned
742159,114578,district_apportioned
742160,114578,district_apportioned
742161,114578,district_apportioned
742163,114578,district_apportioned
742164,114578,district_apportioned
742165,114578,district_apportioned
742166,114578,district_apportioned
742168,114578,district_apportioned
742174,114578,district_apportioned
742175,114578,district_apportioned
742184,114578,district_apportioned
742187,114578,district_apportioned
742189,114578,district_apportioned
742201,114578,district_apportioned
742202,114578,district_apportioned
742212,114578,district_apportioned
742213,114578,district_apportioned
742223,114578,district_apportioned
742224,114578,district_apportioned
742225,114578,district_apportioned
742226,114578,district_apportioned
742227,114578,district_apportioned
742235,114578,district_apportioned
742236,114578,district_apportioned
742237,114578,district_apportioned
742238,114578,district_apportioned
742301,114578,district_apportioned
742302,114578,district_apportioned
742303,114578,district_apportioned
742304,114578,district_apportioned
742305,114578,district_apportioned
742306,114578,district_apportioned
742308,114578,district_apportioned
742401,114578,district_apportioned
742402,114578,district_apportioned
742404,114578,district_apportioned
742405,114578,district_apportioned
742406,114578,district_apportioned
742407,114578,district_apportioned
742408,114578,district_apportioned
742409,114578,district_apportioned
742410,114578,district_apportioned
743122,79443,district_apportioned
743123,79443,district_apportioned
743124,79443,district_apportioned
743125,79443,district_apportioned
743126,79443,district_apportioned
743127,79443,district_apportioned
743128,79443,district_apportioned
743129,79443,district_apportioned
743130,79443,district_apportioned
743133,79443,district_apportioned
743134,79443,district_apportioned
743135,79443,district_apportioned
743136,79443,district_apportioned
743144,79443,district_apportioned
743145,79443,district_apportioned
743165,79443,district_apportioned
743166,79443,district_apportioned
743193,79443,district_apportioned
743194,79443,district_apportioned
743221,79443,district_apportioned
743222,79443,district_apportioned
743223,79443,district_apportioned
743232,79443,district_apportioned
743233,79443,district_apportioned
743234,79443,district_apportioned
743235,79443,district_apportioned
743245,79443,district_apportioned
743247,79443,district_apportioned
743248,79443,district_apportioned
743249,79443,district_apportioned
743251,79443,district_apportioned
743252,79443,district_apportioned
743262,79443,district_apportioned
743263,79443,district_apportioned
743268,79443,district_apportioned
743270,79443,district_apportioned
743271,79443,district_apportioned
743272,79443,district_apportioned
743273,79443,district_apportioned
743286,79443,district_apportioned
743287,79443,district_apportioned
743289,79443,district_apportioned
743290,79443,district_apportioned
743291,79443,district_apportioned
743292,79443,district_apportioned
743293,79443,district_apportioned
743294,79443,district_apportioned
743297,79443,district_apportioned
743312,113361,district_apportioned
743318,113361,district_apportioned
743329,113361,district_apportioned
743330,113361,district_apportioned
743331,113361,district_apportioned
743332,113361,district_apportioned
743336,113361,district_apportioned
743337,113361,district_apportioned
743338,113361,district_apportioned
743345,113361,district_apportioned
743347,113361,district_apportioned
743348,113361,district_apportioned
743349,113361,district_apportioned
743351,113361,district_apportioned
743354,113361,district_apportioned
743355,113361,district_apportioned
743356,113361,district_apportioned
743357,113361,district_apportioned
743363,113361,district_apportioned
743368,113361,district_apportioned
743370,113361,district_apportioned
743371,113361,district_apportioned
743372,113361,district_apportioned
743373,113361,district_apportioned
743374,113361,district_apportioned
743375,113361,district_apportioned
743376,113361,district_apportioned
743377,113361,district_apportioned
743378,113361,district_apportioned
743383,113361,district_apportioned
743387,113361,district_apportioned
743395,113361,district_apportioned
743399,113361,district_apportioned
743401,79443,district_apportioned
743405,79443,district_apportioned
743411,79443,district_apportioned
743412,79443,district_apportioned
743422,79443,district_apportioned
743423,79443,district_apportioned
743424,79443,district_apportioned
743425,79443,district_apportioned
743426,79443,district_apportioned
743427,79443,district_apportioned
743428,79443,district_apportioned
743429,79443,district_apportioned
743435,79443,district_apportioned
743437,79443,district_apportioned
743438,79443,district_apportioned
743439,79443,district_apportioned
743442,79443,district_apportioned
743445,79443,district_apportioned
743446,79443,district_apportioned
743456,79443,district_apportioned
743502,113361,district_apportioned
743503,113361,district_apportioned
743504,113361,district_apportioned
743513,113361,district_apportioned
743609,113361,district_apportioned
743610,113361,district_apportioned
743611,113361,district_apportioned
743613,113361,district_apportioned
743701,79443,district_apportioned
743702,79443,district_apportioned
743704,79443,district_apportioned
743710,79443,district_apportioned
743711,79443,district_apportioned
744101,21649,district_apportioned
744102,21649,district_apportioned
744103,21649,district_apportioned
744104,21649,district_apportioned
744105,21649,district_apportioned
744106,21649,district_apportioned
744107,21649,district_apportioned
744112,21649,district_apportioned
744201,15085,district_apportioned
744202,15085,district_apportioned
744203,15085,district_apportioned
744204,15085,district_apportioned
744205,15085,district_apportioned
744206,21649,district_apportioned
744207,21649,district_apportioned
744209,15085,district_apportioned
744210,15085,district_apportioned
744211,21649,district_apportioned
744301,9210,district_apportioned
744302,9210,district_apportioned
744303,9210,district_apportioned
744304,9210,district_apportioned
751001,35741,district_apportioned
751002,35741,district_apportioned
751003,35741,district_apportioned
751004,35741,district_apportioned
751005,35741,district_apportioned
751006,35741,district_apportioned
751007,35741,district_apportioned
751008,35741,district_apportioned
751009,35741,district_apportioned
751010,35741,district_apportioned
751011,35741,district_apportioned
751012,35741,district_apportioned
751013,35741,district_apportioned
751014,35741,district_apportioned
751015,35741,district_apportioned
751016,35741,district_apportioned
751017,35741,district_apportioned
751018,35741,district_apportioned
751019,35741,district_apportioned
751020,35741,district_apportioned
751021,35741,district_apportioned
751022,35741,district_apportioned
751023,35741,district_apportioned
751024,35741,district_apportioned
751025,35741,district_apportioned
751026,35741,district_apportioned
751027,35741,district_apportioned
751028,35741,district_apportioned
751029,35741,district_apportioned
751030,35741,district_apportioned
751031,35741,district_apportioned
752001,60669,district_apportioned
752002,60669,district_apportioned
752003,60669,district_apportioned
752010,60669,district_apportioned
752011,60669,district_apportioned
752012,60669,district_apportioned
752013,60669,district_apportioned
752014,60669,district_apportioned
752015,60669,district_apportioned
752016,60669,district_apportioned
752017,60669,district_apportioned
752018,35741,district_apportioned
752019,35741,district_apportioned
752020,35741,district_apportioned
752021,35741,district_apportioned
752022,35741,district_apportioned
752023,35741,district_apportioned
752024,41860,district_apportioned
752025,41860,district_apportioned
752026,41860,district_apportioned
752027,35741,district_apportioned
752030,35741,district_apportioned
752031,35741,district_apportioned
752032,60669,district_apportioned
752034,35741,district_apportioned
752035,35741,district_apportioned
752037,35741,district_apportioned
752038,35741,district_apportioned
752045,60669,district_apportioned
752046,60669,district_apportioned
752050,35741,district_apportioned
752054,35741,district_apportioned
752055,35741,district_apportioned
752056,35741,district_apportioned
752057,35741,district_apportioned
752060,35741,district_apportioned
752061,35741,district_apportioned
752062,35741,district_apportioned
752063,41860,district_apportioned
752064,35741,district_apportioned
752065,41860,district_apportioned
752066,35741,district_apportioned
752068,41860,district_apportioned
752069,41860,district_apportioned
752070,41860,district_apportioned
752077,41860,district_apportioned
752078,41860,district_apportioned
752079,41860,district_apportioned
752080,41860,district_apportioned
752081,41860,district_apportioned
752082,41860,district_apportioned
752083,41860,district_apportioned
752084,41860,district_apportioned
752085,41860,district_apportioned
752089,41860,district_apportioned
752090,41860,district_apportioned
752091,41860,district_apportioned
752092,41860,district_apportioned
752093,41860,district_apportioned
752094,41860,district_apportioned
752100,35741,district_apportioned
752101,35741,district_apportioned
752102,35741,district_apportioned
752103,35741,district_apportioned
752104,60669,district_apportioned
752105,60669,district_apportioned
752106,60669,district_apportioned
752107,60669,district_apportioned
752108,60669,district_apportioned
752109,60669,district_apportioned
752110,60669,district_apportioned
752111,60669,district_apportioned
752113,60669,district_apportioned
752114,60669,district_apportioned
752115,35741,district_apportioned
752116,60669,district_apportioned
752118,60669,district_apportioned
752119,60669,district_apportioned
752120,46043,district_apportioned
752121,60669,district_apportioned
753001,46043,district_apportioned
753002,46043,district_apportioned
753003,46043,district_apportioned
753004,46043,district_apportioned
753006,46043,district_apportioned
753007,46043,district_apportioned
753008,46043,district_apportioned
753009,46043,district_apportioned
753010,46043,district_apportioned
753011,46043,district_apportioned
753012,46043,district_apportioned
753013,46043,district_apportioned
753014,46043,district_apportioned
753015,46043,district_apportioned
754001,35741,district_apportioned
754002,46043,district_apportioned
754003,46043,district_apportioned
754004,35741,district_apportioned
754005,35741,district_apportioned
754006,46043,district_apportioned
754007,46043,district_apportioned
754008,46043,district_apportioned
754009,46043,district_apportioned
754010,46043,district_apportioned
754011,46043,district_apportioned
754012,35741,district_apportioned
754013,46043,district_apportioned
754018,46043,district_apportioned
754021,46043,district_apportioned
754022,46043,district_apportioned
754023,44566,district_apportioned
754024,44566,district_apportioned
754025,46043,district_apportioned
754026,46043,district_apportioned
754027,46043,district_apportioned
754028,46043,district_apportioned
754029,46043,district_apportioned
754030,46043,district_apportioned
754031,46043,district_apportioned
754032,46043,district_apportioned
754035,46043,district_apportioned
754037,46043,district_apportioned
754071,46043,district_apportioned
754082,44566,district_apportioned
754100,46043,district_apportioned
754102,42110,district_apportioned
754103,42110,district_apportioned
754104,42110,district_apportioned
754105,46043,district_apportioned
754106,42110,district_apportioned
754107,42110,district_apportioned
754108,42110,district_apportioned
754109,42110,district_apportioned
754110,42110,district_apportioned
754111,42110,district_apportioned
754112,46043,district_apportioned
754113,46043,district_apportioned
754114,42110,district_apportioned
754119,42110,district_apportioned
754120,42110,district_apportioned
754130,46043,district_apportioned
754131,46043,district_apportioned
754132,42110,district_apportioned
754133,42110,district_apportioned
754134,49668,district_apportioned
754135,42110,district_apportioned
754136,42110,district_apportioned
754137,42110,district_apportioned
754138,42110,district_apportioned
754139,42110,district_apportioned
754140,42110,district_apportioned
754141,42110,district_apportioned
754142,42110,district_apportioned
754143,42110,district_apportioned
754145,42110,district_apportioned
754153,49668,district_apportioned
754160,42110,district_apportioned
754162,42110,district_apportioned
754200,46043,district_apportioned
754201,46043,district_apportioned
754202,46043,district_apportioned
754203,46043,district_apportioned
754204,46043,district_apportioned
754205,44566,district_apportioned
754206,46043,district_apportioned
754207,46043,district_apportioned
754208,46043,district_apportioned
754209,46043,district_apportioned
754210,49668,district_apportioned
754211,49668,district_apportioned
754212,49668,district_apportioned
754213,49668,district_apportioned
754214,44566,district_apportioned
754215,49668,district_apportioned
754216,49668,district_apportioned
754217,49668,district_apportioned
754218,49668,district_apportioned
754219,49668,district_apportioned
754220,49668,district_apportioned
754221,46043,district_apportioned
754222,49668,district_apportioned
754223,49668,district_apportioned
754224,49668,district_apportioned
754225,49668,district_apportioned
754227,49668,district_apportioned
754228,49668,district_apportioned
754231,49668,district_apportioned
754239,49668,district_apportioned
754240,49668,district_apportioned
754244,49668,district_apportioned
754245,49668,district_apportioned
754246,49668,district_apportioned
754248,49668,district_apportioned
754250,49668,district_apportioned
754253,49668,district_apportioned
754289,49668,district_apportioned
754290,46043,district_apportioned
754292,44566,district_apportioned
754293,46043,district_apportioned
754294,42110,district_apportioned
754295,46043,district_apportioned
754296,44566,district_apportioned
755001,44566,district_apportioned
755003,44566,district_apportioned
755004,44566,district_apportioned
755005,44566,district_apportioned
755006,44566,district_apportioned
755007,44566,district_apportioned
755008,44566,district_apportioned
755009,44566,district_apportioned
755010,44566,district_apportioned
755011,44566,district_apportioned
755012,44566,district_apportioned
755013,44566,district_apportioned
755014,44566,district_apportioned
755015,44566,district_apportioned
755016,44566,district_apportioned
755017,44566,district_apportioned
755018,44566,district_apportioned
755019,44566,district_apportioned
755020,44566,district_apportioned
755022,44566,district_apportioned
755023,44566,district_apportioned
755024,44566,district_apportioned
755025,44566,district_apportioned
755026,44566,district_apportioned
755027,44566,district_apportioned
755028,44566,district_apportioned
755036,44566,district_apportioned
755043,44566,district_apportioned
755044,44566,district_apportioned
755049,44566,district_apportioned
755050,44566,district_apportioned
755051,44566,district_apportioned
755061,49668,district_apportioned
755062,44566,district_apportioned
756001,47358,district_apportioned
756002,47358,district_apportioned
756003,47358,district_apportioned
756019,47358,district_apportioned
756020,47358,district_apportioned
756021,47358,district_apportioned
756022,47358,district_apportioned
756023,47358,district_apportioned
756024,47358,district_apportioned
756025,47358,district_apportioned
756026,47358,district_apportioned
756027,47358,district_apportioned
756028,47358,district_apportioned
756029,47358,district_apportioned
756030,47358,district_apportioned
756032,47358,district_apportioned
756033,47358,district_apportioned
756034,47358,district_apportioned
756035,47358,district_apportioned
756036,47358,district_apportioned
756037,47358,district_apportioned
756038,47358,district_apportioned
756039,47358,district_apportioned
756040,47358,district_apportioned
756041,47358,district_apportioned
756042,47358,district_apportioned
756043,47358,district_apportioned
756044,47358,district_apportioned
756045,47358,district_apportioned
756046,38624,district_apportioned
756047,47358,district_apportioned
756048,47358,district_apportioned
756049,47358,district_apportioned
756051,47358,district_apportioned
756055,47358,district_apportioned
756056,47358,district_apportioned
756058,47358,district_apportioned
756059,47358,district_apportioned
756060,47358,district_apportioned
756079,47358,district_apportioned
756080,47358,district_apportioned
756081,47358,district_apportioned
756083,47358,district_apportioned
756084,47358,district_apportioned
756085,47358,district_apportioned
756086,47358,district_apportioned
756087,47358,district_apportioned
756100,38624,district_apportioned
756101,38624,district_apportioned
756111,38624,district_apportioned
756112,38624,district_apportioned
756113,38624,district_apportioned
756114,38624,district_apportioned
756115,38624,district_apportioned
756116,38624,district_apportioned
756117,38624,district_apportioned
756118,38624,district_apportioned
756119,38624,district_apportioned
756120,38624,district_apportioned
756121,38624,district_apportioned
756122,38624,district_apportioned
756123,38624,district_apportioned
756124,38624,district_apportioned
756125,38624,district_apportioned
756126,47358,district_apportioned
756127,38624,district_apportioned
756128,38624,district_apportioned
756129,38624,district_apportioned
756130,38624,district_apportioned
756131,38624,district_apportioned
756132,38624,district_apportioned
756133,38624,district_apportioned
756134,38624,district_apportioned
756135,38624,district_apportioned
756137,38624,district_apportioned
756138,38624,district_apportioned
756139,38624,district_apportioned
756144,38624,district_apportioned
756162,38624,district_apportioned
756163,38624,district_apportioned
756164,38624,district_apportioned
756165,38624,district_apportioned
756166,47358,district_apportioned
756167,38624,district_apportioned
756168,38624,district_apportioned
756171,38624,district_apportioned
756181,38624,district_apportioned
756182,47358,district_apportioned
757001,38178,district_apportioned
757002,38178,district_apportioned
757003,38178,district_apportioned
757014,38178,district_apportioned
757016,38178,district_apportioned
757017,38178,district_apportioned
757018,38178,district_apportioned
757019,38178,district_apportioned
757020,38178,district_apportioned
757021,38178,district_apportioned
757022,38178,district_apportioned
757023,38178,district_apportioned
757024,38178,district_apportioned
757025,38178,district_apportioned
757026,38178,district_apportioned
757027,38178,district_apportioned
757028,38178,district_apportioned
757029,38178,district_apportioned
757030,38178,district_apportioned
757031,38178,district_apportioned
757032,38178,district_apportioned
757033,38178,district_apportioned
757034,38178,district_apportioned
757035,38178,district_apportioned
757036,38178,district_apportioned
757037,38178,district_apportioned
757038,38178,district_apportioned
757039,38178,district_apportioned
757040,38178,district_apportioned
757041,38178,district_apportioned
757042,38178,district_apportioned
757043,38178,district_apportioned
757045,38178,district_apportioned
757046,38178,district_apportioned
757047,38178,district_apportioned
757048,38178,district_apportioned
757049,38178,district_apportioned
757050,38178,district_apportioned
757051,38178,district_apportioned
757052,38178,district_apportioned
757053,38178,district_apportioned
757054,38178,district_apportioned
757055,38178,district_apportioned
757073,38178,district_apportioned
757074,38178,district_apportioned
757075,38178,district_apportioned
757077,38178,district_apportioned
757079,38178,district_apportioned
757081,38178,district_apportioned
757082,38178,district_apportioned
757083,38178,district_apportioned
757084,38178,district_apportioned
757085,38178,district_apportioned
757086,38178,district_apportioned
757087,38178,district_apportioned
757091,38178,district_apportioned
757092,38178,district_apportioned
757093,38178,district_apportioned
757100,38178,district_apportioned
757101,38178,district_apportioned
757102,38178,district_apportioned
757103,38178,district_apportioned
757104,38178,district_apportioned
757105,38178,district_apportioned
757106,38178,district_apportioned
757107,38178,district_apportioned
758001,41901,district_apportioned
758002,41901,district_apportioned
758013,41901,district_apportioned
758014,41901,district_apportioned
758015,41901,district_apportioned
758016,41901,district_apportioned
758017,41901,district_apportioned
758018,41901,district_apportioned
758019,41901,district_apportioned
758020,41901,district_apportioned
758021,41901,district_apportioned
758022,41901,district_apportioned
758023,41901,district_apportioned
758025,44566,district_apportioned
758026,41901,district_apportioned
758027,41901,district_apportioned
758028,41901,district_apportioned
758029,41901,district_apportioned
758030,41901,district_apportioned
758031,41901,district_apportioned
758032,41901,district_apportioned
758034,41901,district_apportioned
758035,41901,district_apportioned
758036,41901,district_apportioned
758037,41901,district_apportioned
758038,41901,district_apportioned
758040,41901,district_apportioned
758041,41901,district_apportioned
758043,41901,district_apportioned
758044,41901,district_apportioned
758045,41901,district_apportioned
758046,41901,district_apportioned
758047,41901,district_apportioned
758076,41901,district_apportioned
758078,41901,district_apportioned
758079,41901,district_apportioned
758080,41901,district_apportioned
758081,41901,district_apportioned
758082,41901,district_apportioned
758083,41901,district_apportioned
758084,41901,district_apportioned
758085,41901,district_apportioned
758086,41901,district_apportioned
758087,41901,district_apportioned
759001,56801,district_apportioned
759013,56801,district_apportioned
759014,56801,district_apportioned
759015,56801,district_apportioned
759016,56801,district_apportioned
759017,56801,district_apportioned
759018,56801,district_apportioned
759019,56801,district_apportioned
759020,56801,district_apportioned
759021,56801,district_apportioned
759022,56801,district_apportioned
759023,56801,district_apportioned
759024,56801,district_apportioned
759025,56801,district_apportioned
759026,56801,district_apportioned
759027,56801,district_apportioned
759028,56801,district_apportioned
759029,56801,district_apportioned
759037,45525,district_apportioned
759039,56801,district_apportioned
759040,45525,district_apportioned
759100,45525,district_apportioned
759101,45525,district_apportioned
759102,45525,district_apportioned
759103,45525,district_apportioned
759104,45525,district_apportioned
759105,45525,district_apportioned
759106,45525,district_apportioned
759107,45525,district_apportioned
759111,45525,district_apportioned
759116,45525,district_apportioned
759117,45525,district_apportioned
759118,45525,district_apportioned
759119,45525,district_apportioned
759120,56801,district_apportioned
759121,56801,district_apportioned
759122,45525,district_apportioned
759123,45525,district_apportioned
759124,45525,district_apportioned
759125,45525,district_apportioned
759126,45525,district_apportioned
759127,45525,district_apportioned
759128,45525,district_apportioned
759129,45525,district_apportioned
759130,45525,district_apportioned
759132,45525,district_apportioned
759141,45525,district_apportioned
759143,45525,district_apportioned
759145,45525,district_apportioned
759146,45525,district_apportioned
759147,45525,district_apportioned
759148,45525,district_apportioned
760001,45244,district_apportioned
760002,45244,district_apportioned
760003,45244,district_apportioned
760004,45244,district_apportioned
760005,45244,district_apportioned
760006,45244,district_apportioned
760007,45244,district_apportioned
760008,45244,district_apportioned
760009,45244,district_apportioned
760010,45244,district_apportioned
760011,45244,district_apportioned
761001,45244,district_apportioned
761002,45244,district_apportioned
761003,45244,district_apportioned
761004,45244,district_apportioned
761005,45244,district_apportioned
761006,45244,district_apportioned
761007,45244,district_apportioned
761008,45244,district_apportioned
761009,45244,district_apportioned
761010,45244,district_apportioned
761011,45244,district_apportioned
761012,45244,district_apportioned
761013,45244,district_apportioned
761014,33989,district_apportioned
761015,33989,district_apportioned
761016,33989,district_apportioned
761017,33989,district_apportioned
761018,33989,district_apportioned
761019,45244,district_apportioned
761020,45244,district_apportioned
761025,45244,district_apportioned
761026,45244,district_apportioned
761027,45244,district_apportioned
761028,45244,district_apportioned
761029,45244,district_apportioned
761030,45244,district_apportioned
761031,45244,district_apportioned
761032,45244,district_apportioned
761035,45244,district_apportioned
761037,45244,district_apportioned
761041,45244,district_apportioned
761042,45244,district_apportioned
761043,45244,district_apportioned
761045,45244,district_apportioned
761052,45244,district_apportioned
761054,45244,district_apportioned
761055,45244,district_apportioned
761100,45244,district_apportioned
761101,45244,district_apportioned
761102,45244,district_apportioned
761103,45244,district_apportioned
761104,45244,district_apportioned
761105,45244,district_apportioned
761106,45244,district_apportioned
761107,45244,district_apportioned
761108,45244,district_apportioned
761109,45244,district_apportioned
761110,45244,district_apportioned
761111,45244,district_apportioned
761114,45244,district_apportioned
761115,45244,district_apportioned
761116,45244,district_apportioned
761117,45244,district_apportioned
761118,45244,district_apportioned
761119,45244,district_apportioned
761120,45244,district_apportioned
761121,45244,district_apportioned
761122,45244,district_apportioned
761123,45244,district_apportioned
761124,45244,district_apportioned
761125,45244,district_apportioned
761126,45244,district_apportioned
761131,45244,district_apportioned
761132,45244,district_apportioned
761133,45244,district_apportioned
761140,45244,district_apportioned
761141,45244,district_apportioned
761143,45244,district_apportioned
761144,45244,district_apportioned
761146,45244,district_apportioned
761151,45244,district_apportioned
761200,33989,district_apportioned
761201,33989,district_apportioned
761206,33989,district_apportioned
761207,33989,district_apportioned
761208,33989,district_apportioned
761209,45244,district_apportioned
761210,33989,district_apportioned
761211,33989,district_apportioned
761212,33989,district_apportioned
761213,33989,district_apportioned
761214,33989,district_apportioned
761215,33989,district_apportioned
761217,33989,district_apportioned
762001,34910,district_apportioned
762002,34910,district_apportioned
762010,34910,district_apportioned
762011,34910,district_apportioned
762012,36764,district_apportioned
762013,36764,district_apportioned
762014,36764,district_apportioned
762015,36764,district_apportioned
762016,36764,district_apportioned
762017,36764,district_apportioned
762018,36764,district_apportioned
762019,34910,district_apportioned
762020,36764,district_apportioned
762021,34910,district_apportioned
762022,34910,district_apportioned
762023,36764,district_apportioned
762024,36764,district_apportioned
762026,36764,district_apportioned
762027,34910,district_apportioned
762028,34910,district_apportioned
762029,34910,district_apportioned
762030,36764,district_apportioned
762100,34910,district_apportioned
762101,34910,district_apportioned
762102,34910,district_apportioned
762103,34910,district_apportioned
762104,34910,district_apportioned
762105,34910,district_apportioned
762106,34910,district_apportioned
762107,34910,district_apportioned
762109,34910,district_apportioned
762110,34910,district_apportioned
762112,34910,district_apportioned
763001,47574,district_apportioned
763002,47574,district_apportioned
763003,47574,district_apportioned
763004,47574,district_apportioned
763008,47574,district_apportioned
764001,47574,district_apportioned
764002,47574,district_apportioned
764003,47574,district_apportioned
764004,47574,district_apportioned
764005,47574,district_apportioned
764006,47574,district_apportioned
764011,47574,district_apportioned
764014,47574,district_apportioned
764020,47574,district_apportioned
764021,47574,district_apportioned
764027,47574,district_apportioned
764028,47574,district_apportioned
764036,47574,district_apportioned
764037,47574,district_apportioned
764038,47574,district_apportioned
764039,47574,district_apportioned
764040,47574,district_apportioned
764041,61319,district_apportioned
764042,47574,district_apportioned
764043,47574,district_apportioned
764044,61319,district_apportioned
764045,61319,district_apportioned
764046,61319,district_apportioned
764047,61319,district_apportioned
764048,61319,district_apportioned
764049,45525,district_apportioned
764051,61319,district_apportioned
764052,61319,district_apportioned
764055,45525,district_apportioned
764056,47574,district_apportioned
764057,47574,district_apportioned
764058,47574,district_apportioned
764059,45525,district_apportioned
764061,45525,district_apportioned
764062,56936,district_apportioned
764063,45525,district_apportioned
764070,45525,district_apportioned
764071,45525,district_apportioned
764072,45525,district_apportioned
764073,45525,district_apportioned
764074,45525,district_apportioned
764075,45525,district_apportioned
764076,45525,district_apportioned
764077,45525,district_apportioned
764078,45525,district_apportioned
764081,47574,district_apportioned
764085,45525,district_apportioned
764086,61319,district_apportioned
764087,61319,district_apportioned
764088,45525,district_apportioned
765001,56936,district_apportioned
765002,56936,district_apportioned
765013,47574,district_apportioned
765015,56936,district_apportioned
765016,56936,district_apportioned
765017,45525,district_apportioned
765018,56936,district_apportioned
765019,56936,district_apportioned
765020,56936,district_apportioned
765021,56936,district_apportioned
765022,56936,district_apportioned
765023,56936,district_apportioned
765024,56936,district_apportioned
765025,56936,district_apportioned
765026,56936,district_apportioned
765029,56936,district_apportioned
765033,56936,district_apportioned
765034,56936,district_apportioned
766001,56317,district_apportioned
766002,56317,district_apportioned
766011,56317,district_apportioned
766012,56317,district_apportioned
766013,56317,district_apportioned
766014,56317,district_apportioned
766015,56317,district_apportioned
766016,56317,district_apportioned
766017,56317,district_apportioned
766018,56317,district_apportioned
766019,56317,district_apportioned
766020,56317,district_apportioned
766023,56317,district_apportioned
766026,56317,district_apportioned
766027,56317,district_apportioned
766028,56317,district_apportioned
766029,56317,district_apportioned
766031,56317,district_apportioned
766032,56317,district_apportioned
766036,56317,district_apportioned
766037,56317,district_apportioned
766100,56317,district_apportioned
766101,56317,district_apportioned
766102,56317,district_apportioned
766103,56317,district_apportioned
766104,122076,district_apportioned
766105,122076,district_apportioned
766106,122076,district_apportioned
766107,56317,district_apportioned
766108,122076,district_apportioned
766110,56317,district_apportioned
766111,122076,district_apportioned
766118,56317,district_apportioned
767001,56862,district_apportioned
767002,56862,district_apportioned
767016,45525,district_apportioned
767017,45525,district_apportioned
767018,45525,district_apportioned
767019,45525,district_apportioned
767020,45525,district_apportioned
767021,56862,district_apportioned
767022,56862,district_apportioned
767023,45525,district_apportioned
767024,56862,district_apportioned
767025,56862,district_apportioned
767026,56862,district_apportioned
767027,56862,district_apportioned
767028,56862,district_apportioned
767029,56862,district_apportioned
767030,56862,district_apportioned
767032,56862,district_apportioned
767033,56862,district_apportioned
767035,56862,district_apportioned
767037,56862,district_apportioned
767038,56862,district_apportioned
767039,56862,district_apportioned
767040,56862,district_apportioned
767041,56862,district_apportioned
767042,56862,district_apportioned
767045,45525,district_apportioned
767046,56862,district_apportioned
767048,56862,district_apportioned
767060,56862,district_apportioned
767061,56862,district_apportioned
767062,45525,district_apportioned
767065,56862,district_apportioned
767066,56862,district_apportioned
767067,56862,district_apportioned
767068,45525,district_apportioned
767070,56862,district_apportioned
767071,56862,district_apportioned
768001,37182,district_apportioned
768002,37182,district_apportioned
768003,37182,district_apportioned
768004,37182,district_apportioned
768005,37182,district_apportioned
768006,37182,district_apportioned
768016,37182,district_apportioned
768017,37182,district_apportioned
768018,37182,district_apportioned
768019,37182,district_apportioned
768020,37182,district_apportioned
768025,37182,district_apportioned
768026,37182,district_apportioned
768027,64402,district_apportioned
768028,64402,district_apportioned
768029,64402,district_apportioned
768030,64402,district_apportioned
768031,64402,district_apportioned
768032,64402,district_apportioned
768033,64402,district_apportioned
768034,64402,district_apportioned
768035,64402,district_apportioned
768036,64402,district_apportioned
768037,64402,district_apportioned
768038,64402,district_apportioned
768039,64402,district_apportioned
768040,64402,district_apportioned
768042,64402,district_apportioned
768045,37182,district_apportioned
768048,64402,district_apportioned
768049,64402,district_apportioned
768050,64402,district_apportioned
768052,64402,district_apportioned
768102,64402,district_apportioned
768103,64402,district_apportioned
768104,37182,district_apportioned
768105,37182,district_apportioned
768106,37182,district_apportioned
768107,44646,district_apportioned
768108,44646,district_apportioned
768109,44646,district_apportioned
768110,44646,district_apportioned
768111,64402,district_apportioned
768112,37182,district_apportioned
768113,37182,district_apportioned
768115,64402,district_apportioned
768118,37182,district_apportioned
768119,44646,district_apportioned
768121,44646,district_apportioned
768200,37182,district_apportioned
768201,36219,district_apportioned
768202,36219,district_apportioned
768203,36219,district_apportioned
768204,36219,district_apportioned
768210,37182,district_apportioned
768211,36219,district_apportioned
768212,37182,district_apportioned
768213,36219,district_apportioned
768214,37182,district_apportioned
768215,36219,district_apportioned
768216,36219,district_apportioned
768217,36219,district_apportioned
768218,36219,district_apportioned
768219,36219,district_apportioned
768220,36219,district_apportioned
768221,37182,district_apportioned
768222,37182,district_apportioned
768224,37182,district_apportioned
768225,36219,district_apportioned
768226,36219,district_apportioned
768227,37182,district_apportioned
768228,44646,district_apportioned
768233,36219,district_apportioned
768234,36219,district_apportioned
769001,35482,district_apportioned
769002,35482,district_apportioned
769003,35482,district_apportioned
769004,35482,district_apportioned
769005,35482,district_apportioned
769006,35482,district_apportioned
769007,35482,district_apportioned
769008,35482,district_apportioned
769009,35482,district_apportioned
769010,35482,district_apportioned
769011,35482,district_apportioned
769012,35482,district_apportioned
769013,35482,district_apportioned
769014,35482,district_apportioned
769015,35482,district_apportioned
769016,35482,district_apportioned
769042,35482,district_apportioned
769043,35482,district_apportioned
770001,35482,district_apportioned
770002,35482,district_apportioned
770011,35482,district_apportioned
770012,35482,district_apportioned
770013,35482,district_apportioned
770014,35482,district_apportioned
770015,35482,district_apportioned
770016,35482,district_apportioned
770017,35482,district_apportioned
770018,35482,district_apportioned
770019,35482,district_apportioned
770020,35482,district_apportioned
770021,35482,district_apportioned
770022,35482,district_apportioned
770023,35482,district_apportioned
770024,35482,district_apportioned
770025,35482,district_apportioned
770031,35482,district_apportioned
770032,35482,district_apportioned
770033,35482,district_apportioned
770034,35482,district_apportioned
770035,35482,district_apportioned
770036,35482,district_apportioned
770037,35482,district_apportioned
770038,35482,district_apportioned
770039,35482,district_apportioned
770040,35482,district_apportioned
770041,35482,district_apportioned
770042,35482,district_apportioned
770043,35482,district_apportioned
770044,35482,district_apportioned
770046,35482,district_apportioned
770048,35482,district_apportioned
770051,35482,district_apportioned
770052,35482,district_apportioned
770070,35482,district_apportioned
770072,35482,district_apportioned
770073,35482,district_apportioned
770074,35482,district_apportioned
770075,35482,district_apportioned
770076,35482,district_apportioned
781001,20788,district_apportioned
781002,20788,district_apportioned
781003,20788,district_apportioned
781004,20788,district_apportioned
781005,20788,district_apportioned
781006,20788,district_apportioned
781007,20788,district_apportioned
781008,20788,district_apportioned
781009,20788,district_apportioned
781010,20788,district_apportioned
781011,20788,district_apportioned
781012,20788,district_apportioned
781013,20788,district_apportioned
781014,20788,district_apportioned
781015,20788,district_apportioned
781016,20788,district_apportioned
781017,20788,district_apportioned
781018,20788,district_apportioned
781019,20788,district_apportioned
781020,20788,district_apportioned
781021,20788,district_apportioned
781022,20788,district_apportioned
781023,20788,district_apportioned
781024,20788,district_apportioned
781025,20788,district_apportioned
781026,20788,district_apportioned
781027,20788,district_apportioned
781028,20788,district_apportioned
781029,20788,district_apportioned
781030,20788,district_apportioned
781031,20788,district_apportioned
781032,20788,district_apportioned
781034,20788,district_apportioned
781035,20788,district_apportioned
781036,20788,district_apportioned
781037,20788,district_apportioned
781038,20788,district_apportioned
781039,20788,district_apportioned
781040,20788,district_apportioned
781101,20788,district_apportioned
781102,20788,district_apportioned
781103,20788,district_apportioned
781104,20788,district_apportioned
781120,20788,district_apportioned
781121,20788,district_apportioned
781122,20788,district_apportioned
781123,20788,district_apportioned
781124,20788,district_apportioned
781125,20788,district_apportioned
781126,18820,district_apportioned
781127,20788,district_apportioned
781128,20788,district_apportioned
781129,20788,district_apportioned
781131,20788,district_apportioned
781132,20788,district_apportioned
781133,20788,district_apportioned
781134,20788,district_apportioned
781135,20788,district_apportioned
781136,20788,district_apportioned
781137,20788,district_apportioned
781138,18820,district_apportioned
781141,20788,district_apportioned
781150,20788,district_apportioned
781171,20788,district_apportioned
781301,94090,district_apportioned
781302,94090,district_apportioned
781303,18820,district_apportioned
781304,18820,district_apportioned
781305,18820,district_apportioned
781306,18820,district_apportioned
781307,94090,district_apportioned
781308,94090,district_apportioned
781309,18820,district_apportioned
781310,18820,district_apportioned
781311,94090,district_apportioned
781312,18820,district_apportioned
781313,94090,district_apportioned
781314,94090,district_apportioned
781315,94090,district_apportioned
781316,94090,district_apportioned
781317,18820,district_apportioned
781318,94090,district_apportioned
781319,94090,district_apportioned
781321,94090,district_apportioned
781325,94090,district_apportioned
781326,94090,district_apportioned
781327,94090,district_apportioned
781328,94090,district_apportioned
781329,18820,district_apportioned
781330,94090,district_apportioned
781333,18820,district_apportioned
781334,18820,district_apportioned
781335,18820,district_apportioned
781337,18820,district_apportioned
781338,18820,district_apportioned
781339,18820,district_apportioned
781340,18820,district_apportioned
781341,18820,district_apportioned
781343,18820,district_apportioned
781344,18820,district_apportioned
781346,18820,district_apportioned
781347,18820,district_apportioned
781348,18820,district_apportioned
781349,18820,district_apportioned
781350,18820,district_apportioned
781351,18820,district_apportioned
781352,94090,district_apportioned
781353,18820,district_apportioned
781354,20788,district_apportioned
781355,18820,district_apportioned
781360,18820,district_apportioned
781364,20788,district_apportioned
781365,20788,district_apportioned
781366,20788,district_apportioned
781367,18820,district_apportioned
781368,18820,district_apportioned
781369,18820,district_apportioned
781370,18820,district_apportioned
781371,18820,district_apportioned
781372,18820,district_apportioned
781373,18820,district_apportioned
781374,18820,district_apportioned
781375,18820,district_apportioned
781376,20788,district_apportioned
781377,18820,district_apportioned
781378,18820,district_apportioned
781380,20788,district_apportioned
781381,20788,district_apportioned
781382,20788,district_apportioned
782001,100849,district_apportioned
782002,100849,district_apportioned
782003,100849,district_apportioned
782101,100849,district_apportioned
782102,100849,district_apportioned
782103,100849,district_apportioned
782104,136775,district_apportioned
782105,136775,district_apportioned
782106,100849,district_apportioned
782120,100849,district_apportioned
782121,100849,district_apportioned
782122,100849,district_apportioned
782123,100849,district_apportioned
782124,100849,district_apportioned
782125,100849,district_apportioned
782126,136775,district_apportioned
782127,136775,district_apportioned
782135,100849,district_apportioned
782136,100849,district_apportioned
782137,100849,district_apportioned
782138,100849,district_apportioned
782139,45539,district_apportioned
782140,100849,district_apportioned
782141,100849,district_apportioned
782142,100849,district_apportioned
782143,100849,district_apportioned
782144,45539,district_apportioned
782401,20788,district_apportioned
782402,20788,district_apportioned
782403,20788,district_apportioned
782410,136775,district_apportioned
782411,136775,district_apportioned
782412,136775,district_apportioned
782413,45539,district_apportioned
782425,45539,district_apportioned
782426,100849,district_apportioned
782427,100849,district_apportioned
782428,100849,district_apportioned
782429,100849,district_apportioned
782435,45539,district_apportioned
782439,100849,district_apportioned
782440,100849,district_apportioned
782441,45539,district_apportioned
782442,45539,district_apportioned
782445,100849,district_apportioned
782446,45539,district_apportioned
782447,45539,district_apportioned
782448,45539,district_apportioned
782450,45539,district_apportioned
782460,45539,district_apportioned
782461,45539,district_apportioned
782462,45539,district_apportioned
782470,45539,district_apportioned
782480,45539,district_apportioned
782481,45539,district_apportioned
782482,45539,district_apportioned
782485,45539,district_apportioned
782486,45539,district_apportioned
782490,45539,district_apportioned
783101,100818,district_apportioned
783120,100818,district_apportioned
783122,100818,district_apportioned
783123,52986,district_apportioned
783124,100818,district_apportioned
783125,100818,district_apportioned
783126,100818,district_apportioned
783127,108292,district_apportioned
783128,108292,district_apportioned
783129,100818,district_apportioned
783130,100818,district_apportioned
783131,108292,district_apportioned
783132,100818,district_apportioned
783133,100818,district_apportioned
783134,46175,district_apportioned
783135,108292,district_apportioned
783301,108292,district_apportioned
783323,108292,district_apportioned
783324,108292,district_apportioned
783325,108292,district_apportioned
783330,108292,district_apportioned
783331,108292,district_apportioned
783332,68242,district_apportioned
783333,68242,district_apportioned
783334,108292,district_apportioned
783335,108292,district_apportioned
783336,68242,district_apportioned
783337,108292,district_apportioned
783339,108292,district_apportioned
783345,108292,district_apportioned
783346,68242,district_apportioned
783347,68242,district_apportioned
783348,108292,district_apportioned
783349,108292,district_apportioned
783350,68242,district_apportioned
783354,68242,district_apportioned
783360,46175,district_apportioned
783361,68242,district_apportioned
783369,68242,district_apportioned
783370,68242,district_apportioned
783371,108292,district_apportioned
783372,68242,district_apportioned
783373,46175,district_apportioned
783375,68242,district_apportioned
783376,68242,district_apportioned
783380,46175,district_apportioned
783381,46175,district_apportioned
783382,46175,district_apportioned
783383,46175,district_apportioned
783384,46175,district_apportioned
783385,46175,district_apportioned
783388,46175,district_apportioned
783389,46175,district_apportioned
783390,46175,district_apportioned
783391,46175,district_apportioned
783392,46175,district_apportioned
783393,46175,district_apportioned
783394,46175,district_apportioned
784001,45812,district_apportioned
784010,45812,district_apportioned
784025,45812,district_apportioned
784026,45812,district_apportioned
784027,45812,district_apportioned
784028,45812,district_apportioned
784101,45812,district_apportioned
784102,45812,district_apportioned
784103,45812,district_apportioned
784104,45812,district_apportioned
784105,45812,district_apportioned
784110,45812,district_apportioned
784111,45812,district_apportioned
784112,45812,district_apportioned
784113,35712,district_apportioned
784114,35712,district_apportioned
784115,35712,district_apportioned
784116,35712,district_apportioned
784117,45812,district_apportioned
784125,35712,district_apportioned
784144,35712,district_apportioned
784145,35712,district_apportioned
784146,35712,district_apportioned
784147,35712,district_apportioned
784148,35712,district_apportioned
784149,45812,district_apportioned
784150,45812,district_apportioned
784153,45812,district_apportioned
784154,45812,district_apportioned
784160,69476,district_apportioned
784161,69476,district_apportioned
784163,69476,district_apportioned
784164,69476,district_apportioned
784165,69476,district_apportioned
784166,45812,district_apportioned
784167,45812,district_apportioned
784168,45812,district_apportioned
784169,45812,district_apportioned
784170,45812,district_apportioned
784171,45812,district_apportioned
784172,45812,district_apportioned
784173,45812,district_apportioned
784174,45812,district_apportioned
784175,45812,district_apportioned
784176,45812,district_apportioned
784177,45812,district_apportioned
784178,45812,district_apportioned
784179,45812,district_apportioned
784180,45812,district_apportioned
784182,45812,district_apportioned
784184,45812,district_apportioned
784189,45812,district_apportioned
784190,35712,district_apportioned
784501,45812,district_apportioned
784502,45812,district_apportioned
784504,45812,district_apportioned
784505,45812,district_apportioned
784506,45812,district_apportioned
784507,35712,district_apportioned
784508,35712,district_apportioned
784509,35712,district_apportioned
784510,35712,district_apportioned
784513,35712,district_apportioned
784514,35712,district_apportioned
784521,35712,district_apportioned
784522,35712,district_apportioned
784523,35712,district_apportioned
784524,35712,district_apportioned
784525,35712,district_apportioned
784526,35712,district_apportioned
784527,35712,district_apportioned
784528,35712,district_apportioned
784529,35712,district_apportioned
785001,36409,district_apportioned
785004,36409,district_apportioned
785006,36409,district_apportioned
785007,36409,district_apportioned
785008,36409,district_apportioned
785009,36409,district_apportioned
785010,36409,district_apportioned
785013,36409,district_apportioned
785014,36409,district_apportioned
785015,36409,district_apportioned
785101,36409,district_apportioned
785102,36409,district_apportioned
785104,46386,district_apportioned
785105,36409,district_apportioned
785106,36409,district_apportioned
785107,36409,district_apportioned
785108,36409,district_apportioned
785110,36409,district_apportioned
785111,36409,district_apportioned
785112,36409,district_apportioned
785601,46386,district_apportioned
785602,46386,district_apportioned
785603,46386,district_apportioned
785609,46386,district_apportioned
785610,46386,district_apportioned
785611,46386,district_apportioned
785612,46386,district_apportioned
785613,46386,district_apportioned
785614,46386,district_apportioned
785615,46386,district_apportioned
785616,36409,district_apportioned
785618,46386,district_apportioned
785619,46386,district_apportioned
785621,46386,district_apportioned
785622,46386,district_apportioned
785625,46386,district_apportioned
785626,46386,district_apportioned
785630,36409,district_apportioned
785631,36409,district_apportioned
785632,36409,district_apportioned
785633,36409,district_apportioned
785634,36409,district_apportioned
785635,36409,district_apportioned
785636,36409,district_apportioned
785640,39691,district_apportioned
785661,39691,district_apportioned
785662,39691,district_apportioned
785663,39691,district_apportioned
785664,39691,district_apportioned
785665,39691,district_apportioned
785666,36409,district_apportioned
785667,39691,district_apportioned
785669,39691,district_apportioned
785670,39691,district_apportioned
785671,46386,district_apportioned
785672,39691,district_apportioned
785673,39691,district_apportioned
785674,39691,district_apportioned
785675,47369,district_apportioned
785676,47369,district_apportioned
785680,39691,district_apportioned
785681,39691,district_apportioned
785682,39691,district_apportioned
785683,39691,district_apportioned
785684,39691,district_apportioned
785685,39691,district_apportioned
785686,39691,district_apportioned
785687,39691,district_apportioned
785688,39691,district_apportioned
785689,39691,district_apportioned
785690,39691,district_apportioned
785691,46386,district_apportioned
785692,39691,district_apportioned
785693,39691,district_apportioned
785696,39691,district_apportioned
785697,39691,district_apportioned
785698,39691,district_apportioned
785699,46386,district_apportioned
785700,36409,district_apportioned
785701,39691,district_apportioned
785702,46386,district_apportioned
785703,46386,district_apportioned
785704,36409,district_apportioned
785705,46386,district_apportioned
786001,47369,district_apportioned
786002,47369,district_apportioned
786003,47369,district_apportioned
786004,47369,district_apportioned
786005,47369,district_apportioned
786006,47369,district_apportioned
786007,47369,district_apportioned
786008,47369,district_apportioned
786010,47369,district_apportioned
786012,47369,district_apportioned
786101,47369,district_apportioned
786102,47369,district_apportioned
786103,47369,district_apportioned
786125,44264,district_apportioned
786126,44264,district_apportioned
786145,44264,district_apportioned
786146,44264,district_apportioned
786147,44264,district_apportioned
786148,44264,district_apportioned
786150,44264,district_apportioned
786151,44264,district_apportioned
786152,44264,district_apportioned
786153,44264,district_apportioned
786154,44264,district_apportioned
786155,44264,district_apportioned
786156,44264,district_apportioned
786157,44264,district_apportioned
786158,44264,district_apportioned
786159,44264,district_apportioned
786160,44264,district_apportioned
786170,44264,district_apportioned
786171,44264,district_apportioned
786173,44264,district_apportioned
786174,44264,district_apportioned
786179,44264,district_apportioned
786181,44264,district_apportioned
786182,44264,district_apportioned
786183,44264,district_apportioned
786184,47369,district_apportioned
786187,44264,district_apportioned
786188,44264,district_apportioned
786189,47369,district_apportioned
786190,44264,district_apportioned
786191,47369,district_apportioned
786192,44264,district_apportioned
786601,44264,district_apportioned
786602,47369,district_apportioned
786610,47369,district_apportioned
786611,47369,district_apportioned
786612,47369,district_apportioned
786613,47369,district_apportioned
786614,47369,district_apportioned
786621,47369,district_apportioned
786622,47369,district_apportioned
786623,47369,district_apportioned
786692,47369,district_apportioned
787001,69476,district_apportioned
787023,69476,district_apportioned
787026,68613,district_apportioned
787031,69476,district_apportioned
787032,69476,district_apportioned
787033,69476,district_apportioned
787034,68613,district_apportioned
787035,68613,district_apportioned
787051,69476,district_apportioned
787052,69476,district_apportioned
787053,68613,district_apportioned
787054,69476,district_apportioned
787055,69476,district_apportioned
787056,69476,district_apportioned
787057,68613,district_apportioned
787058,68613,district_apportioned
787059,68613,district_apportioned
787060,68613,district_apportioned
787061,68613,district_apportioned
787110,68613,district_apportioned
788001,37753,district_apportioned
788002,37753,district_apportioned
788003,37753,district_apportioned
788004,37753,district_apportioned
788005,37753,district_apportioned
788006,37753,district_apportioned
788007,37753,district_apportioned
788009,37753,district_apportioned
788010,37753,district_apportioned
788011,37753,district_apportioned
788013,37753,district_apportioned
788014,37753,district_apportioned
788015,37753,district_apportioned
788025,37753,district_apportioned
788026,37753,district_apportioned
788030,37753,district_apportioned
788031,37753,district_apportioned
788098,37753,district_apportioned
788099,37753,district_apportioned
788101,37753,district_apportioned
788102,37753,district_apportioned
788103,37753,district_apportioned
788104,37753,district_apportioned
788106,37753,district_apportioned
788107,37753,district_apportioned
788108,37753,district_apportioned
788109,37753,district_apportioned
788110,37753,district_apportioned
788111,37753,district_apportioned
788112,37753,district_apportioned
788113,37753,district_apportioned
788114,37753,district_apportioned
788115,37753,district_apportioned
788116,37753,district_apportioned
788117,32965,district_apportioned
788118,37753,district_apportioned
788119,37753,district_apportioned
788120,37753,district_apportioned
788121,37753,district_apportioned
788123,37753,district_apportioned
788126,37753,district_apportioned
788127,37753,district_apportioned
788150,32965,district_apportioned
788151,32965,district_apportioned
788152,32965,district_apportioned
788155,32965,district_apportioned
788156,32965,district_apportioned
788160,32965,district_apportioned
788161,32965,district_apportioned
788162,32965,district_apportioned
788163,32965,district_apportioned
788164,32965,district_apportioned
788165,32965,district_apportioned
788166,32965,district_apportioned
788168,32965,district_apportioned
788701,64668,district_apportioned
788709,64668,district_apportioned
788710,64668,district_apportioned
788711,64668,district_apportioned
788712,64668,district_apportioned
788713,64668,district_apportioned
788719,64668,district_apportioned
788720,64668,district_apportioned
788722,64668,district_apportioned
788723,64668,district_apportioned
788724,64668,district_apportioned
788725,64668,district_apportioned
788726,64668,district_apportioned
788727,64668,district_apportioned
788728,64668,district_apportioned
788733,64668,district_apportioned
788734,32965,district_apportioned
788735,32965,district_apportioned
788736,32965,district_apportioned
788737,32965,district_apportioned
788781,64668,district_apportioned
788801,32965,district_apportioned
788802,32965,district_apportioned
788803,64668,district_apportioned
788804,37753,district_apportioned
788805,37753,district_apportioned
788806,64668,district_apportioned
788815,37753,district_apportioned
788816,37753,district_apportioned
788817,37753,district_apportioned
788818,30586,district_apportioned
788819,30586,district_apportioned
788820,30586,district_apportioned
788830,30586,district_apportioned
788831,30586,district_apportioned
788832,30586,district_apportioned
788931,30586,district_apportioned
790001,22072,district_apportioned
790002,16789,district_apportioned
790003,16789,district_apportioned
790101,16789,district_apportioned
790102,39345,district_apportioned
790103,39345,district_apportioned
790104,16659,district_apportioned
790105,16659,district_apportioned
790106,16659,district_apportioned
790114,16789,district_apportioned
790116,16789,district_apportioned
791001,28068,district_apportioned
791002,17660,district_apportioned
791003,28068,district_apportioned
791101,28068,district_apportioned
791102,33071,district_apportioned
791103,33071,district_apportioned
791104,33071,district_apportioned
791105,17660,district_apportioned
791109,22072,district_apportioned
791110,22072,district_apportioned
791111,22072,district_apportioned
791112,22072,district_apportioned
791113,27677,district_apportioned
791114,22072,district_apportioned
791118,92076,district_apportioned
791119,27677,district_apportioned
791120,27677,district_apportioned
791121,22072,district_apportioned
791122,83448,district_apportioned
791123,22072,district_apportioned
791125,28068,district_apportioned
792001,36432,district_apportioned
792055,24704,district_apportioned
792056,24704,district_apportioned
792101,8004,district_apportioned
792102,36432,district_apportioned
792103,28239,district_apportioned
792104,36432,district_apportioned
792105,28239,district_apportioned
792110,54080,district_apportioned
792111,36432,district_apportioned
792120,24704,district_apportioned
792121,24704,district_apportioned
792122,24704,district_apportioned
792123,24704,district_apportioned
792129,55988,district_apportioned
792130,55988,district_apportioned
792131,28239,district_apportioned
793001,27531,district_apportioned
793002,27531,district_apportioned
793003,27531,district_apportioned
793004,27531,district_apportioned
793005,27531,district_apportioned
793006,27531,district_apportioned
793007,27531,district_apportioned
793008,27531,district_apportioned
793009,27531,district_apportioned
793010,27531,district_apportioned
793011,27531,district_apportioned
793012,27531,district_apportioned
793014,27531,district_apportioned
793015,27531,district_apportioned
793016,27531,district_apportioned
793017,27531,district_apportioned
793018,27531,district_apportioned
793019,27531,district_apportioned
793021,27531,district_apportioned
793022,27531,district_apportioned
793101,43140,district_apportioned
793102,43140,district_apportioned
793103,43140,district_apportioned
793104,27531,district_apportioned
793105,43140,district_apportioned
793106,27531,district_apportioned
793107,27531,district_apportioned
793108,27531,district_apportioned
793109,65854,district_apportioned
793110,27531,district_apportioned
793111,27531,district_apportioned
793112,27531,district_apportioned
793113,27531,district_apportioned
793114,76692,district_apportioned
793115,76692,district_apportioned
793119,76692,district_apportioned
793120,76692,district_apportioned
793121,27531,district_apportioned
793122,43140,district_apportioned
793123,43140,district_apportioned
793126,27531,district_apportioned
793150,65854,district_apportioned
793151,65854,district_apportioned
793160,65854,district_apportioned
793161,76692,district_apportioned
793200,65854,district_apportioned
793210,65854,district_apportioned
794001,58481,district_apportioned
794002,52986,district_apportioned
794003,58481,district_apportioned
794005,58481,district_apportioned
794101,58481,district_apportioned
794102,71167,district_apportioned
794103,58481,district_apportioned
794104,58481,district_apportioned
794105,58481,district_apportioned
794106,58481,district_apportioned
794107,52986,district_apportioned
794108,52986,district_apportioned
794109,58481,district_apportioned
794110,52986,district_apportioned
794111,52986,district_apportioned
794112,58481,district_apportioned
794114,71167,district_apportioned
794115,58481,district_apportioned
795001,64749,district_apportioned
795002,45611,district_apportioned
795003,45611,district_apportioned
795004,64749,district_apportioned
795005,45611,district_apportioned
795006,68536,district_apportioned
795007,68450,district_apportioned
795008,45611,district_apportioned
795009,64749,district_apportioned
795010,45611,district_apportioned
795011,39566,district_apportioned
795101,54919,district_apportioned
795102,48061,district_apportioned
795103,54919,district_apportioned
795104,68450,district_apportioned
795105,68450,district_apportioned
795106,68450,district_apportioned
795107,68450,district_apportioned
795112,68450,district_apportioned
795113,64749,district_apportioned
795114,45611,district_apportioned
795115,64749,district_apportioned
795116,54919,district_apportioned
795117,68536,district_apportioned
795118,39566,district_apportioned
795122,54919,district_apportioned
795124,39566,district_apportioned
795125,46884,district_apportioned
795126,39566,district_apportioned
795127,48061,district_apportioned
795128,68536,district_apportioned
795129,54919,district_apportioned
795130,45611,district_apportioned
795131,54919,district_apportioned
795132,64749,district_apportioned
795133,39566,district_apportioned
795134,39566,district_apportioned
795135,48061,district_apportioned
795136,45611,district_apportioned
795138,211084,district_apportioned
795139,68536,district_apportioned
795140,45611,district_apportioned
795141,46884,district_apportioned
795142,61333,district_apportioned
795144,61333,district_apportioned
795145,61333,district_apportioned
795146,64749,district_apportioned
795147,46884,district_apportioned
795148,211084,district_apportioned
795149,45611,district_apportioned
795150,68450,district_apportioned
795159,64749,district_apportioned
796001,22239,district_apportioned
796004,22239,district_apportioned
796005,22239,district_apportioned
796007,22239,district_apportioned
796008,22239,district_apportioned
796009,22239,district_apportioned
796012,22239,district_apportioned
796014,22239,district_apportioned
796015,22239,district_apportioned
796017,22239,district_apportioned
796070,22239,district_apportioned
796081,41978,district_apportioned
796091,22239,district_apportioned
796101,41978,district_apportioned
796111,22239,district_apportioned
796161,22239,district_apportioned
796181,21646,district_apportioned
796184,21646,district_apportioned
796186,23061,district_apportioned
796190,22239,district_apportioned
796261,22239,district_apportioned
796290,31436,district_apportioned
796310,31436,district_apportioned
796320,31436,district_apportioned
796321,31436,district_apportioned
796370,21646,district_apportioned
796410,22239,district_apportioned
796421,22239,district_apportioned
796431,21591,district_apportioned
796441,21591,district_apportioned
796470,21591,district_apportioned
796501,21591,district_apportioned
796571,23061,district_apportioned
796581,23061,district_apportioned
796691,23061,district_apportioned
796701,23061,district_apportioned
796710,23061,district_apportioned
796751,23061,district_apportioned
796770,58947,district_apportioned
796891,58947,district_apportioned
796901,56574,district_apportioned
797001,33498,district_apportioned
797002,33498,district_apportioned
797003,33498,district_apportioned
797004,33498,district_apportioned
797006,33498,district_apportioned
797099,83172,district_apportioned
797101,47610,district_apportioned
797103,47351,district_apportioned
797104,40854,district_apportioned
797105,33498,district_apportioned
797106,47351,district_apportioned
797107,40854,district_apportioned
797108,40854,district_apportioned
797109,33498,district_apportioned
797110,47610,district_apportioned
797111,83172,district_apportioned
797112,47351,district_apportioned
797113,47351,district_apportioned
797114,40854,district_apportioned
797115,47351,district_apportioned
797116,47351,district_apportioned
797117,47351,district_apportioned
797118,47351,district_apportioned
797120,33498,district_apportioned
798601,24328,district_apportioned
798602,62565,district_apportioned
798603,62565,district_apportioned
798604,24328,district_apportioned
798607,24328,district_apportioned
798611,74004,district_apportioned
798612,98298,district_apportioned
798613,24328,district_apportioned
798614,24328,district_apportioned
798615,24328,district_apportioned
798616,98298,district_apportioned
798618,24328,district_apportioned
798620,70378,district_apportioned
798621,62565,district_apportioned
798622,62565,district_apportioned
798623,24328,district_apportioned
798625,50484,district_apportioned
798627,70378,district_apportioned
799001,71906,district_apportioned
799002,71906,district_apportioned
799003,71906,district_apportioned
799004,71906,district_apportioned
799005,71906,district_apportioned
799006,71906,district_apportioned
799007,71906,district_apportioned
799008,71906,district_apportioned
799009,71906,district_apportioned
799010,71906,district_apportioned
799011,71906,district_apportioned
799012,71906,district_apportioned
799013,45924,district_apportioned
799014,71906,district_apportioned
799015,48667,district_apportioned
799022,71906,district_apportioned
799035,71906,district_apportioned
799045,48667,district_apportioned
799046,71906,district_apportioned
799101,48667,district_apportioned
799102,45924,district_apportioned
799103,48667,district_apportioned
799104,48667,district_apportioned
799105,45924,district_apportioned
799113,45924,district_apportioned
799114,45924,district_apportioned
799115,48667,district_apportioned
799120,48667,district_apportioned
799125,48667,district_apportioned
799130,71906,district_apportioned
799131,45924,district_apportioned
799132,45924,district_apportioned
799141,48667,district_apportioned
799142,48667,district_apportioned
799143,48667,district_apportioned
799144,48667,district_apportioned
799145,48667,district_apportioned
799150,48667,district_apportioned
799153,48667,district_apportioned
799155,48667,district_apportioned
799156,48667,district_apportioned
799157,48667,district_apportioned
799201,45924,district_apportioned
799202,71906,district_apportioned
799203,71906,district_apportioned
799204,47279,district_apportioned
799205,71906,district_apportioned
799207,71906,district_apportioned
799210,71906,district_apportioned
799211,71906,district_apportioned
799212,71906,district_apportioned
799250,31543,district_apportioned
799251,31543,district_apportioned
799253,31543,district_apportioned
799254,31543,district_apportioned
799256,31543,district_apportioned
799260,31543,district_apportioned
799261,31543,district_apportioned
799262,31543,district_apportioned
799263,31543,district_apportioned
799264,31543,district_apportioned
799266,31543,district_apportioned
799269,31543,district_apportioned
799270,31543,district_apportioned
799271,31543,district_apportioned
799273,31543,district_apportioned
799275,47279,district_apportioned
799277,31543,district_apportioned
799278,47279,district_apportioned
799279,31543,district_apportioned
799280,31543,district_apportioned
799281,31543,district_apportioned
799282,31543,district_apportioned
799284,47279,district_apportioned
799285,47279,district_apportioned
799286,47279,district_apportioned
799287,47279,district_apportioned
799288,31543,district_apportioned
799289,47279,district_apportioned
799290,31543,district_apportioned
800001,87141,district_apportioned
800002,87141,district_apportioned
800003,87141,district_apportioned
800004,87141,district_apportioned
800005,87141,district_apportioned
800006,87141,district_apportioned
800007,87141,district_apportioned
800008,87141,district_apportioned
800009,87141,district_apportioned
800010,87141,district_apportioned
800011,87141,district_apportioned
800012,87141,district_apportioned
800013,87141,district_apportioned
800014,87141,district_apportioned
800015,87141,district_apportioned
800016,87141,district_apportioned
800017,87141,district_apportioned
800018,87141,district_apportioned
800019,87141,district_apportioned
800020,87141,district_apportioned
800021,87141,district_apportioned
800022,87141,district_apportioned
800023,87141,district_apportioned
800024,87141,district_apportioned
800025,87141,district_apportioned
800026,87141,district_apportioned
800027,87141,district_apportioned
800028,87141,district_apportioned
800030,87141,district_apportioned
801102,87141,district_apportioned
801103,87141,district_apportioned
801104,87141,district_apportioned
801105,87141,district_apportioned
801106,87141,district_apportioned
801108,87141,district_apportioned
801109,87141,district_apportioned
801110,87141,district_apportioned
801111,87141,district_apportioned
801112,87141,district_apportioned
801113,87141,district_apportioned
801301,119902,district_apportioned
801302,119902,district_apportioned
801303,119902,district_apportioned
801304,87141,district_apportioned
801305,87141,district_apportioned
801306,119902,district_apportioned
801307,119902,district_apportioned
801501,87141,district_apportioned
801503,87141,district_apportioned
801505,87141,district_apportioned
801506,87141,district_apportioned
801507,87141,district_apportioned
802101,63198,district_apportioned
802102,63198,district_apportioned
802103,63198,district_apportioned
802111,63198,district_apportioned
802112,63198,district_apportioned
802113,63198,district_apportioned
802114,63198,district_apportioned
802115,63198,district_apportioned
802116,63198,district_apportioned
802117,63198,district_apportioned
802118,63198,district_apportioned
802119,63198,district_apportioned
802120,63198,district_apportioned
802122,63198,district_apportioned
802123,63198,district_apportioned
802125,63198,district_apportioned
802126,63198,district_apportioned
802127,63198,district_apportioned
802128,63198,district_apportioned
802129,63198,district_apportioned
802130,63198,district_apportioned
802131,63198,district_apportioned
802132,203298,district_apportioned
802133,63198,district_apportioned
802134,63198,district_apportioned
802135,63198,district_apportioned
802136,63198,district_apportioned
802152,75789,district_apportioned
802154,75789,district_apportioned
802155,75789,district_apportioned
802156,75789,district_apportioned
802157,75789,district_apportioned
802158,75789,district_apportioned
802159,75789,district_apportioned
802160,75789,district_apportioned
802161,75789,district_apportioned
802162,75789,district_apportioned
802163,75789,district_apportioned
802164,75789,district_apportioned
802165,75789,district_apportioned
802166,75789,district_apportioned
802183,75789,district_apportioned
802201,75789,district_apportioned
802202,75789,district_apportioned
802203,75789,district_apportioned
802204,75789,district_apportioned
802205,75789,district_apportioned
802206,75789,district_apportioned
802207,75789,district_apportioned
802208,75789,district_apportioned
802209,75789,district_apportioned
802210,75789,district_apportioned
802211,95481,district_apportioned
802212,95481,district_apportioned
802213,95481,district_apportioned
802214,95481,district_apportioned
802215,95481,district_apportioned
802216,95481,district_apportioned
802217,95481,district_apportioned
802218,95481,district_apportioned
802219,95481,district_apportioned
802220,95481,district_apportioned
802221,95481,district_apportioned
802222,75789,district_apportioned
802223,75789,district_apportioned
802226,95481,district_apportioned
802301,75789,district_apportioned
802302,75789,district_apportioned
802311,75789,district_apportioned
802312,75789,district_apportioned
802313,63198,district_apportioned
802314,75789,district_apportioned
802316,75789,district_apportioned
802351,75789,district_apportioned
802352,75789,district_apportioned
803101,119902,district_apportioned
803107,119902,district_apportioned
803108,119902,district_apportioned
803109,85352,district_apportioned
803110,87141,district_apportioned
803111,119902,district_apportioned
803113,119902,district_apportioned
803114,119902,district_apportioned
803115,119902,district_apportioned
803116,119902,district_apportioned
803117,119902,district_apportioned
803118,119902,district_apportioned
803119,119902,district_apportioned
803120,119902,district_apportioned
803121,119902,district_apportioned
803201,87141,district_apportioned
803202,87141,district_apportioned
803203,87141,district_apportioned
803211,87141,district_apportioned
803212,87141,district_apportioned
803213,87141,district_apportioned
803214,87141,district_apportioned
803215,119902,district_apportioned
803216,119902,district_apportioned
803221,87141,district_apportioned
803301,87141,district_apportioned
803302,87141,district_apportioned
803303,87141,district_apportioned
803306,87141,district_apportioned
803307,87141,district_apportioned
804401,116807,district_apportioned
804402,116807,district_apportioned
804403,141659,district_apportioned
804404,141659,district_apportioned
804405,56266,district_apportioned
804406,56266,district_apportioned
804407,56266,district_apportioned
804408,56266,district_apportioned
804417,56266,district_apportioned
804418,56266,district_apportioned
804419,116807,district_apportioned
804420,56266,district_apportioned
804421,56266,district_apportioned
804422,56266,district_apportioned
804423,56266,district_apportioned
804424,56266,district_apportioned
804425,56266,district_apportioned
804426,56266,district_apportioned
804427,116807,district_apportioned
804428,56266,district_apportioned
804429,56266,district_apportioned
804430,141659,district_apportioned
804432,56266,district_apportioned
804434,56266,district_apportioned
804435,141659,district_apportioned
804451,87141,district_apportioned
804452,87141,district_apportioned
804453,87141,district_apportioned
804454,87141,district_apportioned
805101,85352,district_apportioned
805102,85352,district_apportioned
805103,85352,district_apportioned
805104,85352,district_apportioned
805105,119902,district_apportioned
805106,85352,district_apportioned
805107,85352,district_apportioned
805108,85352,district_apportioned
805109,85352,district_apportioned
805110,85352,district_apportioned
805111,85352,district_apportioned
805112,85352,district_apportioned
805113,85352,district_apportioned
805121,85352,district_apportioned
805122,85352,district_apportioned
805123,85352,district_apportioned
805124,85352,district_apportioned
805125,85352,district_apportioned
805126,85352,district_apportioned
805127,85352,district_apportioned
805128,85352,district_apportioned
805129,85352,district_apportioned
805130,85352,district_apportioned
805131,141659,district_apportioned
805132,85352,district_apportioned
805133,85352,district_apportioned
805135,141659,district_apportioned
805141,85352,district_apportioned
805236,141659,district_apportioned
811101,119902,district_apportioned
811102,119902,district_apportioned
811103,119902,district_apportioned
811104,87141,district_apportioned
811105,212114,district_apportioned
811106,250228,district_apportioned
811107,212114,district_apportioned
811112,250228,district_apportioned
811201,97698,district_apportioned
811202,97698,district_apportioned
811211,97698,district_apportioned
811212,97698,district_apportioned
811213,97698,district_apportioned
811214,97698,district_apportioned
811301,146700,district_apportioned
811302,87141,district_apportioned
811303,146700,district_apportioned
811304,212114,district_apportioned
811305,146700,district_apportioned
811307,146700,district_apportioned
811308,146700,district_apportioned
811309,250228,district_apportioned
811310,250228,district_apportioned
811311,146700,district_apportioned
811312,146700,district_apportioned
811313,146700,district_apportioned
811314,146700,district_apportioned
811315,146700,district_apportioned
811316,146700,district_apportioned
811317,146700,district_apportioned
812001,151888,district_apportioned
812002,151888,district_apportioned
812003,151888,district_apportioned
812004,151888,district_apportioned
812005,151888,district_apportioned
812006,151888,district_apportioned
812007,151888,district_apportioned
813101,184978,district_apportioned
813102,184978,district_apportioned
813103,97698,district_apportioned
813104,184978,district_apportioned
813105,184978,district_apportioned
813106,184978,district_apportioned
813107,184978,district_apportioned
813108,184978,district_apportioned
813109,184978,district_apportioned
813110,97698,district_apportioned
813113,151888,district_apportioned
813201,97698,district_apportioned
813202,184978,district_apportioned
813203,151888,district_apportioned
813204,151888,district_apportioned
813205,184978,district_apportioned
813206,151888,district_apportioned
813207,97698,district_apportioned
813208,127841,district_apportioned
813209,151888,district_apportioned
813210,151888,district_apportioned
813211,97698,district_apportioned
813212,97698,district_apportioned
813213,151888,district_apportioned
813214,151888,district_apportioned
813221,97698,district_apportioned
813222,151888,district_apportioned
814101,66072,district_apportioned
814102,66072,district_apportioned
814103,66072,district_apportioned
814110,66072,district_apportioned
814111,150070,district_apportioned
814112,114775,district_apportioned
814113,114775,district_apportioned
814114,114775,district_apportioned
814115,114775,district_apportioned
814116,114775,district_apportioned
814118,66072,district_apportioned
814119,66072,district_apportioned
814120,66072,district_apportioned
814122,114775,district_apportioned
814131,184978,district_apportioned
814133,150070,district_apportioned
814141,66072,district_apportioned
814142,114775,district_apportioned
814143,114775,district_apportioned
814144,66072,district_apportioned
814145,66072,district_apportioned
814146,66072,district_apportioned
814147,218925,district_apportioned
814148,66072,district_apportioned
814149,114775,district_apportioned
814150,66072,district_apportioned
814151,66072,district_apportioned
814152,114775,district_apportioned
814153,218925,district_apportioned
814154,218925,district_apportioned
814155,55739,district_apportioned
814156,218925,district_apportioned
814157,114775,district_apportioned
814158,66072,district_apportioned
814160,218925,district_apportioned
814165,218925,district_apportioned
814166,131840,district_apportioned
814167,66072,district_apportioned
815301,135860,district_apportioned
815302,135860,district_apportioned
815311,135860,district_apportioned
815312,135860,district_apportioned
815313,135860,district_apportioned
815314,135860,district_apportioned
815315,135860,district_apportioned
815316,135860,district_apportioned
815317,135860,district_apportioned
815318,135860,district_apportioned
815351,131840,district_apportioned
815352,131840,district_apportioned
815353,114775,district_apportioned
815354,131840,district_apportioned
815355,131840,district_apportioned
815357,114775,district_apportioned
815359,131840,district_apportioned
816101,127841,district_apportioned
816102,150070,district_apportioned
816103,66072,district_apportioned
816104,150070,district_apportioned
816105,150070,district_apportioned
816106,150070,district_apportioned
816107,66072,district_apportioned
816108,127841,district_apportioned
816109,127841,district_apportioned
816110,127841,district_apportioned
816115,127841,district_apportioned
816116,127841,district_apportioned
816117,66072,district_apportioned
816118,66072,district_apportioned
816120,127841,district_apportioned
816129,127841,district_apportioned
821101,203298,district_apportioned
821102,203298,district_apportioned
821103,203298,district_apportioned
821104,95481,district_apportioned
821105,203298,district_apportioned
821106,203298,district_apportioned
821107,95481,district_apportioned
821108,95481,district_apportioned
821109,203298,district_apportioned
821110,203298,district_apportioned
821111,95481,district_apportioned
821112,95481,district_apportioned
821113,95481,district_apportioned
821115,95481,district_apportioned
821301,95481,district_apportioned
821302,95481,district_apportioned
821303,95481,district_apportioned
821304,95481,district_apportioned
821305,95481,district_apportioned
821306,95481,district_apportioned
821307,95481,district_apportioned
821308,95481,district_apportioned
821309,95481,district_apportioned
821310,95481,district_apportioned
821311,95481,district_apportioned
821312,95481,district_apportioned
822101,121242,district_apportioned
822102,121242,district_apportioned
822110,121242,district_apportioned
822111,90872,district_apportioned
822112,90872,district_apportioned
822113,121242,district_apportioned
822114,220464,district_apportioned
822115,121242,district_apportioned
822116,121242,district_apportioned
822117,121242,district_apportioned
822118,121242,district_apportioned
822119,90872,district_apportioned
822120,121242,district_apportioned
822121,121242,district_apportioned
822122,121242,district_apportioned
822123,121242,district_apportioned
822124,220464,district_apportioned
822125,220464,district_apportioned
822126,121242,district_apportioned
822128,121242,district_apportioned
822129,220464,district_apportioned
822131,121242,district_apportioned
822132,121242,district_apportioned
822133,220464,district_apportioned
822134,220464,district_apportioned
823001,141659,district_apportioned
823002,141659,district_apportioned
823003,141659,district_apportioned
823004,141659,district_apportioned
823005,141659,district_apportioned
823311,141659,district_apportioned
824101,127004,district_apportioned
824102,127004,district_apportioned
824103,127004,district_apportioned
824111,127004,district_apportioned
824112,127004,district_apportioned
824113,141659,district_apportioned
824114,127004,district_apportioned
824115,116807,district_apportioned
824116,141659,district_apportioned
824118,56266,district_apportioned
824120,127004,district_apportioned
824121,127004,district_apportioned
824122,127004,district_apportioned
824123,127004,district_apportioned
824124,127004,district_apportioned
824125,127004,district_apportioned
824127,116807,district_apportioned
824129,127004,district_apportioned
824143,127004,district_apportioned
824201,141659,district_apportioned
824202,127004,district_apportioned
824203,127004,district_apportioned
824205,141659,district_apportioned
824206,141659,district_apportioned
824207,141659,district_apportioned
824208,127004,district_apportioned
824209,141659,district_apportioned
824210,141659,district_apportioned
824211,141659,district_apportioned
824217,141659,district_apportioned
824219,141659,district_apportioned
824220,141659,district_apportioned
824221,141659,district_apportioned
824231,141659,district_apportioned
824232,56266,district_apportioned
824233,141659,district_apportioned
824234,141659,district_apportioned
824235,56266,district_apportioned
824236,141659,district_apportioned
824237,141659,district_apportioned
824301,127004,district_apportioned
824302,127004,district_apportioned
824303,127004,district_apportioned
825101,33909,district_apportioned
825102,55739,district_apportioned
825103,148984,district_apportioned
825106,135860,district_apportioned
825108,135860,district_apportioned
825109,89532,district_apportioned
825132,89532,district_apportioned
825167,135860,district_apportioned
825301,108406,district_apportioned
825302,108406,district_apportioned
825303,108406,district_apportioned
825311,108406,district_apportioned
825312,108406,district_apportioned
825313,108406,district_apportioned
825314,33909,district_apportioned
825315,108406,district_apportioned
825316,33909,district_apportioned
825317,108406,district_apportioned
825318,89532,district_apportioned
825319,108406,district_apportioned
825320,135860,district_apportioned
825321,148984,district_apportioned
825322,55739,district_apportioned
825323,108406,district_apportioned
825324,135860,district_apportioned
825325,33909,district_apportioned
825326,33909,district_apportioned
825329,135860,district_apportioned
825330,33909,district_apportioned
825336,108406,district_apportioned
825401,108406,district_apportioned
825402,108406,district_apportioned
825403,148984,district_apportioned
825404,148984,district_apportioned
825405,108406,district_apportioned
825406,108406,district_apportioned
825407,89532,district_apportioned
825408,148984,district_apportioned
825409,89532,district_apportioned
825410,89532,district_apportioned
825411,108406,district_apportioned
825412,135860,district_apportioned
825413,89532,district_apportioned
825414,148984,district_apportioned
825418,135860,district_apportioned
825421,89532,district_apportioned
826001,50651,district_apportioned
826003,50651,district_apportioned
826004,50651,district_apportioned
826005,50651,district_apportioned
826006,50651,district_apportioned
826007,50651,district_apportioned
826009,50651,district_apportioned
827001,55739,district_apportioned
827003,55739,district_apportioned
827004,55739,district_apportioned
827006,55739,district_apportioned
827009,55739,district_apportioned
827010,55739,district_apportioned
827012,55739,district_apportioned
827013,55739,district_apportioned
827014,55739,district_apportioned
827015,55739,district_apportioned
827302,55739,district_apportioned
828101,50651,district_apportioned
828103,50651,district_apportioned
828104,50651,district_apportioned
828105,50651,district_apportioned
828106,50651,district_apportioned
828107,50651,district_apportioned
828108,50651,district_apportioned
828109,50651,district_apportioned
828110,50651,district_apportioned
828111,50651,district_apportioned
828112,50651,district_apportioned
828113,50651,district_apportioned
828114,50651,district_apportioned
828115,50651,district_apportioned
828116,50651,district_apportioned
828117,50651,district_apportioned
828119,50651,district_apportioned
828120,50651,district_apportioned
828121,50651,district_apportioned
828122,50651,district_apportioned
828123,50651,district_apportioned
828124,50651,district_apportioned
828125,55739,district_apportioned
828126,50651,district_apportioned
828127,50651,district_apportioned
828128,50651,district_apportioned
828129,50651,district_apportioned
828130,50651,district_apportioned
828131,50651,district_apportioned
828132,50651,district_apportioned
828133,50651,district_apportioned
828134,55739,district_apportioned
828135,50651,district_apportioned
828142,50651,district_apportioned
828201,50651,district_apportioned
828202,50651,district_apportioned
828203,50651,district_apportioned
828204,50651,district_apportioned
828205,50651,district_apportioned
828206,50651,district_apportioned
828207,50651,district_apportioned
828301,50651,district_apportioned
828302,55739,district_apportioned
828303,55739,district_apportioned
828304,50651,district_apportioned
828305,50651,district_apportioned
828306,50651,district_apportioned
828307,55739,district_apportioned
828309,50651,district_apportioned
828401,50651,district_apportioned
828402,50651,district_apportioned
828403,55739,district_apportioned
828404,55739,district_apportioned
829101,33909,district_apportioned
829102,33909,district_apportioned
829103,33909,district_apportioned
829104,55739,district_apportioned
829105,33909,district_apportioned
829106,33909,district_apportioned
829107,55739,district_apportioned
829108,33909,district_apportioned
829109,33909,district_apportioned
829110,33909,district_apportioned
829111,55739,district_apportioned
829112,55739,district_apportioned
829113,55739,district_apportioned
829114,55739,district_apportioned
829116,55739,district_apportioned
829117,33909,district_apportioned
829118,33909,district_apportioned
829119,33909,district_apportioned
829121,55739,district_apportioned
829122,33909,district_apportioned
829123,55739,district_apportioned
829124,33909,district_apportioned
829125,33909,district_apportioned
829126,33909,district_apportioned
829127,55739,district_apportioned
829128,55739,district_apportioned
829129,55739,district_apportioned
829130,33909,district_apportioned
829131,33909,district_apportioned
829132,55739,district_apportioned
829133,33909,district_apportioned
829134,33909,district_apportioned
829135,33909,district_apportioned
829143,33909,district_apportioned
829144,55739,district_apportioned
829149,55739,district_apportioned
829150,33909,district_apportioned
829201,148984,district_apportioned
829202,90872,district_apportioned
829203,90872,district_apportioned
829204,90872,district_apportioned
829205,85713,district_apportioned
829206,90872,district_apportioned
829207,90872,district_apportioned
829208,85713,district_apportioned
829209,85713,district_apportioned
829210,85713,district_apportioned
829301,55739,district_apportioned
831001,79101,district_apportioned
831002,56056,district_apportioned
831003,79101,district_apportioned
831004,79101,district_apportioned
831005,79101,district_apportioned
831006,79101,district_apportioned
831007,79101,district_apportioned
831009,79101,district_apportioned
831010,79101,district_apportioned
831011,79101,district_apportioned
831012,56056,district_apportioned
831013,56056,district_apportioned
831014,56056,district_apportioned
831015,79101,district_apportioned
831016,79101,district_apportioned
831017,79101,district_apportioned
831018,79101,district_apportioned
831019,79101,district_apportioned
831020,79101,district_apportioned
831021,79101,district_apportioned
832101,79101,district_apportioned
832102,79101,district_apportioned
832103,79101,district_apportioned
832104,79101,district_apportioned
832105,79101,district_apportioned
832106,79101,district_apportioned
832107,56056,district_apportioned
832108,56056,district_apportioned
832109,56056,district_apportioned
832110,79101,district_apportioned
832111,79101,district_apportioned
832112,56056,district_apportioned
832113,79101,district_apportioned
832301,79101,district_apportioned
832302,79101,district_apportioned
832303,79101,district_apportioned
832304,79101,district_apportioned
832401,56056,district_apportioned
832402,56056,district_apportioned
832403,56056,district_apportioned
832404,56056,district_apportioned
833101,56056,district_apportioned
833102,56056,district_apportioned
833103,93896,district_apportioned
833104,93896,district_apportioned
833105,56056,district_apportioned
833106,93896,district_apportioned
833201,93896,district_apportioned
833202,93896,district_apportioned
833203,93896,district_apportioned
833204,56056,district_apportioned
833212,93896,district_apportioned
833213,93896,district_apportioned
833214,93896,district_apportioned
833215,93896,district_apportioned
833216,56056,district_apportioned
833217,93896,district_apportioned
833218,93896,district_apportioned
833219,56056,district_apportioned
833220,56056,district_apportioned
833221,93896,district_apportioned
833222,93896,district_apportioned
833223,93896,district_apportioned
834001,85713,district_apportioned
834002,85713,district_apportioned
834003,85713,district_apportioned
834004,85713,district_apportioned
834005,85713,district_apportioned
834006,85713,district_apportioned
834007,85713,district_apportioned
834008,85713,district_apportioned
834009,85713,district_apportioned
834010,85713,district_apportioned
834011,85713,district_apportioned
834013,85713,district_apportioned
835101,85713,district_apportioned
835102,85713,district_apportioned
835103,85713,district_apportioned
835201,85654,district_apportioned
835202,85713,district_apportioned
835203,68348,district_apportioned
835204,85713,district_apportioned
835205,85713,district_apportioned
835206,68348,district_apportioned
835207,68348,district_apportioned
835208,68348,district_apportioned
835209,85713,district_apportioned
835210,85713,district_apportioned
835211,85654,district_apportioned
835212,85654,district_apportioned
835213,461790,district_apportioned
835214,68348,district_apportioned
835215,85713,district_apportioned
835216,93896,district_apportioned
835217,85713,district_apportioned
835218,68348,district_apportioned
835219,85713,district_apportioned
835220,68348,district_apportioned
835221,85713,district_apportioned
835222,85713,district_apportioned
835223,85654,district_apportioned
835224,68348,district_apportioned
835225,85713,district_apportioned
835226,85654,district_apportioned
835227,68348,district_apportioned
835228,85654,district_apportioned
835229,68348,district_apportioned
835230,68348,district_apportioned
835231,68348,district_apportioned
835232,68348,district_apportioned
835233,68348,district_apportioned
835234,85713,district_apportioned
835235,85654,district_apportioned
835301,85713,district_apportioned
835302,68348,district_apportioned
835303,85713,district_apportioned
835325,85713,district_apportioned
841101,84082,district_apportioned
841201,84082,district_apportioned
841202,84082,district_apportioned
841203,97955,district_apportioned
841204,84082,district_apportioned
841205,84082,district_apportioned
841206,84082,district_apportioned
841207,84082,district_apportioned
841208,84082,district_apportioned
841209,84082,district_apportioned
841210,97955,district_apportioned
841211,84082,district_apportioned
841212,84082,district_apportioned
841213,84082,district_apportioned
841214,84082,district_apportioned
841215,84082,district_apportioned
841216,84082,district_apportioned
841217,84082,district_apportioned
841218,84082,district_apportioned
841219,84082,district_apportioned
841220,84082,district_apportioned
841221,84082,district_apportioned
841222,84082,district_apportioned
841223,84082,district_apportioned
841224,84082,district_apportioned
841225,84082,district_apportioned
841226,97955,district_apportioned
841227,97955,district_apportioned
841231,97955,district_apportioned
841232,97955,district_apportioned
841233,97955,district_apportioned
841234,97955,district_apportioned
841235,97955,district_apportioned
841236,97955,district_apportioned
841237,97955,district_apportioned
841238,97955,district_apportioned
841239,97955,district_apportioned
841240,97955,district_apportioned
841241,97955,district_apportioned
841242,97955,district_apportioned
841243,97955,district_apportioned
841244,97955,district_apportioned
841245,97955,district_apportioned
841286,97955,district_apportioned
841287,97955,district_apportioned
841301,84082,district_apportioned
841302,84082,district_apportioned
841305,84082,district_apportioned
841311,84082,district_apportioned
841312,75789,district_apportioned
841313,84082,district_apportioned
841316,84082,district_apportioned
841401,84082,district_apportioned
841402,84082,district_apportioned
841403,84082,district_apportioned
841404,97955,district_apportioned
841405,134843,district_apportioned
841406,97955,district_apportioned
841407,134843,district_apportioned
841408,97955,district_apportioned
841409,134843,district_apportioned
841410,84082,district_apportioned
841411,84082,district_apportioned
841412,84082,district_apportioned
841413,134843,district_apportioned
841414,84082,district_apportioned
841415,84082,district_apportioned
841416,97955,district_apportioned
841417,84082,district_apportioned
841418,84082,district_apportioned
841419,84082,district_apportioned
841420,134843,district_apportioned
841421,84082,district_apportioned
841422,84082,district_apportioned
841423,134843,district_apportioned
841424,84082,district_apportioned
841425,134843,district_apportioned
841426,134843,district_apportioned
841427,134843,district_apportioned
841428,134843,district_apportioned
841434,97955,district_apportioned
841435,97955,district_apportioned
841436,134843,district_apportioned
841437,134843,district_apportioned
841438,134843,district_apportioned
841439,97955,district_apportioned
841440,134843,district_apportioned
841441,134843,district_apportioned
841442,84082,district_apportioned
841443,84082,district_apportioned
841446,97955,district_apportioned
841460,84082,district_apportioned
841501,134843,district_apportioned
841502,97955,district_apportioned
841503,134843,district_apportioned
841504,97955,district_apportioned
841505,134843,district_apportioned
841506,97955,district_apportioned
841507,97955,district_apportioned
841508,134843,district_apportioned
841509,97955,district_apportioned
842001,126344,district_apportioned
842002,126344,district_apportioned
842003,126344,district_apportioned
842004,126344,district_apportioned
842005,126344,district_apportioned
842006,126344,district_apportioned
843101,126344,district_apportioned
843102,116501,district_apportioned
843103,126344,district_apportioned
843104,126344,district_apportioned
843105,126344,district_apportioned
843106,126344,district_apportioned
843107,126344,district_apportioned
843108,126344,district_apportioned
843109,126344,district_apportioned
843110,116501,district_apportioned
843111,126344,district_apportioned
843112,126344,district_apportioned
843113,126344,district_apportioned
843114,116501,district_apportioned
843115,126344,district_apportioned
843116,126344,district_apportioned
843117,126344,district_apportioned
843118,126344,district_apportioned
843119,126344,district_apportioned
843120,126344,district_apportioned
843121,126344,district_apportioned
843122,126344,district_apportioned
843123,126344,district_apportioned
843124,126344,district_apportioned
843125,126344,district_apportioned
843126,126344,district_apportioned
843127,126344,district_apportioned
843128,126344,district_apportioned
843129,126344,district_apportioned
843130,126344,district_apportioned
843301,131676,district_apportioned
843302,131676,district_apportioned
843311,131676,district_apportioned
843312,126344,district_apportioned
843313,131676,district_apportioned
843314,131676,district_apportioned
843315,131676,district_apportioned
843316,131676,district_apportioned
843317,131676,district_apportioned
843318,131676,district_apportioned
843319,131676,district_apportioned
843320,131676,district_apportioned
843321,126344,district_apportioned
843322,131676,district_apportioned
843323,131676,district_apportioned
843324,131676,district_apportioned
843325,131676,district_apportioned
843326,131676,district_apportioned
843327,131676,district_apportioned
843328,131676,district_apportioned
843329,131676,district_apportioned
843330,131676,district_apportioned
843331,131676,district_apportioned
843332,131676,district_apportioned
843333,131676,district_apportioned
843334,131676,district_apportioned
843351,131676,district_apportioned
843360,131676,district_apportioned
844101,116501,district_apportioned
844102,116501,district_apportioned
844103,116501,district_apportioned
844111,116501,district_apportioned
844112,116501,district_apportioned
844113,116501,district_apportioned
844114,116501,district_apportioned
844115,116501,district_apportioned
844116,116501,district_apportioned
844117,116501,district_apportioned
844118,116501,district_apportioned
844119,116501,district_apportioned
844120,116501,district_apportioned
844121,116501,district_apportioned
844122,116501,district_apportioned
844123,116501,district_apportioned
844124,116501,district_apportioned
844125,116501,district_apportioned
844126,116501,district_apportioned
844127,126344,district_apportioned
844128,116501,district_apportioned
844501,109271,district_apportioned
844502,116501,district_apportioned
844503,116501,district_apportioned
844504,116501,district_apportioned
844505,116501,district_apportioned
844506,109271,district_apportioned
844507,116501,district_apportioned
844508,116501,district_apportioned
844509,116501,district_apportioned
845101,218613,district_apportioned
845102,218613,district_apportioned
845103,218613,district_apportioned
845104,218613,district_apportioned
845105,218613,district_apportioned
845106,218613,district_apportioned
845107,218613,district_apportioned
845301,134194,district_apportioned
845302,134194,district_apportioned
845303,134194,district_apportioned
845304,134194,district_apportioned
845305,134194,district_apportioned
845306,218613,district_apportioned
845307,218613,district_apportioned
845315,134194,district_apportioned
845401,134194,district_apportioned
845406,134194,district_apportioned
845411,134194,district_apportioned
845412,134194,district_apportioned
845413,134194,district_apportioned
845414,134194,district_apportioned
845415,134194,district_apportioned
845416,134194,district_apportioned
845417,134194,district_apportioned
845418,134194,district_apportioned
845419,134194,district_apportioned
845420,134194,district_apportioned
845422,134194,district_apportioned
845423,134194,district_apportioned
845424,134194,district_apportioned
845425,134194,district_apportioned
845426,134194,district_apportioned
845427,134194,district_apportioned
845428,134194,district_apportioned
845429,134194,district_apportioned
845430,134194,district_apportioned
845431,134194,district_apportioned
845432,134194,district_apportioned
845433,134194,district_apportioned
845434,134194,district_apportioned
845435,134194,district_apportioned
845436,134194,district_apportioned
845437,134194,district_apportioned
845438,218613,district_apportioned
845440,134194,district_apportioned
845449,218613,district_apportioned
845450,218613,district_apportioned
845451,218613,district_apportioned
845452,218613,district_apportioned
845453,218613,district_apportioned
845454,218613,district_apportioned
845455,218613,district_apportioned
845456,134194,district_apportioned
845457,134194,district_apportioned
845458,134194,district_apportioned
845459,218613,district_apportioned
846001,103615,district_apportioned
846002,103615,district_apportioned
846003,103615,district_apportioned
846004,103615,district_apportioned
846005,103615,district_apportioned
846006,103615,district_apportioned
846007,103615,district_apportioned
846008,103615,district_apportioned
846009,103615,district_apportioned
847101,103615,district_apportioned
847102,103615,district_apportioned
847103,103615,district_apportioned
847104,103615,district_apportioned
847105,109271,district_apportioned
847106,103615,district_apportioned
847107,126344,district_apportioned
847108,131982,district_apportioned
847109,131982,district_apportioned
847115,103615,district_apportioned
847121,103615,district_apportioned
847122,103615,district_apportioned
847123,103615,district_apportioned
847201,103615,district_apportioned
847202,103615,district_apportioned
847203,103615,district_apportioned
847204,103615,district_apportioned
847211,131982,district_apportioned
847212,131982,district_apportioned
847213,131982,district_apportioned
847214,131982,district_apportioned
847215,131982,district_apportioned
847222,131982,district_apportioned
847223,131982,district_apportioned
847224,131982,district_apportioned
847225,131982,district_apportioned
847226,131982,district_apportioned
847227,131982,district_apportioned
847228,131982,district_apportioned
847229,131982,district_apportioned
847230,131982,district_apportioned
847231,131982,district_apportioned
847232,131982,district_apportioned
847233,103615,district_apportioned
847234,131982,district_apportioned
847235,131982,district_apportioned
847236,131982,district_apportioned
847238,131982,district_apportioned
847239,103615,district_apportioned
847240,131982,district_apportioned
847301,109271,district_apportioned
847302,103615,district_apportioned
847303,103615,district_apportioned
847304,103615,district_apportioned
847305,131982,district_apportioned
847306,103615,district_apportioned
847307,126344,district_apportioned
847308,131982,district_apportioned
847337,103615,district_apportioned
847401,131982,district_apportioned
847402,131982,district_apportioned
847403,131982,district_apportioned
847404,131982,district_apportioned
847405,103615,district_apportioned
847407,103615,district_apportioned
847408,131982,district_apportioned
847409,131982,district_apportioned
847410,131982,district_apportioned
847411,131982,district_apportioned
847421,131982,district_apportioned
847422,103615,district_apportioned
847423,103615,district_apportioned
847424,103615,district_apportioned
847427,103615,district_apportioned
847428,103615,district_apportioned
847429,103615,district_apportioned
847451,123838,district_apportioned
847452,123838,district_apportioned
848101,109271,district_apportioned
848102,109271,district_apportioned
848113,109271,district_apportioned
848114,109271,district_apportioned
848115,109271,district_apportioned
848117,109271,district_apportioned
848121,109271,district_apportioned
848122,109271,district_apportioned
848125,109271,district_apportioned
848127,109271,district_apportioned
848129,109271,district_apportioned
848130,109271,district_apportioned
848131,109271,district_apportioned
848132,109271,district_apportioned
848133,109271,district_apportioned
848134,109271,district_apportioned
848160,109271,district_apportioned
848201,110020,district_apportioned
848202,110020,district_apportioned
848203,128222,district_apportioned
848204,110020,district_apportioned
848205,109271,district_apportioned
848206,109271,district_apportioned
848207,109271,district_apportioned
848208,109271,district_apportioned
848209,109271,district_apportioned
848210,109271,district_apportioned
848211,109271,district_apportioned
848213,109271,district_apportioned
848216,109271,district_apportioned
848236,109271,district_apportioned
848301,109271,district_apportioned
848302,109271,district_apportioned
848501,109271,district_apportioned
848502,109271,district_apportioned
848503,109271,district_apportioned
848504,109271,district_apportioned
848505,109271,district_apportioned
848506,109271,district_apportioned
851101,110020,district_apportioned
851111,110020,district_apportioned
851112,110020,district_apportioned
851113,110020,district_apportioned
851114,110020,district_apportioned
851115,110020,district_apportioned
851116,110020,district_apportioned
851117,110020,district_apportioned
851118,110020,district_apportioned
851120,110020,district_apportioned
851126,110020,district_apportioned
851127,110020,district_apportioned
851128,110020,district_apportioned
851129,110020,district_apportioned
851130,110020,district_apportioned
851131,110020,district_apportioned
851132,110020,district_apportioned
851133,110020,district_apportioned
851134,110020,district_apportioned
851135,110020,district_apportioned
851201,128222,district_apportioned
851202,128222,district_apportioned
851203,128222,district_apportioned
851204,128222,district_apportioned
851205,128222,district_apportioned
851206,128222,district_apportioned
851210,110020,district_apportioned
851211,110020,district_apportioned
851212,128222,district_apportioned
851213,128222,district_apportioned
851214,128222,district_apportioned
851215,128222,district_apportioned
851216,128222,district_apportioned
851217,110020,district_apportioned
851218,110020,district_apportioned
852101,153982,district_apportioned
852105,123838,district_apportioned
852106,135762,district_apportioned
852107,135762,district_apportioned
852108,153982,district_apportioned
852109,123838,district_apportioned
852110,123838,district_apportioned
852111,123838,district_apportioned
852112,153982,district_apportioned
852113,153982,district_apportioned
852114,153982,district_apportioned
852115,153982,district_apportioned
852116,135762,district_apportioned
852121,135762,district_apportioned
852122,153982,district_apportioned
852123,135762,district_apportioned
852124,135762,district_apportioned
852125,123838,district_apportioned
852126,135762,district_apportioned
852127,135762,district_apportioned
852128,153982,district_apportioned
852129,135762,district_apportioned
852130,123838,district_apportioned
852131,123838,district_apportioned
852132,153982,district_apportioned
852133,123838,district_apportioned
852137,123838,district_apportioned
852138,123838,district_apportioned
852139,123838,district_apportioned
852161,128222,district_apportioned
852201,135762,district_apportioned
852202,135762,district_apportioned
852212,135762,district_apportioned
852213,153982,district_apportioned
852214,123838,district_apportioned
852215,123838,district_apportioned
852216,103615,district_apportioned
852217,135762,district_apportioned
852218,153982,district_apportioned
852219,153982,district_apportioned
852220,153982,district_apportioned
852221,135762,district_apportioned
853201,151888,district_apportioned
853202,151888,district_apportioned
853203,151888,district_apportioned
853204,97698,district_apportioned
853205,151888,district_apportioned
854101,153551,district_apportioned
854102,163231,district_apportioned
854103,153551,district_apportioned
854104,153551,district_apportioned
854105,153551,district_apportioned
854106,153551,district_apportioned
854107,153551,district_apportioned
854108,153551,district_apportioned
854109,153551,district_apportioned
854112,153551,district_apportioned
854113,153551,district_apportioned
854114,153551,district_apportioned
854115,153551,district_apportioned
854116,153551,district_apportioned
854117,153551,district_apportioned
854201,163231,district_apportioned
854202,163231,district_apportioned
854203,163231,district_apportioned
854204,163231,district_apportioned
854205,163231,district_apportioned
854301,163231,district_apportioned
854302,163231,district_apportioned
854303,163231,district_apportioned
854304,163231,district_apportioned
854305,163231,district_apportioned
854306,163231,district_apportioned
854311,312397,district_apportioned
854312,312397,district_apportioned
854315,163231,district_apportioned
854316,163231,district_apportioned
854317,153551,district_apportioned
854318,312397,district_apportioned
854325,163231,district_apportioned
854326,163231,district_apportioned
854327,163231,district_apportioned
854328,312397,district_apportioned
854329,312397,district_apportioned
854330,163231,district_apportioned
854331,312397,district_apportioned
854332,312397,district_apportioned
854333,163231,district_apportioned
854334,312397,district_apportioned
854335,153551,district_apportioned
854336,312397,district_apportioned
854337,163231,district_apportioned
854338,123838,district_apportioned
854339,123838,district_apportioned
854340,123838,district_apportioned
855101,241486,district_apportioned
855102,153551,district_apportioned
855105,153551,district_apportioned
855106,241486,district_apportioned
855107,241486,district_apportioned
855108,241486,district_apportioned
855113,153551,district_apportioned
855114,153551,district_apportioned
855115,241486,district_apportioned
855116,241486,district_apportioned
855117,241486,district_apportioned
