ref,name,type,category_slugs,primary_pincode,description_en,description_ta,description_hi,address,state,district,pincode,lat,lng,coverage_pincodes,vertical_slug,product_name,specs_json,product_category,milk_type,fat_percent,pack_size,price_display
aavin,Aavin,shop,dairy;shop,641001,"Aavin milk parlours across Coimbatore offering packet cow milk, toned milk and dairy products.","கோயம்புத்தூர் முழுவதும் பாக்கெட் பசும்பால், டோன்ட் பால் மற்றும் பால் பொருட்களை வழங்கும் ஆவின் பால் விற்பனை மையங்கள்.","कोयंबटूर भर में पैकेट गाय का दूध, टोंड दूध और डेयरी उत्पाद देने वाले आविन दूध पार्लर।","Kamarajar Road, Town Hall",,,641001,,,641001,milk,Aavin Green Magic Toned Milk,,milk,toned,3.0,500ml,₹22/500ml
aavin,Aavin,shop,dairy;shop,641001,"Aavin milk parlours across Coimbatore offering packet cow milk, toned milk and dairy products.","கோயம்புத்தூர் முழுவதும் பாக்கெட் பசும்பால், டோன்ட் பால் மற்றும் பால் பொருட்களை வழங்கும் ஆவின் பால் விற்பனை மையங்கள்.","कोयंबटूर भर में पैकेट गाय का दूध, टोंड दूध और डेयरी उत्पाद देने वाले आविन दूध पार्लर।","Sanganoor Road, Ram Nagar",,,641002,,,641002;641001,milk,Aavin Full Cream Milk,,milk,cow,4.0,500ml,₹34/500ml
aavin,Aavin,shop,dairy;shop,641001,"Aavin milk parlours across Coimbatore offering packet cow milk, toned milk and dairy products.","கோயம்புத்தூர் முழுவதும் பாக்கெட் பசும்பால், டோன்ட் பால் மற்றும் பால் பொருட்களை வழங்கும் ஆவின் பால் விற்பனை மையங்கள்.","कोयंबटूर भर में पैकेट गाय का दूध, टोंड दूध और डेयरी उत्पाद देने वाले आविन दूध पार्लर।","Vilankurichi Road, R.S. Puram",,,641004,,,641004;641001,milk,Aavin Standardised Milk,,milk,toned,3.0,1l,₹56/1l
aavin,Aavin,shop,dairy;shop,641001,"Aavin milk parlours across Coimbatore offering packet cow milk, toned milk and dairy products.","கோயம்புத்தூர் முழுவதும் பாக்கெட் பசும்பால், டோன்ட் பால் மற்றும் பால் பொருட்களை வழங்கும் ஆவின் பால் விற்பனை மையங்கள்.","कोयंबटूर भर में पैकेट गाय का दूध, टोंड दूध और डेयरी उत्पाद देने वाले आविन दूध पार्लर।","Race Course Road, Singanallur",,,641005,,,641005;641001,milk,Aavin Cow Ghee,,ghee,,,500ml,₹300/500ml
aavin,Aavin,shop,dairy;shop,641001,"Aavin milk parlours across Coimbatore offering packet cow milk, toned milk and dairy products.","கோயம்புத்தூர் முழுவதும் பாக்கெட் பசும்பால், டோன்ட் பால் மற்றும் பால் பொருட்களை வழங்கும் ஆவின் பால் விற்பனை மையங்கள்.","कोयंबटूर भर में पैकेट गाय का दूध, टोंड दूध और डेयरी उत्पाद देने वाले आविन दूध पार्लर।","Dr Nanjappa Road, Ramanathapuram",,,641006,,,641006;641001,milk,Aavin Fresh Paneer,,paneer,,,,₹95/200g
aavin,Aavin,shop,dairy;shop,641001,"Aavin milk parlours across Coimbatore offering packet cow milk, toned milk and dairy products.","கோயம்புத்தூர் முழுவதும் பாக்கெட் பசும்பால், டோன்ட் பால் மற்றும் பால் பொருட்களை வழங்கும் ஆவின் பால் விற்பனை மையங்கள்.","कोयंबटूर भर में पैकेट गाय का दूध, टोंड दूध और डेयरी उत्पाद देने वाले आविन दूध पार्लर।","Trichy Road, Uppilipalayam",,,641007,,,641007;641001,milk,Aavin Curd,,curd,,,,₹30/500g
aavin,Aavin,shop,dairy;shop,641001,"Aavin milk parlours across Coimbatore offering packet cow milk, toned milk and dairy products.","கோயம்புத்தூர் முழுவதும் பாக்கெட் பசும்பால், டோன்ட் பால் மற்றும் பால் பொருட்களை வழங்கும் ஆவின் பால் விற்பனை மையங்கள்.","कोयंबटूर भर में पैकेट गाय का दूध, टोंड दूध और डेयरी उत्पाद देने वाले आविन दूध पार्लर।","Avinashi Road, Gandhipuram",,,641009,,,641009;641001,milk,Aavin Table Butter,,butter,,,,₹58/100g
aavin,Aavin,shop,dairy;shop,641001,"Aavin milk parlours across Coimbatore offering packet cow milk, toned milk and dairy products.","கோயம்புத்தூர் முழுவதும் பாக்கெட் பசும்பால், டோன்ட் பால் மற்றும் பால் பொருட்களை வழங்கும் ஆவின் பால் விற்பனை மையங்கள்.","कोयंबटूर भर में पैकेट गाय का दूध, टोंड दूध और डेयरी उत्पाद देने वाले आविन दूध पार्लर।","Mettupalayam Road, Ganapathy",,,641011,,,641011;641001,milk,Aavin Khoa,,khoa,,,,₹120/250g
aavin,Aavin,shop,dairy;shop,641001,"Aavin milk parlours across Coimbatore offering packet cow milk, toned milk and dairy products.","கோயம்புத்தூர் முழுவதும் பாக்கெட் பசும்பால், டோன்ட் பால் மற்றும் பால் பொருட்களை வழங்கும் ஆவின் பால் விற்பனை மையங்கள்.","कोयंबटूर भर में पैकेट गाय का दूध, टोंड दूध और डेयरी उत्पाद देने वाले आविन दूध पार्लर।","Sathy Road, Peelamedu",,,641012,,,641012;641001,,,,,,,,
aavin,Aavin,shop,dairy;shop,641001,"Aavin milk parlours across Coimbatore offering packet cow milk, toned milk and dairy products.","கோயம்புத்தூர் முழுவதும் பாக்கெட் பசும்பால், டோன்ட் பால் மற்றும் பால் பொருட்களை வழங்கும் ஆவின் பால் விற்பனை மையங்கள்.","कोयंबटूर भर में पैकेट गाय का दूध, टोंड दूध और डेयरी उत्पाद देने वाले आविन दूध पार्लर।","Cross Cut Road, Ondipudur",,,641015,,,641015,,,,,,,,
aavin,Aavin,shop,dairy;shop,641001,"Aavin milk parlours across Coimbatore offering packet cow milk, toned milk and dairy products.","கோயம்புத்தூர் முழுவதும் பாக்கெட் பசும்பால், டோன்ட் பால் மற்றும் பால் பொருட்களை வழங்கும் ஆவின் பால் விற்பனை மையங்கள்.","कोयंबटूर भर में पैकेट गाय का दूध, टोंड दूध और डेयरी उत्पाद देने वाले आविन दूध पार्लर।","Big Bazaar Street, Rathinapuri",,,641018,,,641018;641001,,,,,,,,
aavin,Aavin,shop,dairy;shop,641001,"Aavin milk parlours across Coimbatore offering packet cow milk, toned milk and dairy products.","கோயம்புத்தூர் முழுவதும் பாக்கெட் பசும்பால், டோன்ட் பால் மற்றும் பால் பொருட்களை வழங்கும் ஆவின் பால் விற்பனை மையங்கள்.","कोयंबटूर भर में पैकेट गाय का दूध, टोंड दूध और डेयरी उत्पाद देने वाले आविन दूध पार्लर।","Sungam Bypass, Kuniyamuthur",,,641021,,,641021;641001,,,,,,,,
arokya,Arokya,shop,dairy;shop,641025,"Arokya packaged milk from Hatsun, available through dairy retail counters across Coimbatore.",கோயம்புத்தூர் முழுவதும் பால் சில்லறை கடைகளில் கிடைக்கும் ஹட்சன் நிறுவனத்தின் அரோக்யா பேக்கெட் பால்.,कोयंबटूर भर में डेयरी रिटेल काउंटरों पर उपलब्ध हैटसन का आरोक्या पैकेज्ड दूध।,"Sathy Road, Ukkadam",,,641025,,,641025;641001,milk,Arokya Full Cream Milk,,milk,cow,4.0,500ml,₹36/500ml
arokya,Arokya,shop,dairy;shop,641025,"Arokya packaged milk from Hatsun, available through dairy retail counters across Coimbatore.",கோயம்புத்தூர் முழுவதும் பால் சில்லறை கடைகளில் கிடைக்கும் ஹட்சன் நிறுவனத்தின் அரோக்யா பேக்கெட் பால்.,कोयंबटूर भर में डेयरी रिटेल काउंटरों पर उपलब्ध हैटसन का आरोक्या पैकेज्ड दूध।,"Cross Cut Road, Podanur",,,641035,,,641035,milk,Arokya Toned Milk,,milk,toned,3.0,500ml,₹30/500ml
arokya,Arokya,shop,dairy;shop,641025,"Arokya packaged milk from Hatsun, available through dairy retail counters across Coimbatore.",கோயம்புத்தூர் முழுவதும் பால் சில்லறை கடைகளில் கிடைக்கும் ஹட்சன் நிறுவனத்தின் அரோக்யா பேக்கெட் பால்.,कोयंबटूर भर में डेयरी रिटेल काउंटरों पर उपलब्ध हैटसन का आरोक्या पैकेज्ड दूध।,"Big Bazaar Street, Kavundampalayam",,,641037,,,641037;641001,milk,Arokya Standardised Milk,,milk,toned,3.0,1l,₹60/1l
arokya,Arokya,shop,dairy;shop,641025,"Arokya packaged milk from Hatsun, available through dairy retail counters across Coimbatore.",கோயம்புத்தூர் முழுவதும் பால் சில்லறை கடைகளில் கிடைக்கும் ஹட்சன் நிறுவனத்தின் அரோக்யா பேக்கெட் பால்.,कोयंबटूर भर में डेयरी रिटेल काउंटरों पर उपलब्ध हैटसन का आरोक्या पैकेज्ड दूध।,"Sungam Bypass, Thudiyalur",,,641041,,,641041,milk,Arokya Spiced Buttermilk,,buttermilk,,,,₹15/200ml
arokya,Arokya,shop,dairy;shop,641025,"Arokya packaged milk from Hatsun, available through dairy retail counters across Coimbatore.",கோயம்புத்தூர் முழுவதும் பால் சில்லறை கடைகளில் கிடைக்கும் ஹட்சன் நிறுவனத்தின் அரோக்யா பேக்கெட் பால்.,कोयंबटूर भर में डेयरी रिटेल काउंटरों पर उपलब्ध हैटसन का आरोक्या पैकेज्ड दूध।,"Pollachi Main Road, Vadavalli",,,641045,,,641045,,,,,,,,
arokya,Arokya,shop,dairy;shop,641025,"Arokya packaged milk from Hatsun, available through dairy retail counters across Coimbatore.",கோயம்புத்தூர் முழுவதும் பால் சில்லறை கடைகளில் கிடைக்கும் ஹட்சன் நிறுவனத்தின் அரோக்யா பேக்கெட் பால்.,कोयंबटूर भर में डेयरी रिटेल काउंटरों पर उपलब्ध हैटसन का आरोक्या पैकेज्ड दूध।,"Thadagam Road, Maruthamalai",,,641046,,,641046,,,,,,,,
arokya,Arokya,shop,dairy;shop,641025,"Arokya packaged milk from Hatsun, available through dairy retail counters across Coimbatore.",கோயம்புத்தூர் முழுவதும் பால் சில்லறை கடைகளில் கிடைக்கும் ஹட்சன் நிறுவனத்தின் அரோக்யா பேக்கெட் பால்.,कोयंबटूर भर में डेयरी रिटेल काउंटरों पर उपलब्ध हैटसन का आरोक्या पैकेज्ड दूध।,"Marudhamalai Road, Saravanampatti",,,641048,,,641048,,,,,,,,
arokya,Arokya,shop,dairy;shop,641025,"Arokya packaged milk from Hatsun, available through dairy retail counters across Coimbatore.",கோயம்புத்தூர் முழுவதும் பால் சில்லறை கடைகளில் கிடைக்கும் ஹட்சன் நிறுவனத்தின் அரோக்யா பேக்கெட் பால்.,कोयंबटूर भर में डेयरी रिटेल काउंटरों पर उपलब्ध हैटसन का आरोक्या पैकेज्ड दूध।,"Bharathiar Road, Nava India",,,641062,,,641062;641001,,,,,,,,
sakthi,Sakthi Dairy,shop,dairy;shop,641103,Sakthi Dairy packaged milk and dairy products sold through retail counters in the Coimbatore region.,கோயம்புத்தூர் பகுதியில் சில்லறை கடைகள் வழியாக விற்கப்படும் சக்தி டெய்ரி பேக்கெட் பால் மற்றும் பால் பொருட்கள்.,कोयंबटूर क्षेत्र में रिटेल काउंटरों के ज़रिए बिकने वाला शक्ति डेयरी का पैकेज्ड दूध और डेयरी उत्पाद।,"Thadagam Road, Perur",,,641103,,,641103,milk,Sakthi Standardised Milk,,milk,toned,3.0,500ml,₹31/500ml
sakthi,Sakthi Dairy,shop,dairy;shop,641103,Sakthi Dairy packaged milk and dairy products sold through retail counters in the Coimbatore region.,கோயம்புத்தூர் பகுதியில் சில்லறை கடைகள் வழியாக விற்கப்படும் சக்தி டெய்ரி பேக்கெட் பால் மற்றும் பால் பொருட்கள்.,कोयंबटूर क्षेत्र में रिटेल काउंटरों के ज़रिए बिकने वाला शक्ति डेयरी का पैकेज्ड दूध और डेयरी उत्पाद।,"Marudhamalai Road, Vellakinar",,,641107,,,641107,milk,Sakthi Full Cream Milk,,milk,cow,4.0,500ml,₹35/500ml
sakthi,Sakthi Dairy,shop,dairy;shop,641103,Sakthi Dairy packaged milk and dairy products sold through retail counters in the Coimbatore region.,கோயம்புத்தூர் பகுதியில் சில்லறை கடைகள் வழியாக விற்கப்படும் சக்தி டெய்ரி பேக்கெட் பால் மற்றும் பால் பொருட்கள்.,कोयंबटूर क्षेत्र में रिटेल काउंटरों के ज़रिए बिकने वाला शक्ति डेयरी का पैकेज्ड दूध और डेयरी उत्पाद।,"Bharathiar Road, Thondamuthur",,,641114,,,641114,milk,Sakthi Toned Milk,,milk,toned,3.0,1l,₹58/1l
sakthi,Sakthi Dairy,shop,dairy;shop,641103,Sakthi Dairy packaged milk and dairy products sold through retail counters in the Coimbatore region.,கோயம்புத்தூர் பகுதியில் சில்லறை கடைகள் வழியாக விற்கப்படும் சக்தி டெய்ரி பேக்கெட் பால் மற்றும் பால் பொருட்கள்.,कोयंबटूर क्षेत्र में रिटेल काउंटरों के ज़रिए बिकने वाला शक्ति डेयरी का पैकेज्ड दूध और डेयरी उत्पाद।,"Perur Main Road, Kinathukadavu",,,641202,,,641202,milk,Sakthi Fresh Cream,,cream,,,250ml,₹85/250ml
sakthi,Sakthi Dairy,shop,dairy;shop,641103,Sakthi Dairy packaged milk and dairy products sold through retail counters in the Coimbatore region.,கோயம்புத்தூர் பகுதியில் சில்லறை கடைகள் வழியாக விற்கப்படும் சக்தி டெய்ரி பேக்கெட் பால் மற்றும் பால் பொருட்கள்.,कोयंबटूर क्षेत्र में रिटेल काउंटरों के ज़रिए बिकने वाला शक्ति डेयरी का पैकेज्ड दूध और डेयरी उत्पाद।,"Kamarajar Road, Mettupalayam",,,641301,,,641301,,,,,,,,
amul,Amul,shop,dairy;shop,641402,Amul milk and dairy products distributed through retail outlets across Coimbatore.,கோயம்புத்தூர் முழுவதும் சில்லறை கடைகள் வழியாக விநியோகிக்கப்படும் அமுல் பால் மற்றும் பால் பொருட்கள்.,कोयंबटूर भर में रिटेल आउटलेट के ज़रिए वितरित अमूल दूध और डेयरी उत्पाद।,"Kamarajar Road, Sulur",,,641402,,,641402,milk,Amul Gold Full Cream Milk,,milk,cow,4.0,500ml,₹36/500ml
amul,Amul,shop,dairy;shop,641402,Amul milk and dairy products distributed through retail outlets across Coimbatore.,கோயம்புத்தூர் முழுவதும் சில்லறை கடைகள் வழியாக விநியோகிக்கப்படும் அமுல் பால் மற்றும் பால் பொருட்கள்.,कोयंबटूर भर में रिटेल आउटलेट के ज़रिए वितरित अमूल दूध और डेयरी उत्पाद।,"Sanganoor Road, Pollachi",,,642001,,,642001,milk,Amul Taaza Toned Milk,,milk,toned,3.0,500ml,₹28/500ml
amul,Amul,shop,dairy;shop,641402,Amul milk and dairy products distributed through retail outlets across Coimbatore.,கோயம்புத்தூர் முழுவதும் சில்லறை கடைகள் வழியாக விநியோகிக்கப்படும் அமுல் பால் மற்றும் பால் பொருட்கள்.,कोयंबटूर भर में रिटेल आउटलेट के ज़रिए वितरित अमूल दूध और डेयरी उत्पाद।,"Vilankurichi Road, Pollachi East",,,642002,,,642002,milk,Amul Cow Milk,,milk,cow,4.0,1l,₹62/1l
amul,Amul,shop,dairy;shop,641402,Amul milk and dairy products distributed through retail outlets across Coimbatore.,கோயம்புத்தூர் முழுவதும் சில்லறை கடைகள் வழியாக விநியோகிக்கப்படும் அமுல் பால் மற்றும் பால் பொருட்கள்.,कोयंबटूर भर में रिटेल आउटलेट के ज़रिए वितरित अमूल दूध और डेयरी उत्पाद।,"Race Course Road, Valparai",,,642126,,,642126,milk,Amul Instant Milk Powder,,milk-powder,,,,₹255/500g
heritage,Heritage,shop,dairy;shop,642127,Heritage packaged milk and curd available at dairy retail points in Coimbatore.,கோயம்புத்தூரில் பால் சில்லறை விற்பனை மையங்களில் கிடைக்கும் ஹெரிடேஜ் பேக்கெட் பால் மற்றும் தயிர்.,कोयंबटूर में डेयरी रिटेल पॉइंट्स पर उपलब्ध हेरिटेज पैकेज्ड दूध और दही।,"Dr Nanjappa Road, Valparai Town",,,642127,,,642127,milk,Heritage Toned Milk,,milk,toned,3.0,500ml,₹30/500ml
heritage,Heritage,shop,dairy;shop,642127,Heritage packaged milk and curd available at dairy retail points in Coimbatore.,கோயம்புத்தூரில் பால் சில்லறை விற்பனை மையங்களில் கிடைக்கும் ஹெரிடேஜ் பேக்கெட் பால் மற்றும் தயிர்.,कोयंबटूर में डेयरी रिटेल पॉइंट्स पर उपलब्ध हेरिटेज पैकेज्ड दूध और दही।,"Trichy Road, Tiruppur",,Tiruppur,641604,,,641604,milk,Heritage Full Cream Milk,,milk,cow,4.0,500ml,₹35/500ml
heritage,Heritage,shop,dairy;shop,642127,Heritage packaged milk and curd available at dairy retail points in Coimbatore.,கோயம்புத்தூரில் பால் சில்லறை விற்பனை மையங்களில் கிடைக்கும் ஹெரிடேஜ் பேக்கெட் பால் மற்றும் தயிர்.,कोयंबटूर में डेयरी रिटेल पॉइंट्स पर उपलब्ध हेरिटेज पैकेज्ड दूध और दही।,"Avinashi Road, Palladam",,Tiruppur,638051,,,638051,milk,Heritage Set Yogurt,,yogurt,,,,₹25/100g
heritage,Heritage,shop,dairy;shop,642127,Heritage packaged milk and curd available at dairy retail points in Coimbatore.,கோயம்புத்தூரில் பால் சில்லறை விற்பனை மையங்களில் கிடைக்கும் ஹெரிடேஜ் பேக்கெட் பால் மற்றும் தயிர்.,कोयंबटूर में डेयरी रिटेल पॉइंट्स पर उपलब्ध हेरिटेज पैकेज्ड दूध और दही।,"Mettupalayam Road, Town Hall",,,641001,,,641001,,,,,,,,
dodla,Dodla Dairy,shop,dairy;shop,641002,Dodla Dairy packaged milk supplied through retail counters in and around Coimbatore.,கோயம்புத்தூர் மற்றும் அதைச் சுற்றியுள்ள பகுதிகளில் சில்லறை கடைகள் வழியாக வழங்கப்படும் தோட்லா டெய்ரி பேக்கெட் பால்.,कोयंबटूर और आसपास रिटेल काउंटरों के ज़रिए आपूर्ति किया जाने वाला डोडला डेयरी पैकेज्ड दूध।,"Sathy Road, Ram Nagar",,,641002,,,641002;641001,milk,Dodla Full Cream Milk,,milk,cow,4.0,500ml,₹35/500ml
dodla,Dodla Dairy,shop,dairy;shop,641002,Dodla Dairy packaged milk supplied through retail counters in and around Coimbatore.,கோயம்புத்தூர் மற்றும் அதைச் சுற்றியுள்ள பகுதிகளில் சில்லறை கடைகள் வழியாக வழங்கப்படும் தோட்லா டெய்ரி பேக்கெட் பால்.,कोयंबटूर और आसपास रिटेल काउंटरों के ज़रिए आपूर्ति किया जाने वाला डोडला डेयरी पैकेज्ड दूध।,"Cross Cut Road, R.S. Puram",,,641004,,,641004;641001,milk,Dodla Toned Milk,,milk,toned,3.0,500ml,₹29/500ml
dodla,Dodla Dairy,shop,dairy;shop,641002,Dodla Dairy packaged milk supplied through retail counters in and around Coimbatore.,கோயம்புத்தூர் மற்றும் அதைச் சுற்றியுள்ள பகுதிகளில் சில்லறை கடைகள் வழியாக வழங்கப்படும் தோட்லா டெய்ரி பேக்கெட் பால்.,कोयंबटूर और आसपास रिटेल काउंटरों के ज़रिए आपूर्ति किया जाने वाला डोडला डेयरी पैकेज्ड दूध।,"Big Bazaar Street, Singanallur",,,641005,,,641005;641001,milk,Dodla Sweet Lassi,,lassi,,,250ml,₹25/250ml
dodla,Dodla Dairy,shop,dairy;shop,641002,Dodla Dairy packaged milk supplied through retail counters in and around Coimbatore.,கோயம்புத்தூர் மற்றும் அதைச் சுற்றியுள்ள பகுதிகளில் சில்லறை கடைகள் வழியாக வழங்கப்படும் தோட்லா டெய்ரி பேக்கெட் பால்.,कोयंबटूर और आसपास रिटेल काउंटरों के ज़रिए आपूर्ति किया जाने वाला डोडला डेयरी पैकेज्ड दूध।,"Sungam Bypass, Ramanathapuram",,,641006,,,641006;641001,,,,,,,,
thirumala,Thirumala Milk,shop,dairy;shop,641007,Thirumala Milk packaged cow and toned milk distributed across the Coimbatore area.,கோயம்புத்தூர் பகுதி முழுவதும் விநியோகிக்கப்படும் திருமலா பேக்கெட் பசும்பால் மற்றும் டோன்ட் பால்.,कोयंबटूर क्षेत्र भर में वितरित तिरुमला पैकेज्ड गाय का दूध और टोंड दूध।,"Sungam Bypass, Uppilipalayam",,,641007,,,641007;641001,milk,Thirumala Toned Milk,,milk,toned,3.0,500ml,₹30/500ml
thirumala,Thirumala Milk,shop,dairy;shop,641007,Thirumala Milk packaged cow and toned milk distributed across the Coimbatore area.,கோயம்புத்தூர் பகுதி முழுவதும் விநியோகிக்கப்படும் திருமலா பேக்கெட் பசும்பால் மற்றும் டோன்ட் பால்.,कोयंबटूर क्षेत्र भर में वितरित तिरुमला पैकेज्ड गाय का दूध और टोंड दूध।,"Pollachi Main Road, Gandhipuram",,,641009,,,641009;641001,milk,Thirumala Full Cream Milk,,milk,cow,4.0,1l,₹66/1l
thirumala,Thirumala Milk,shop,dairy;shop,641007,Thirumala Milk packaged cow and toned milk distributed across the Coimbatore area.,கோயம்புத்தூர் பகுதி முழுவதும் விநியோகிக்கப்படும் திருமலா பேக்கெட் பசும்பால் மற்றும் டோன்ட் பால்.,कोयंबटूर क्षेत्र भर में वितरित तिरुमला पैकेज्ड गाय का दूध और टोंड दूध।,"Thadagam Road, Ganapathy",,,641011,,,641011;641001,milk,Thirumala Badam Flavoured Milk,,flavoured-milk,,,,₹30/180ml
milkymist,Milky Mist,shop,dairy;shop,641012,"Milky Mist dairy products including curd, paneer and packaged milk sold in Coimbatore retail stores.","கோயம்புத்தூர் சில்லறை கடைகளில் விற்கப்படும் மில்க்கி மிஸ்ட் தயிர், பன்னீர் மற்றும் பேக்கெட் பால் உள்ளிட்ட பால் பொருட்கள்.","कोयंबटूर रिटेल स्टोरों में बिकने वाले मिल्की मिस्ट के दही, पनीर और पैकेज्ड दूध सहित डेयरी उत्पाद।","Marudhamalai Road, Peelamedu",,,641012,,,641012;641001,milk,Milky Mist Toned Milk,,milk,toned,3.0,500ml,₹31/500ml
milkymist,Milky Mist,shop,dairy;shop,641012,"Milky Mist dairy products including curd, paneer and packaged milk sold in Coimbatore retail stores.","கோயம்புத்தூர் சில்லறை கடைகளில் விற்கப்படும் மில்க்கி மிஸ்ட் தயிர், பன்னீர் மற்றும் பேக்கெட் பால் உள்ளிட்ட பால் பொருட்கள்.","कोयंबटूर रिटेल स्टोरों में बिकने वाले मिल्की मिस्ट के दही, पनीर और पैकेज्ड दूध सहित डेयरी उत्पाद।","Bharathiar Road, Ondipudur",,,641015,,,641015,milk,Milky Mist Cow Milk,,milk,cow,4.0,500ml,₹35/500ml
milkymist,Milky Mist,shop,dairy;shop,641012,"Milky Mist dairy products including curd, paneer and packaged milk sold in Coimbatore retail stores.","கோயம்புத்தூர் சில்லறை கடைகளில் விற்கப்படும் மில்க்கி மிஸ்ட் தயிர், பன்னீர் மற்றும் பேக்கெட் பால் உள்ளிட்ட பால் பொருட்கள்.","कोयंबटूर रिटेल स्टोरों में बिकने वाले मिल्की मिस्ट के दही, पनीर और पैकेज्ड दूध सहित डेयरी उत्पाद।","Perur Main Road, Rathinapuri",,,641018,,,641018;641001,milk,Milky Mist Cheese Block,,cheese,,,,₹135/200g
vend0,"Sri Balaji Milk Supply, Town Hall",vendor,dairy,641001,"Sri Balaji Milk Supply, Town Hall supplies fresh cow and buffalo milk to homes around Town Hall, with daily morning doorstep delivery.",Town Hall பகுதியில் உள்ள வீடுகளுக்கு தினமும் காலையில் புதிய பசும்பால் மற்றும் எருமைப்பால் டெலிவரி செய்யும் விற்பனையாளர்.,Town Hall के आसपास घरों को रोज़ सुबह ताज़ा गाय का दूध और भैंस का दूध पहुँचाने वाला दूध विक्रेता।,"Trichy Road, Town Hall",,,641001,,,641001;641005,milk,Fresh Cow Milk,,milk,cow,4.0,500ml,₹34/500ml
vend1,"Sri Amman Milk Supply, Ram Nagar",vendor,dairy,641002,A neighbourhood milk vendor in Ram Nagar offering doorstep delivery of fresh milk across nearby pincodes.,Ram Nagar பகுதியில் அருகிலுள்ள பின்கோடுகளுக்கு புதிய பாலை வீட்டு வாசலில் வழங்கும் பால் விற்பனையாளர்.,Ram Nagar में आसपास के पिनकोड तक ताज़ा दूध की घर पहुँच डिलीवरी देने वाला दूध विक्रेता।,"Avinashi Road, Ram Nagar",,,641002,,,641002;641001,milk,Fresh Buffalo Milk,,milk,buffalo,6.5,500ml,₹44/500ml
vend2,"Sri Murugan Milk Supply, R.S. Puram",vendor,dairy,641004,"Sri Murugan Milk Supply, R.S. Puram provides a daily fresh milk supply to households in and around R.S. Puram.",R.S. Puram மற்றும் அதைச் சுற்றியுள்ள வீடுகளுக்கு தினமும் புதிய பால் வழங்கும் வணிகம்.,R.S. Puram और आसपास के घरों को रोज़ ताज़ा दूध की आपूर्ति करने वाला व्यवसाय।,"Mettupalayam Road, R.S. Puram",,,641004,,,641004;641007;641001,milk,Farm Fresh Cow Milk,,milk,cow,4.0,1l,₹64/1l
vend3,"Saibaba Milk Supply, Singanallur",vendor,dairy,641005,Local dairy supplier serving Singanallur with fresh cow milk and buffalo milk on a daily delivery route.,Singanallur பகுதிக்கு தினசரி டெலிவரி வழியில் புதிய பசும்பால் மற்றும் எருமைப்பால் வழங்கும் உள்ளூர் பால் விற்பனையாளர்.,Singanallur क्षेत्र में रोज़ाना डिलीवरी रूट पर ताज़ा गाय का दूध और भैंस का दूध देने वाला स्थानीय दूध आपूर्तिकर्ता।,"Sathy Road, Singanallur",,,641005,,,641005;641001,milk,A2 Cow Milk,,milk,a2,4.3,500ml,₹52/500ml
vend4,"Sri Vinayaga Milk Supply, Ramanathapuram",vendor,dairy,641006,"Sri Vinayaga Milk Supply, Ramanathapuram runs a home delivery milk service covering Ramanathapuram and the surrounding streets.",Ramanathapuram மற்றும் சுற்றியுள்ள தெருக்களுக்கு வீட்டு டெலிவரி பால் சேவை வழங்கும் விற்பனையாளர்.,Ramanathapuram और आसपास की गलियों तक घर डिलीवरी दूध सेवा देने वाला विक्रेता।,"Cross Cut Road, Ramanathapuram",,,641006,,,641006;641011;641001,milk,Toned Milk,,milk,toned,3.0,500ml,₹28/500ml
vend5,"Annapoorna Milk Supply, Uppilipalayam",vendor,dairy,641007,"Annapoorna Milk Supply, Uppilipalayam supplies fresh cow and buffalo milk to homes around Uppilipalayam, with daily morning doorstep delivery.",Uppilipalayam பகுதியில் உள்ள வீடுகளுக்கு தினமும் காலையில் புதிய பசும்பால் மற்றும் எருமைப்பால் டெலிவரி செய்யும் விற்பனையாளர்.,Uppilipalayam के आसपास घरों को रोज़ सुबह ताज़ा गाय का दूध और भैंस का दूध पहुँचाने वाला दूध विक्रेता।,"Big Bazaar Street, Uppilipalayam",,,641007,,,641007;641001,milk,Organic Cow Milk,,milk,organic,4.1,500ml,₹56/500ml
vend6,"Kongu Milk Supply, Gandhipuram",vendor,dairy,641009,A neighbourhood milk vendor in Gandhipuram offering doorstep delivery of fresh milk across nearby pincodes.,Gandhipuram பகுதியில் அருகிலுள்ள பின்கோடுகளுக்கு புதிய பாலை வீட்டு வாசலில் வழங்கும் பால் விற்பனையாளர்.,Gandhipuram में आसपास के पिनकोड तक ताज़ा दूध की घर पहुँच डिलीवरी देने वाला दूध विक्रेता।,"Sungam Bypass, Gandhipuram",,,641009,,,641009;641015;641001,milk,Fresh Cow Milk,,milk,cow,4.0,500ml,₹34/500ml
vend7,"Velan Milk Supply, Ganapathy",vendor,dairy,641011,"Velan Milk Supply, Ganapathy provides a daily fresh milk supply to households in and around Ganapathy.",Ganapathy மற்றும் அதைச் சுற்றியுள்ள வீடுகளுக்கு தினமும் புதிய பால் வழங்கும் வணிகம்.,Ganapathy और आसपास के घरों को रोज़ ताज़ा दूध की आपूर्ति करने वाला व्यवसाय।,"Pollachi Main Road, Ganapathy",,,641011,,,641011;641001,milk,Fresh Buffalo Milk,,milk,buffalo,6.5,500ml,₹44/500ml
vend8,"Sri Lakshmi Milk Supply, Peelamedu",vendor,dairy,641012,Local dairy supplier serving Peelamedu with fresh cow milk and buffalo milk on a daily delivery route.,Peelamedu பகுதிக்கு தினசரி டெலிவரி வழியில் புதிய பசும்பால் மற்றும் எருமைப்பால் வழங்கும் உள்ளூர் பால் விற்பனையாளர்.,Peelamedu क्षेत्र में रोज़ाना डिलीवरी रूट पर ताज़ा गाय का दूध और भैंस का दूध देने वाला स्थानीय दूध आपूर्तिकर्ता।,"Thadagam Road, Peelamedu",,,641012,,,641012;641021;641001,milk,Farm Fresh Cow Milk,,milk,cow,4.0,1l,₹64/1l
vend9,"Sri Karpagam Milk Supply, Ondipudur",vendor,dairy,641015,"Sri Karpagam Milk Supply, Ondipudur runs a home delivery milk service covering Ondipudur and the surrounding streets.",Ondipudur மற்றும் சுற்றியுள்ள தெருக்களுக்கு வீட்டு டெலிவரி பால் சேவை வழங்கும் விற்பனையாளர்.,Ondipudur और आसपास की गलियों तक घर डिलीवरी दूध सेवा देने वाला विक्रेता।,"Marudhamalai Road, Ondipudur",,,641015,,,641015,milk,A2 Cow Milk,,milk,a2,4.3,500ml,₹52/500ml
vend10,"Senthil Milk Supply, Rathinapuri",vendor,dairy,641018,"Senthil Milk Supply, Rathinapuri supplies fresh cow and buffalo milk to homes around Rathinapuri, with daily morning doorstep delivery.",Rathinapuri பகுதியில் உள்ள வீடுகளுக்கு தினமும் காலையில் புதிய பசும்பால் மற்றும் எருமைப்பால் டெலிவரி செய்யும் விற்பனையாளர்.,Rathinapuri के आसपास घरों को रोज़ सुबह ताज़ा गाय का दूध और भैंस का दूध पहुँचाने वाला दूध विक्रेता।,"Bharathiar Road, Rathinapuri",,,641018,,,641018;641035;641001,milk,Toned Milk,,milk,toned,3.0,500ml,₹28/500ml
vend11,"Arun Milk Supply, Kuniyamuthur",vendor,dairy,641021,A neighbourhood milk vendor in Kuniyamuthur offering doorstep delivery of fresh milk across nearby pincodes.,Kuniyamuthur பகுதியில் அருகிலுள்ள பின்கோடுகளுக்கு புதிய பாலை வீட்டு வாசலில் வழங்கும் பால் விற்பனையாளர்.,Kuniyamuthur में आसपास के पिनकोड तक ताज़ा दूध की घर पहुँच डिलीवरी देने वाला दूध विक्रेता।,"Perur Main Road, Kuniyamuthur",,,641021,,,641021;641001,milk,Organic Cow Milk,,milk,organic,4.1,500ml,₹56/500ml
vend12,"Sri Vetri Milk Supply, Ukkadam",vendor,dairy,641025,"Sri Vetri Milk Supply, Ukkadam provides a daily fresh milk supply to households in and around Ukkadam.",Ukkadam மற்றும் அதைச் சுற்றியுள்ள வீடுகளுக்கு தினமும் புதிய பால் வழங்கும் வணிகம்.,Ukkadam और आसपास के घरों को रोज़ ताज़ा दूध की आपूर्ति करने वाला व्यवसाय।,"Kamarajar Road, Ukkadam",,,641025,,,641025;641041;641001,milk,Fresh Cow Milk,,milk,cow,4.0,500ml,₹34/500ml
vend13,"Bharathi Milk Supply, Podanur",vendor,dairy,641035,Local dairy supplier serving Podanur with fresh cow milk and buffalo milk on a daily delivery route.,Podanur பகுதிக்கு தினசரி டெலிவரி வழியில் புதிய பசும்பால் மற்றும் எருமைப்பால் வழங்கும் உள்ளூர் பால் விற்பனையாளர்.,Podanur क्षेत्र में रोज़ाना डिलीवरी रूट पर ताज़ा गाय का दूध और भैंस का दूध देने वाला स्थानीय दूध आपूर्तिकर्ता।,"Sanganoor Road, Podanur",,,641035,,,641035,milk,Fresh Buffalo Milk,,milk,buffalo,6.5,500ml,₹44/500ml
,"Sri Ganga Milk Supply, Kavundampalayam",vendor,dairy,641037,"Sri Ganga Milk Supply, Kavundampalayam runs a home delivery milk service covering Kavundampalayam and the surrounding streets.",Kavundampalayam மற்றும் சுற்றியுள்ள தெருக்களுக்கு வீட்டு டெலிவரி பால் சேவை வழங்கும் விற்பனையாளர்.,Kavundampalayam और आसपास की गलियों तक घर डिलीवरी दूध सेवा देने वाला विक्रेता।,"Vilankurichi Road, Kavundampalayam",,,641037,,,641037;641046;641001,milk,Farm Fresh Cow Milk,,milk,cow,4.0,1l,₹64/1l
,"Nandhini Milk Supply, Thudiyalur",vendor,dairy,641041,"Nandhini Milk Supply, Thudiyalur supplies fresh cow and buffalo milk to homes around Thudiyalur, with daily morning doorstep delivery.",Thudiyalur பகுதியில் உள்ள வீடுகளுக்கு தினமும் காலையில் புதிய பசும்பால் மற்றும் எருமைப்பால் டெலிவரி செய்யும் விற்பனையாளர்.,Thudiyalur के आसपास घरों को रोज़ सुबह ताज़ा गाय का दूध और भैंस का दूध पहुँचाने वाला दूध विक्रेता।,"Race Course Road, Thudiyalur",,,641041,,,641041,milk,A2 Cow Milk,,milk,a2,4.3,500ml,₹52/500ml
,"Sri Selvam Milk Supply, Vadavalli",vendor,dairy,641045,A neighbourhood milk vendor in Vadavalli offering doorstep delivery of fresh milk across nearby pincodes.,Vadavalli பகுதியில் அருகிலுள்ள பின்கோடுகளுக்கு புதிய பாலை வீட்டு வாசலில் வழங்கும் பால் விற்பனையாளர்.,Vadavalli में आसपास के पिनकोड तक ताज़ा दूध की घर पहुँच डिलीवरी देने वाला दूध विक्रेता।,"Dr Nanjappa Road, Vadavalli",,,641045,,,641045;641062,milk,Toned Milk,,milk,toned,3.0,500ml,₹28/500ml
,"Vijay Milk Supply, Maruthamalai",vendor,dairy,641046,"Vijay Milk Supply, Maruthamalai provides a daily fresh milk supply to households in and around Maruthamalai.",Maruthamalai மற்றும் அதைச் சுற்றியுள்ள வீடுகளுக்கு தினமும் புதிய பால் வழங்கும் வணிகம்.,Maruthamalai और आसपास के घरों को रोज़ ताज़ा दूध की आपूर्ति करने वाला व्यवसाय।,"Trichy Road, Maruthamalai",,,641046,,,641046,milk,Organic Cow Milk,,milk,organic,4.1,500ml,₹56/500ml
,"Sri Ram Milk Supply, Saravanampatti",vendor,dairy,641048,Local dairy supplier serving Saravanampatti with fresh cow milk and buffalo milk on a daily delivery route.,Saravanampatti பகுதிக்கு தினசரி டெலிவரி வழியில் புதிய பசும்பால் மற்றும் எருமைப்பால் வழங்கும் உள்ளூர் பால் விற்பனையாளர்.,Saravanampatti क्षेत्र में रोज़ाना डिलीवरी रूट पर ताज़ा गाय का दूध और भैंस का दूध देने वाला स्थानीय दूध आपूर्तिकर्ता।,"Avinashi Road, Saravanampatti",,,641048,,,641048;641107,milk,Fresh Cow Milk,,milk,cow,4.0,500ml,₹34/500ml
,"Kaveri Milk Supply, Nava India",vendor,dairy,641062,"Kaveri Milk Supply, Nava India runs a home delivery milk service covering Nava India and the surrounding streets.",Nava India மற்றும் சுற்றியுள்ள தெருக்களுக்கு வீட்டு டெலிவரி பால் சேவை வழங்கும் விற்பனையாளர்.,Nava India और आसपास की गलियों तक घर डिलीवरी दूध सेवा देने वाला विक्रेता।,"Mettupalayam Road, Nava India",,,641062,,,641062;641001,milk,Fresh Buffalo Milk,,milk,buffalo,6.5,500ml,₹44/500ml
,"Sri Balaji Fresh Milk Centre, Perur",vendor,dairy,641103,"Sri Balaji Fresh Milk Centre, Perur supplies fresh cow and buffalo milk to homes around Perur, with daily morning doorstep delivery.",Perur பகுதியில் உள்ள வீடுகளுக்கு தினமும் காலையில் புதிய பசும்பால் மற்றும் எருமைப்பால் டெலிவரி செய்யும் விற்பனையாளர்.,Perur के आसपास घरों को रोज़ सुबह ताज़ा गाय का दूध और भैंस का दूध पहुँचाने वाला दूध विक्रेता।,"Sathy Road, Perur",,,641103,,,641103;641202,milk,Farm Fresh Cow Milk,,milk,cow,4.0,1l,₹64/1l
,"Sri Amman Fresh Milk Centre, Vellakinar",vendor,dairy,641107,A neighbourhood milk vendor in Vellakinar offering doorstep delivery of fresh milk across nearby pincodes.,Vellakinar பகுதியில் அருகிலுள்ள பின்கோடுகளுக்கு புதிய பாலை வீட்டு வாசலில் வழங்கும் பால் விற்பனையாளர்.,Vellakinar में आसपास के पिनकोड तक ताज़ा दूध की घर पहुँच डिलीवरी देने वाला दूध विक्रेता।,"Cross Cut Road, Vellakinar",,,641107,,,641107,milk,A2 Cow Milk,,milk,a2,4.3,500ml,₹52/500ml
,"Sri Murugan Fresh Milk Centre, Thondamuthur",vendor,dairy,641114,"Sri Murugan Fresh Milk Centre, Thondamuthur provides a daily fresh milk supply to households in and around Thondamuthur.",Thondamuthur மற்றும் அதைச் சுற்றியுள்ள வீடுகளுக்கு தினமும் புதிய பால் வழங்கும் வணிகம்.,Thondamuthur और आसपास के घरों को रोज़ ताज़ा दूध की आपूर्ति करने वाला व्यवसाय।,"Big Bazaar Street, Thondamuthur",,,641114,,,641114;641402,milk,Toned Milk,,milk,toned,3.0,500ml,₹28/500ml
,"Saibaba Fresh Milk Centre, Kinathukadavu",vendor,dairy,641202,Local dairy supplier serving Kinathukadavu with fresh cow milk and buffalo milk on a daily delivery route.,Kinathukadavu பகுதிக்கு தினசரி டெலிவரி வழியில் புதிய பசும்பால் மற்றும் எருமைப்பால் வழங்கும் உள்ளூர் பால் விற்பனையாளர்.,Kinathukadavu क्षेत्र में रोज़ाना डिलीवरी रूट पर ताज़ा गाय का दूध और भैंस का दूध देने वाला स्थानीय दूध आपूर्तिकर्ता।,"Sungam Bypass, Kinathukadavu",,,641202,,,641202,milk,Organic Cow Milk,,milk,organic,4.1,500ml,₹56/500ml
,"Sri Vinayaga Fresh Milk Centre, Mettupalayam",vendor,dairy,641301,"Sri Vinayaga Fresh Milk Centre, Mettupalayam runs a home delivery milk service covering Mettupalayam and the surrounding streets.",Mettupalayam மற்றும் சுற்றியுள்ள தெருக்களுக்கு வீட்டு டெலிவரி பால் சேவை வழங்கும் விற்பனையாளர்.,Mettupalayam और आसपास की गलियों तक घर डिलीवरी दूध सेवा देने वाला विक्रेता।,"Pollachi Main Road, Mettupalayam",,,641301,,,641301;642002,milk,Fresh Cow Milk,,milk,cow,4.0,500ml,₹34/500ml
,"Annapoorna Fresh Milk Centre, Sulur",vendor,dairy,641402,"Annapoorna Fresh Milk Centre, Sulur supplies fresh cow and buffalo milk to homes around Sulur, with daily morning doorstep delivery.",Sulur பகுதியில் உள்ள வீடுகளுக்கு தினமும் காலையில் புதிய பசும்பால் மற்றும் எருமைப்பால் டெலிவரி செய்யும் விற்பனையாளர்.,Sulur के आसपास घरों को रोज़ सुबह ताज़ा गाय का दूध और भैंस का दूध पहुँचाने वाला दूध विक्रेता।,"Thadagam Road, Sulur",,,641402,,,641402,milk,Fresh Buffalo Milk,,milk,buffalo,6.5,500ml,₹44/500ml
,"Kongu Fresh Milk Centre, Pollachi",vendor,dairy,642001,A neighbourhood milk vendor in Pollachi offering doorstep delivery of fresh milk across nearby pincodes.,Pollachi பகுதியில் அருகிலுள்ள பின்கோடுகளுக்கு புதிய பாலை வீட்டு வாசலில் வழங்கும் பால் விற்பனையாளர்.,Pollachi में आसपास के पिनकोड तक ताज़ा दूध की घर पहुँच डिलीवरी देने वाला दूध विक्रेता।,"Marudhamalai Road, Pollachi",,,642001,,,642001;642127,milk,Farm Fresh Cow Milk,,milk,cow,4.0,1l,₹64/1l
,"Velan Fresh Milk Centre, Pollachi East",vendor,dairy,642002,"Velan Fresh Milk Centre, Pollachi East provides a daily fresh milk supply to households in and around Pollachi East.",Pollachi East மற்றும் அதைச் சுற்றியுள்ள வீடுகளுக்கு தினமும் புதிய பால் வழங்கும் வணிகம்.,Pollachi East और आसपास के घरों को रोज़ ताज़ा दूध की आपूर्ति करने वाला व्यवसाय।,"Bharathiar Road, Pollachi East",,,642002,,,642002,milk,A2 Cow Milk,,milk,a2,4.3,500ml,₹52/500ml
,"Sri Lakshmi Fresh Milk Centre, Valparai",vendor,dairy,642126,Local dairy supplier serving Valparai with fresh cow milk and buffalo milk on a daily delivery route.,Valparai பகுதிக்கு தினசரி டெலிவரி வழியில் புதிய பசும்பால் மற்றும் எருமைப்பால் வழங்கும் உள்ளூர் பால் விற்பனையாளர்.,Valparai क्षेत्र में रोज़ाना डिलीवरी रूट पर ताज़ा गाय का दूध और भैंस का दूध देने वाला स्थानीय दूध आपूर्तिकर्ता।,"Perur Main Road, Valparai",,,642126,,,642126;638051,milk,Toned Milk,,milk,toned,3.0,500ml,₹28/500ml
,"Sri Karpagam Fresh Milk Centre, Valparai Town",vendor,dairy,642127,"Sri Karpagam Fresh Milk Centre, Valparai Town runs a home delivery milk service covering Valparai Town and the surrounding streets.",Valparai Town மற்றும் சுற்றியுள்ள தெருக்களுக்கு வீட்டு டெலிவரி பால் சேவை வழங்கும் விற்பனையாளர்.,Valparai Town और आसपास की गलियों तक घर डिलीवरी दूध सेवा देने वाला विक्रेता।,"Kamarajar Road, Valparai Town",,,642127,,,642127,milk,Organic Cow Milk,,milk,organic,4.1,500ml,₹56/500ml
,"Senthil Fresh Milk Centre, Tiruppur",vendor,dairy,641604,"Senthil Fresh Milk Centre, Tiruppur supplies fresh cow and buffalo milk to homes around Tiruppur, with daily morning doorstep delivery.",Tiruppur பகுதியில் உள்ள வீடுகளுக்கு தினமும் காலையில் புதிய பசும்பால் மற்றும் எருமைப்பால் டெலிவரி செய்யும் விற்பனையாளர்.,Tiruppur के आसपास घरों को रोज़ सुबह ताज़ा गाय का दूध और भैंस का दूध पहुँचाने वाला दूध विक्रेता।,"Sanganoor Road, Tiruppur",,Tiruppur,641604,,,641604;641002,milk,Fresh Cow Milk,,milk,cow,4.0,500ml,₹34/500ml
,"Arun Fresh Milk Centre, Palladam",vendor,dairy,638051,A neighbourhood milk vendor in Palladam offering doorstep delivery of fresh milk across nearby pincodes.,Palladam பகுதியில் அருகிலுள்ள பின்கோடுகளுக்கு புதிய பாலை வீட்டு வாசலில் வழங்கும் பால் விற்பனையாளர்.,Palladam में आसपास के पिनकोड तक ताज़ा दूध की घर पहुँच डिलीवरी देने वाला दूध विक्रेता।,"Vilankurichi Road, Palladam",,Tiruppur,638051,,,638051,milk,Fresh Buffalo Milk,,milk,buffalo,6.5,500ml,₹44/500ml
,"Sri Vetri Fresh Milk Centre, Town Hall",vendor,dairy,641001,"Sri Vetri Fresh Milk Centre, Town Hall provides a daily fresh milk supply to households in and around Town Hall.",Town Hall மற்றும் அதைச் சுற்றியுள்ள வீடுகளுக்கு தினமும் புதிய பால் வழங்கும் வணிகம்.,Town Hall और आसपास के घरों को रोज़ ताज़ा दूध की आपूर्ति करने वाला व्यवसाय।,"Race Course Road, Town Hall",,,641001,,,641001;641005,milk,Farm Fresh Cow Milk,,milk,cow,4.0,1l,₹64/1l
,"Bharathi Fresh Milk Centre, Ram Nagar",vendor,dairy,641002,Local dairy supplier serving Ram Nagar with fresh cow milk and buffalo milk on a daily delivery route.,Ram Nagar பகுதிக்கு தினசரி டெலிவரி வழியில் புதிய பசும்பால் மற்றும் எருமைப்பால் வழங்கும் உள்ளூர் பால் விற்பனையாளர்.,Ram Nagar क्षेत्र में रोज़ाना डिलीवरी रूट पर ताज़ा गाय का दूध और भैंस का दूध देने वाला स्थानीय दूध आपूर्तिकर्ता।,"Dr Nanjappa Road, Ram Nagar",,,641002,,,641002;641001,milk,A2 Cow Milk,,milk,a2,4.3,500ml,₹52/500ml
,"Sri Ganga Fresh Milk Centre, R.S. Puram",vendor,dairy,641004,"Sri Ganga Fresh Milk Centre, R.S. Puram runs a home delivery milk service covering R.S. Puram and the surrounding streets.",R.S. Puram மற்றும் சுற்றியுள்ள தெருக்களுக்கு வீட்டு டெலிவரி பால் சேவை வழங்கும் விற்பனையாளர்.,R.S. Puram और आसपास की गलियों तक घर डिलीवरी दूध सेवा देने वाला विक्रेता।,"Trichy Road, R.S. Puram",,,641004,,,641004;641007;641001,milk,Toned Milk,,milk,toned,3.0,500ml,₹28/500ml
,"Nandhini Fresh Milk Centre, Singanallur",vendor,dairy,641005,"Nandhini Fresh Milk Centre, Singanallur supplies fresh cow and buffalo milk to homes around Singanallur, with daily morning doorstep delivery.",Singanallur பகுதியில் உள்ள வீடுகளுக்கு தினமும் காலையில் புதிய பசும்பால் மற்றும் எருமைப்பால் டெலிவரி செய்யும் விற்பனையாளர்.,Singanallur के आसपास घरों को रोज़ सुबह ताज़ा गाय का दूध और भैंस का दूध पहुँचाने वाला दूध विक्रेता।,"Avinashi Road, Singanallur",,,641005,,,641005;641001,milk,Organic Cow Milk,,milk,organic,4.1,500ml,₹56/500ml
,"Sri Selvam Fresh Milk Centre, Ramanathapuram",vendor,dairy,641006,A neighbourhood milk vendor in Ramanathapuram offering doorstep delivery of fresh milk across nearby pincodes.,Ramanathapuram பகுதியில் அருகிலுள்ள பின்கோடுகளுக்கு புதிய பாலை வீட்டு வாசலில் வழங்கும் பால் விற்பனையாளர்.,Ramanathapuram में आसपास के पिनकोड तक ताज़ा दूध की घर पहुँच डिलीवरी देने वाला दूध विक्रेता।,"Mettupalayam Road, Ramanathapuram",,,641006,,,641006;641011;641001,milk,Fresh Cow Milk,,milk,cow,4.0,500ml,₹34/500ml
,"Vijay Fresh Milk Centre, Uppilipalayam",vendor,dairy,641007,"Vijay Fresh Milk Centre, Uppilipalayam provides a daily fresh milk supply to households in and around Uppilipalayam.",Uppilipalayam மற்றும் அதைச் சுற்றியுள்ள வீடுகளுக்கு தினமும் புதிய பால் வழங்கும் வணிகம்.,Uppilipalayam और आसपास के घरों को रोज़ ताज़ा दूध की आपूर्ति करने वाला व्यवसाय।,"Sathy Road, Uppilipalayam",,,641007,,,641007;641001,milk,Fresh Buffalo Milk,,milk,buffalo,6.5,500ml,₹44/500ml
,"Sri Ram Fresh Milk Centre, Gandhipuram",vendor,dairy,641009,Local dairy supplier serving Gandhipuram with fresh cow milk and buffalo milk on a daily delivery route.,Gandhipuram பகுதிக்கு தினசரி டெலிவரி வழியில் புதிய பசும்பால் மற்றும் எருமைப்பால் வழங்கும் உள்ளூர் பால் விற்பனையாளர்.,Gandhipuram क्षेत्र में रोज़ाना डिलीवरी रूट पर ताज़ा गाय का दूध और भैंस का दूध देने वाला स्थानीय दूध आपूर्तिकर्ता।,"Cross Cut Road, Gandhipuram",,,641009,,,641009;641015;641001,milk,Farm Fresh Cow Milk,,milk,cow,4.0,1l,₹64/1l
,"Kaveri Fresh Milk Centre, Ganapathy",vendor,dairy,641011,"Kaveri Fresh Milk Centre, Ganapathy runs a home delivery milk service covering Ganapathy and the surrounding streets.",Ganapathy மற்றும் சுற்றியுள்ள தெருக்களுக்கு வீட்டு டெலிவரி பால் சேவை வழங்கும் விற்பனையாளர்.,Ganapathy और आसपास की गलियों तक घर डिलीवरी दूध सेवा देने वाला विक्रेता।,"Big Bazaar Street, Ganapathy",,,641011,,,641011;641001,milk,A2 Cow Milk,,milk,a2,4.3,500ml,₹52/500ml
,"Sri Balaji Dairy, Peelamedu",vendor,dairy,641012,"Sri Balaji Dairy, Peelamedu supplies fresh cow and buffalo milk to homes around Peelamedu, with daily morning doorstep delivery.",Peelamedu பகுதியில் உள்ள வீடுகளுக்கு தினமும் காலையில் புதிய பசும்பால் மற்றும் எருமைப்பால் டெலிவரி செய்யும் விற்பனையாளர்.,Peelamedu के आसपास घरों को रोज़ सुबह ताज़ा गाय का दूध और भैंस का दूध पहुँचाने वाला दूध विक्रेता।,"Sungam Bypass, Peelamedu",,,641012,,,641012;641021;641001,milk,Toned Milk,,milk,toned,3.0,500ml,₹28/500ml
,"Sri Amman Dairy, Ondipudur",vendor,dairy,641015,A neighbourhood milk vendor in Ondipudur offering doorstep delivery of fresh milk across nearby pincodes.,Ondipudur பகுதியில் அருகிலுள்ள பின்கோடுகளுக்கு புதிய பாலை வீட்டு வாசலில் வழங்கும் பால் விற்பனையாளர்.,Ondipudur में आसपास के पिनकोड तक ताज़ा दूध की घर पहुँच डिलीवरी देने वाला दूध विक्रेता।,"Pollachi Main Road, Ondipudur",,,641015,,,641015,milk,Organic Cow Milk,,milk,organic,4.1,500ml,₹56/500ml
,"Sri Murugan Dairy, Rathinapuri",vendor,dairy,641018,"Sri Murugan Dairy, Rathinapuri provides a daily fresh milk supply to households in and around Rathinapuri.",Rathinapuri மற்றும் அதைச் சுற்றியுள்ள வீடுகளுக்கு தினமும் புதிய பால் வழங்கும் வணிகம்.,Rathinapuri और आसपास के घरों को रोज़ ताज़ा दूध की आपूर्ति करने वाला व्यवसाय।,"Thadagam Road, Rathinapuri",,,641018,,,641018;641035;641001,milk,Fresh Cow Milk,,milk,cow,4.0,500ml,₹34/500ml
,"Saibaba Dairy, Kuniyamuthur",vendor,dairy,641021,Local dairy supplier serving Kuniyamuthur with fresh cow milk and buffalo milk on a daily delivery route.,Kuniyamuthur பகுதிக்கு தினசரி டெலிவரி வழியில் புதிய பசும்பால் மற்றும் எருமைப்பால் வழங்கும் உள்ளூர் பால் விற்பனையாளர்.,Kuniyamuthur क्षेत्र में रोज़ाना डिलीवरी रूट पर ताज़ा गाय का दूध और भैंस का दूध देने वाला स्थानीय दूध आपूर्तिकर्ता।,"Marudhamalai Road, Kuniyamuthur",,,641021,,,641021;641001,milk,Fresh Buffalo Milk,,milk,buffalo,6.5,500ml,₹44/500ml
,"Sri Vinayaga Dairy, Ukkadam",vendor,dairy,641025,"Sri Vinayaga Dairy, Ukkadam runs a home delivery milk service covering Ukkadam and the surrounding streets.",Ukkadam மற்றும் சுற்றியுள்ள தெருக்களுக்கு வீட்டு டெலிவரி பால் சேவை வழங்கும் விற்பனையாளர்.,Ukkadam और आसपास की गलियों तक घर डिलीवरी दूध सेवा देने वाला विक्रेता।,"Bharathiar Road, Ukkadam",,,641025,,,641025;641041;641001,milk,Farm Fresh Cow Milk,,milk,cow,4.0,1l,₹64/1l
,"Annapoorna Dairy, Podanur",vendor,dairy,641035,"Annapoorna Dairy, Podanur supplies fresh cow and buffalo milk to homes around Podanur, with daily morning doorstep delivery.",Podanur பகுதியில் உள்ள வீடுகளுக்கு தினமும் காலையில் புதிய பசும்பால் மற்றும் எருமைப்பால் டெலிவரி செய்யும் விற்பனையாளர்.,Podanur के आसपास घरों को रोज़ सुबह ताज़ा गाय का दूध और भैंस का दूध पहुँचाने वाला दूध विक्रेता।,"Perur Main Road, Podanur",,,641035,,,641035,milk,A2 Cow Milk,,milk,a2,4.3,500ml,₹52/500ml
,"Kongu Dairy, Kavundampalayam",vendor,dairy,641037,A neighbourhood milk vendor in Kavundampalayam offering doorstep delivery of fresh milk across nearby pincodes.,Kavundampalayam பகுதியில் அருகிலுள்ள பின்கோடுகளுக்கு புதிய பாலை வீட்டு வாசலில் வழங்கும் பால் விற்பனையாளர்.,Kavundampalayam में आसपास के पिनकोड तक ताज़ा दूध की घर पहुँच डिलीवरी देने वाला दूध विक्रेता।,"Kamarajar Road, Kavundampalayam",,,641037,,,641037;641046;641001,milk,Toned Milk,,milk,toned,3.0,500ml,₹28/500ml
,"Velan Dairy, Thudiyalur",vendor,dairy,641041,"Velan Dairy, Thudiyalur provides a daily fresh milk supply to households in and around Thudiyalur.",Thudiyalur மற்றும் அதைச் சுற்றியுள்ள வீடுகளுக்கு தினமும் புதிய பால் வழங்கும் வணிகம்.,Thudiyalur और आसपास के घरों को रोज़ ताज़ा दूध की आपूर्ति करने वाला व्यवसाय।,"Sanganoor Road, Thudiyalur",,,641041,,,641041,milk,Organic Cow Milk,,milk,organic,4.1,500ml,₹56/500ml
,"Sri Lakshmi Dairy, Vadavalli",vendor,dairy,641045,Local dairy supplier serving Vadavalli with fresh cow milk and buffalo milk on a daily delivery route.,Vadavalli பகுதிக்கு தினசரி டெலிவரி வழியில் புதிய பசும்பால் மற்றும் எருமைப்பால் வழங்கும் உள்ளூர் பால் விற்பனையாளர்.,Vadavalli क्षेत्र में रोज़ाना डिलीवरी रूट पर ताज़ा गाय का दूध और भैंस का दूध देने वाला स्थानीय दूध आपूर्तिकर्ता।,"Vilankurichi Road, Vadavalli",,,641045,,,641045;641062,milk,Fresh Cow Milk,,milk,cow,4.0,500ml,₹34/500ml
,"Sri Karpagam Dairy, Maruthamalai",vendor,dairy,641046,"Sri Karpagam Dairy, Maruthamalai runs a home delivery milk service covering Maruthamalai and the surrounding streets.",Maruthamalai மற்றும் சுற்றியுள்ள தெருக்களுக்கு வீட்டு டெலிவரி பால் சேவை வழங்கும் விற்பனையாளர்.,Maruthamalai और आसपास की गलियों तक घर डिलीवरी दूध सेवा देने वाला विक्रेता।,"Race Course Road, Maruthamalai",,,641046,,,641046,milk,Fresh Buffalo Milk,,milk,buffalo,6.5,500ml,₹44/500ml
,"Senthil Dairy, Saravanampatti",vendor,dairy,641048,"Senthil Dairy, Saravanampatti supplies fresh cow and buffalo milk to homes around Saravanampatti, with daily morning doorstep delivery.",Saravanampatti பகுதியில் உள்ள வீடுகளுக்கு தினமும் காலையில் புதிய பசும்பால் மற்றும் எருமைப்பால் டெலிவரி செய்யும் விற்பனையாளர்.,Saravanampatti के आसपास घरों को रोज़ सुबह ताज़ा गाय का दूध और भैंस का दूध पहुँचाने वाला दूध विक्रेता।,"Dr Nanjappa Road, Saravanampatti",,,641048,,,641048;641107,milk,Farm Fresh Cow Milk,,milk,cow,4.0,1l,₹64/1l
,"Arun Dairy, Nava India",vendor,dairy,641062,A neighbourhood milk vendor in Nava India offering doorstep delivery of fresh milk across nearby pincodes.,Nava India பகுதியில் அருகிலுள்ள பின்கோடுகளுக்கு புதிய பாலை வீட்டு வாசலில் வழங்கும் பால் விற்பனையாளர்.,Nava India में आसपास के पिनकोड तक ताज़ा दूध की घर पहुँच डिलीवरी देने वाला दूध विक्रेता।,"Trichy Road, Nava India",,,641062,,,641062;641001,milk,A2 Cow Milk,,milk,a2,4.3,500ml,₹52/500ml
,"Sri Vetri Dairy, Perur",vendor,dairy,641103,"Sri Vetri Dairy, Perur provides a daily fresh milk supply to households in and around Perur.",Perur மற்றும் அதைச் சுற்றியுள்ள வீடுகளுக்கு தினமும் புதிய பால் வழங்கும் வணிகம்.,Perur और आसपास के घरों को रोज़ ताज़ा दूध की आपूर्ति करने वाला व्यवसाय।,"Avinashi Road, Perur",,,641103,,,641103;641202,milk,Toned Milk,,milk,toned,3.0,500ml,₹28/500ml
,"Bharathi Dairy, Vellakinar",vendor,dairy,641107,Local dairy supplier serving Vellakinar with fresh cow milk and buffalo milk on a daily delivery route.,Vellakinar பகுதிக்கு தினசரி டெலிவரி வழியில் புதிய பசும்பால் மற்றும் எருமைப்பால் வழங்கும் உள்ளூர் பால் விற்பனையாளர்.,Vellakinar क्षेत्र में रोज़ाना डिलीवरी रूट पर ताज़ा गाय का दूध और भैंस का दूध देने वाला स्थानीय दूध आपूर्तिकर्ता।,"Mettupalayam Road, Vellakinar",,,641107,,,641107,milk,Organic Cow Milk,,milk,organic,4.1,500ml,₹56/500ml
,"Sri Ganga Dairy, Thondamuthur",vendor,dairy,641114,"Sri Ganga Dairy, Thondamuthur runs a home delivery milk service covering Thondamuthur and the surrounding streets.",Thondamuthur மற்றும் சுற்றியுள்ள தெருக்களுக்கு வீட்டு டெலிவரி பால் சேவை வழங்கும் விற்பனையாளர்.,Thondamuthur और आसपास की गलियों तक घर डिलीवरी दूध सेवा देने वाला विक्रेता।,"Sathy Road, Thondamuthur",,,641114,,,641114;641402,milk,Fresh Cow Milk,,milk,cow,4.0,500ml,₹34/500ml
,"Nandhini Dairy, Kinathukadavu",vendor,dairy,641202,"Nandhini Dairy, Kinathukadavu supplies fresh cow and buffalo milk to homes around Kinathukadavu, with daily morning doorstep delivery.",Kinathukadavu பகுதியில் உள்ள வீடுகளுக்கு தினமும் காலையில் புதிய பசும்பால் மற்றும் எருமைப்பால் டெலிவரி செய்யும் விற்பனையாளர்.,Kinathukadavu के आसपास घरों को रोज़ सुबह ताज़ा गाय का दूध और भैंस का दूध पहुँचाने वाला दूध विक्रेता।,"Cross Cut Road, Kinathukadavu",,,641202,,,641202,milk,Fresh Buffalo Milk,,milk,buffalo,6.5,500ml,₹44/500ml
vend0,"Sri Balaji Milk Supply, Town Hall",vendor,dairy,641001,"Sri Balaji Milk Supply, Town Hall supplies fresh cow and buffalo milk to homes around Town Hall, with daily morning doorstep delivery.",Town Hall பகுதியில் உள்ள வீடுகளுக்கு தினமும் காலையில் புதிய பசும்பால் மற்றும் எருமைப்பால் டெலிவரி செய்யும் விற்பனையாளர்.,Town Hall के आसपास घरों को रोज़ सुबह ताज़ा गाय का दूध और भैंस का दूध पहुँचाने वाला दूध विक्रेता।,"Trichy Road, Town Hall",,,641001,,,641001;641005,milk,A2 Cow Milk,,milk,a2,4.3,500ml,₹52/500ml
vend1,"Sri Amman Milk Supply, Ram Nagar",vendor,dairy,641002,A neighbourhood milk vendor in Ram Nagar offering doorstep delivery of fresh milk across nearby pincodes.,Ram Nagar பகுதியில் அருகிலுள்ள பின்கோடுகளுக்கு புதிய பாலை வீட்டு வாசலில் வழங்கும் பால் விற்பனையாளர்.,Ram Nagar में आसपास के पिनकोड तक ताज़ा दूध की घर पहुँच डिलीवरी देने वाला दूध विक्रेता।,"Avinashi Road, Ram Nagar",,,641002,,,641002;641001,milk,Toned Milk,,milk,toned,3.0,500ml,₹28/500ml
vend2,"Sri Murugan Milk Supply, R.S. Puram",vendor,dairy,641004,"Sri Murugan Milk Supply, R.S. Puram provides a daily fresh milk supply to households in and around R.S. Puram.",R.S. Puram மற்றும் அதைச் சுற்றியுள்ள வீடுகளுக்கு தினமும் புதிய பால் வழங்கும் வணிகம்.,R.S. Puram और आसपास के घरों को रोज़ ताज़ा दूध की आपूर्ति करने वाला व्यवसाय।,"Mettupalayam Road, R.S. Puram",,,641004,,,641004;641007;641001,milk,Organic Cow Milk,,milk,organic,4.1,500ml,₹56/500ml
vend3,"Saibaba Milk Supply, Singanallur",vendor,dairy,641005,Local dairy supplier serving Singanallur with fresh cow milk and buffalo milk on a daily delivery route.,Singanallur பகுதிக்கு தினசரி டெலிவரி வழியில் புதிய பசும்பால் மற்றும் எருமைப்பால் வழங்கும் உள்ளூர் பால் விற்பனையாளர்.,Singanallur क्षेत्र में रोज़ाना डिलीवरी रूट पर ताज़ा गाय का दूध और भैंस का दूध देने वाला स्थानीय दूध आपूर्तिकर्ता।,"Sathy Road, Singanallur",,,641005,,,641005;641001,milk,Fresh Cow Milk,,milk,cow,4.0,500ml,₹34/500ml
vend4,"Sri Vinayaga Milk Supply, Ramanathapuram",vendor,dairy,641006,"Sri Vinayaga Milk Supply, Ramanathapuram runs a home delivery milk service covering Ramanathapuram and the surrounding streets.",Ramanathapuram மற்றும் சுற்றியுள்ள தெருக்களுக்கு வீட்டு டெலிவரி பால் சேவை வழங்கும் விற்பனையாளர்.,Ramanathapuram और आसपास की गलियों तक घर डिलीवरी दूध सेवा देने वाला विक्रेता।,"Cross Cut Road, Ramanathapuram",,,641006,,,641006;641011;641001,milk,Fresh Buffalo Milk,,milk,buffalo,6.5,500ml,₹44/500ml
vend5,"Annapoorna Milk Supply, Uppilipalayam",vendor,dairy,641007,"Annapoorna Milk Supply, Uppilipalayam supplies fresh cow and buffalo milk to homes around Uppilipalayam, with daily morning doorstep delivery.",Uppilipalayam பகுதியில் உள்ள வீடுகளுக்கு தினமும் காலையில் புதிய பசும்பால் மற்றும் எருமைப்பால் டெலிவரி செய்யும் விற்பனையாளர்.,Uppilipalayam के आसपास घरों को रोज़ सुबह ताज़ा गाय का दूध और भैंस का दूध पहुँचाने वाला दूध विक्रेता।,"Big Bazaar Street, Uppilipalayam",,,641007,,,641007;641001,milk,Farm Fresh Cow Milk,,milk,cow,4.0,1l,₹64/1l
vend6,"Kongu Milk Supply, Gandhipuram",vendor,dairy,641009,A neighbourhood milk vendor in Gandhipuram offering doorstep delivery of fresh milk across nearby pincodes.,Gandhipuram பகுதியில் அருகிலுள்ள பின்கோடுகளுக்கு புதிய பாலை வீட்டு வாசலில் வழங்கும் பால் விற்பனையாளர்.,Gandhipuram में आसपास के पिनकोड तक ताज़ा दूध की घर पहुँच डिलीवरी देने वाला दूध विक्रेता।,"Sungam Bypass, Gandhipuram",,,641009,,,641009;641015;641001,milk,A2 Cow Milk,,milk,a2,4.3,500ml,₹52/500ml
vend7,"Velan Milk Supply, Ganapathy",vendor,dairy,641011,"Velan Milk Supply, Ganapathy provides a daily fresh milk supply to households in and around Ganapathy.",Ganapathy மற்றும் அதைச் சுற்றியுள்ள வீடுகளுக்கு தினமும் புதிய பால் வழங்கும் வணிகம்.,Ganapathy और आसपास के घरों को रोज़ ताज़ा दूध की आपूर्ति करने वाला व्यवसाय।,"Pollachi Main Road, Ganapathy",,,641011,,,641011;641001,milk,Toned Milk,,milk,toned,3.0,500ml,₹28/500ml
vend8,"Sri Lakshmi Milk Supply, Peelamedu",vendor,dairy,641012,Local dairy supplier serving Peelamedu with fresh cow milk and buffalo milk on a daily delivery route.,Peelamedu பகுதிக்கு தினசரி டெலிவரி வழியில் புதிய பசும்பால் மற்றும் எருமைப்பால் வழங்கும் உள்ளூர் பால் விற்பனையாளர்.,Peelamedu क्षेत्र में रोज़ाना डिलीवरी रूट पर ताज़ा गाय का दूध और भैंस का दूध देने वाला स्थानीय दूध आपूर्तिकर्ता।,"Thadagam Road, Peelamedu",,,641012,,,641012;641021;641001,milk,Organic Cow Milk,,milk,organic,4.1,500ml,₹56/500ml
vend9,"Sri Karpagam Milk Supply, Ondipudur",vendor,dairy,641015,"Sri Karpagam Milk Supply, Ondipudur runs a home delivery milk service covering Ondipudur and the surrounding streets.",Ondipudur மற்றும் சுற்றியுள்ள தெருக்களுக்கு வீட்டு டெலிவரி பால் சேவை வழங்கும் விற்பனையாளர்.,Ondipudur और आसपास की गलियों तक घर डिलीवरी दूध सेवा देने वाला विक्रेता।,"Marudhamalai Road, Ondipudur",,,641015,,,641015,milk,Fresh Cow Milk,,milk,cow,4.0,500ml,₹34/500ml
vend10,"Senthil Milk Supply, Rathinapuri",vendor,dairy,641018,"Senthil Milk Supply, Rathinapuri supplies fresh cow and buffalo milk to homes around Rathinapuri, with daily morning doorstep delivery.",Rathinapuri பகுதியில் உள்ள வீடுகளுக்கு தினமும் காலையில் புதிய பசும்பால் மற்றும் எருமைப்பால் டெலிவரி செய்யும் விற்பனையாளர்.,Rathinapuri के आसपास घरों को रोज़ सुबह ताज़ा गाय का दूध और भैंस का दूध पहुँचाने वाला दूध विक्रेता।,"Bharathiar Road, Rathinapuri",,,641018,,,641018;641035;641001,milk,Fresh Buffalo Milk,,milk,buffalo,6.5,500ml,₹44/500ml
vend11,"Arun Milk Supply, Kuniyamuthur",vendor,dairy,641021,A neighbourhood milk vendor in Kuniyamuthur offering doorstep delivery of fresh milk across nearby pincodes.,Kuniyamuthur பகுதியில் அருகிலுள்ள பின்கோடுகளுக்கு புதிய பாலை வீட்டு வாசலில் வழங்கும் பால் விற்பனையாளர்.,Kuniyamuthur में आसपास के पिनकोड तक ताज़ा दूध की घर पहुँच डिलीवरी देने वाला दूध विक्रेता।,"Perur Main Road, Kuniyamuthur",,,641021,,,641021;641001,milk,Farm Fresh Cow Milk,,milk,cow,4.0,1l,₹64/1l
vend12,"Sri Vetri Milk Supply, Ukkadam",vendor,dairy,641025,"Sri Vetri Milk Supply, Ukkadam provides a daily fresh milk supply to households in and around Ukkadam.",Ukkadam மற்றும் அதைச் சுற்றியுள்ள வீடுகளுக்கு தினமும் புதிய பால் வழங்கும் வணிகம்.,Ukkadam और आसपास के घरों को रोज़ ताज़ा दूध की आपूर्ति करने वाला व्यवसाय।,"Kamarajar Road, Ukkadam",,,641025,,,641025;641041;641001,milk,A2 Cow Milk,,milk,a2,4.3,500ml,₹52/500ml
vend13,"Bharathi Milk Supply, Podanur",vendor,dairy,641035,Local dairy supplier serving Podanur with fresh cow milk and buffalo milk on a daily delivery route.,Podanur பகுதிக்கு தினசரி டெலிவரி வழியில் புதிய பசும்பால் மற்றும் எருமைப்பால் வழங்கும் உள்ளூர் பால் விற்பனையாளர்.,Podanur क्षेत्र में रोज़ाना डिलीवरी रूट पर ताज़ा गाय का दूध और भैंस का दूध देने वाला स्थानीय दूध आपूर्तिकर्ता।,"Sanganoor Road, Podanur",,,641035,,,641035,milk,Toned Milk,,milk,toned,3.0,500ml,₹28/500ml
,"Kongu Dairy Farm, Mettupalayam",farm,dairy-farm;dairy,641301,"Kongu Dairy Farm, Mettupalayam is a dairy farm near Mettupalayam keeping cows and buffaloes and selling fresh farm milk.",Mettupalayam அருகில் பசுக்கள் மற்றும் எருமைகளை வளர்த்து புதிய பண்ணைப் பாலை விற்கும் பால் பண்ணை.,Mettupalayam के पास गायें और भैंसें पालने वाला और ताज़ा फ़ार्म का दूध बेचने वाला डेयरी फ़ार्म।,"Trichy Road, Mettupalayam",,,641301,,,641301;642002,milk,Farm Fresh Cow Milk,,milk,cow,4.0,1l,₹64/1l
,"Green Pastures Dairy Farm, Sulur",farm,dairy-farm;dairy,641402,A small dairy farm in Sulur producing fresh cow milk from its own herd.,Sulur பகுதியில் தன் சொந்த மந்தையிலிருந்து புதிய பசும்பால் தயாரிக்கும் சிறிய பால் பண்ணை.,Sulur में अपने ही झुंड से ताज़ा गाय का दूध तैयार करने वाला छोटा डेयरी फ़ार्म।,"Avinashi Road, Sulur",,,641402,,,641402,milk,Fresh Buffalo Milk,,milk,buffalo,6.5,500ml,₹45/500ml
,"Sri Balaji Dairy Farm, Pollachi",farm,dairy-farm;dairy,642001,"Sri Balaji Dairy Farm, Pollachi rears dairy cattle at Pollachi and supplies fresh milk to nearby homes and shops.",Pollachi பகுதியில் பால் கால்நடைகளை வளர்த்து அருகிலுள்ள வீடுகள் மற்றும் கடைகளுக்கு புதிய பால் வழங்கும் பால் பண்ணை.,Pollachi में डेयरी पशु पालने वाला और आसपास के घरों व दुकानों को ताज़ा दूध देने वाला डेयरी फ़ार्म।,"Mettupalayam Road, Pollachi",,,642001,,,642001;642127,milk,A2 Cow Milk,,milk,a2,4.3,1l,₹98/1l
,"Amman Dairy Farm, Pollachi East",farm,dairy-farm;dairy,642002,Family-run dairy farm at Pollachi East offering fresh cow and buffalo milk direct from the farm.,Pollachi East பகுதியில் பண்ணையிலிருந்து நேரடியாக புதிய பசும்பால் மற்றும் எருமைப்பால் வழங்கும் குடும்ப பால் பண்ணை.,Pollachi East में फ़ार्म से सीधे ताज़ा गाय और भैंस का दूध देने वाला पारिवारिक डेयरी फ़ार्म।,"Sathy Road, Pollachi East",,,642002,,,642002,milk,Organic Cow Milk,,milk,organic,4.1,500ml,₹58/500ml
,"Vellingiri Dairy Farm, Valparai",farm,dairy-farm;dairy,642126,"Vellingiri Dairy Farm, Valparai is a dairy farm near Valparai keeping cows and buffaloes and selling fresh farm milk.",Valparai அருகில் பசுக்கள் மற்றும் எருமைகளை வளர்த்து புதிய பண்ணைப் பாலை விற்கும் பால் பண்ணை.,Valparai के पास गायें और भैंसें पालने वाला और ताज़ा फ़ार्म का दूध बेचने वाला डेयरी फ़ार्म।,"Cross Cut Road, Valparai",,,642126,,,642126;638051,milk,Farm Fresh Cow Milk,,milk,cow,4.0,1l,₹64/1l
,"Sri Murugan Dairy Farm, Valparai Town",farm,dairy-farm;dairy,642127,A small dairy farm in Valparai Town producing fresh cow milk from its own herd.,Valparai Town பகுதியில் தன் சொந்த மந்தையிலிருந்து புதிய பசும்பால் தயாரிக்கும் சிறிய பால் பண்ணை.,Valparai Town में अपने ही झुंड से ताज़ा गाय का दूध तैयार करने वाला छोटा डेयरी फ़ार्म।,"Big Bazaar Street, Valparai Town",,,642127,,,642127,milk,Fresh Buffalo Milk,,milk,buffalo,6.5,500ml,₹45/500ml
,"Nallur Dairy Farm, Tiruppur",farm,dairy-farm;dairy,641604,"Nallur Dairy Farm, Tiruppur rears dairy cattle at Tiruppur and supplies fresh milk to nearby homes and shops.",Tiruppur பகுதியில் பால் கால்நடைகளை வளர்த்து அருகிலுள்ள வீடுகள் மற்றும் கடைகளுக்கு புதிய பால் வழங்கும் பால் பண்ணை.,Tiruppur में डेयरी पशु पालने वाला और आसपास के घरों व दुकानों को ताज़ा दूध देने वाला डेयरी फ़ार्म।,"Sungam Bypass, Tiruppur",,Tiruppur,641604,,,641604;641002,milk,A2 Cow Milk,,milk,a2,4.3,1l,₹98/1l
,"Karpagam Dairy Farm, Palladam",farm,dairy-farm;dairy,638051,Family-run dairy farm at Palladam offering fresh cow and buffalo milk direct from the farm.,Palladam பகுதியில் பண்ணையிலிருந்து நேரடியாக புதிய பசும்பால் மற்றும் எருமைப்பால் வழங்கும் குடும்ப பால் பண்ணை.,Palladam में फ़ार्म से सीधे ताज़ा गाय और भैंस का दूध देने वाला पारिवारिक डेयरी फ़ार्म।,"Pollachi Main Road, Palladam",,Tiruppur,638051,,,638051,milk,Organic Cow Milk,,milk,organic,4.1,500ml,₹58/500ml
,"Sri Velan Dairy Farm, Town Hall",farm,dairy-farm;dairy,641001,"Sri Velan Dairy Farm, Town Hall is a dairy farm near Town Hall keeping cows and buffaloes and selling fresh farm milk.",Town Hall அருகில் பசுக்கள் மற்றும் எருமைகளை வளர்த்து புதிய பண்ணைப் பாலை விற்கும் பால் பண்ணை.,Town Hall के पास गायें और भैंसें पालने वाला और ताज़ा फ़ार्म का दूध बेचने वाला डेयरी फ़ार्म।,"Thadagam Road, Town Hall",,,641001,,,641001;641005,milk,Farm Fresh Cow Milk,,milk,cow,4.0,1l,₹64/1l
,"Ponni Dairy Farm, Ram Nagar",farm,dairy-farm;dairy,641002,A small dairy farm in Ram Nagar producing fresh cow milk from its own herd.,Ram Nagar பகுதியில் தன் சொந்த மந்தையிலிருந்து புதிய பசும்பால் தயாரிக்கும் சிறிய பால் பண்ணை.,Ram Nagar में अपने ही झुंड से ताज़ा गाय का दूध तैयार करने वाला छोटा डेयरी फ़ार्म।,"Marudhamalai Road, Ram Nagar",,,641002,,,641002;641001,milk,Fresh Buffalo Milk,,milk,buffalo,6.5,500ml,₹45/500ml
,"Sri Lakshmi Dairy Farm, R.S. Puram",farm,dairy-farm;dairy,641004,"Sri Lakshmi Dairy Farm, R.S. Puram rears dairy cattle at R.S. Puram and supplies fresh milk to nearby homes and shops.",R.S. Puram பகுதியில் பால் கால்நடைகளை வளர்த்து அருகிலுள்ள வீடுகள் மற்றும் கடைகளுக்கு புதிய பால் வழங்கும் பால் பண்ணை.,R.S. Puram में डेयरी पशु पालने वाला और आसपास के घरों व दुकानों को ताज़ा दूध देने वाला डेयरी फ़ार्म।,"Bharathiar Road, R.S. Puram",,,641004,,,641004;641007;641001,milk,A2 Cow Milk,,milk,a2,4.3,1l,₹98/1l
,"Thendral Dairy Farm, Singanallur",farm,dairy-farm;dairy,641005,Family-run dairy farm at Singanallur offering fresh cow and buffalo milk direct from the farm.,Singanallur பகுதியில் பண்ணையிலிருந்து நேரடியாக புதிய பசும்பால் மற்றும் எருமைப்பால் வழங்கும் குடும்ப பால் பண்ணை.,Singanallur में फ़ार्म से सीधे ताज़ा गाय और भैंस का दूध देने वाला पारिवारिक डेयरी फ़ार्म।,"Perur Main Road, Singanallur",,,641005,,,641005;641001,milk,Organic Cow Milk,,milk,organic,4.1,500ml,₹58/500ml
,"Kongu Dairy Farm, Ramanathapuram",farm,dairy-farm;dairy,641006,"Kongu Dairy Farm, Ramanathapuram is a dairy farm near Ramanathapuram keeping cows and buffaloes and selling fresh farm milk.",Ramanathapuram அருகில் பசுக்கள் மற்றும் எருமைகளை வளர்த்து புதிய பண்ணைப் பாலை விற்கும் பால் பண்ணை.,Ramanathapuram के पास गायें और भैंसें पालने वाला और ताज़ा फ़ार्म का दूध बेचने वाला डेयरी फ़ार्म।,"Kamarajar Road, Ramanathapuram",,,641006,,,641006;641011;641001,milk,Farm Fresh Cow Milk,,milk,cow,4.0,1l,₹64/1l
,"Green Pastures Dairy Farm, Uppilipalayam",farm,dairy-farm;dairy,641007,A small dairy farm in Uppilipalayam producing fresh cow milk from its own herd.,Uppilipalayam பகுதியில் தன் சொந்த மந்தையிலிருந்து புதிய பசும்பால் தயாரிக்கும் சிறிய பால் பண்ணை.,Uppilipalayam में अपने ही झुंड से ताज़ा गाय का दूध तैयार करने वाला छोटा डेयरी फ़ार्म।,"Sanganoor Road, Uppilipalayam",,,641007,,,641007;641001,milk,Fresh Buffalo Milk,,milk,buffalo,6.5,500ml,₹45/500ml
,"Sri Balaji Dairy Farm, Gandhipuram",farm,dairy-farm;dairy,641009,"Sri Balaji Dairy Farm, Gandhipuram rears dairy cattle at Gandhipuram and supplies fresh milk to nearby homes and shops.",Gandhipuram பகுதியில் பால் கால்நடைகளை வளர்த்து அருகிலுள்ள வீடுகள் மற்றும் கடைகளுக்கு புதிய பால் வழங்கும் பால் பண்ணை.,Gandhipuram में डेयरी पशु पालने वाला और आसपास के घरों व दुकानों को ताज़ा दूध देने वाला डेयरी फ़ार्म।,"Vilankurichi Road, Gandhipuram",,,641009,,,641009;641015;641001,milk,A2 Cow Milk,,milk,a2,4.3,1l,₹98/1l
,"Amman Dairy Farm, Ganapathy",farm,dairy-farm;dairy,641011,Family-run dairy farm at Ganapathy offering fresh cow and buffalo milk direct from the farm.,Ganapathy பகுதியில் பண்ணையிலிருந்து நேரடியாக புதிய பசும்பால் மற்றும் எருமைப்பால் வழங்கும் குடும்ப பால் பண்ணை.,Ganapathy में फ़ार्म से सीधे ताज़ा गाय और भैंस का दूध देने वाला पारिवारिक डेयरी फ़ार्म।,"Race Course Road, Ganapathy",,,641011,,,641011;641001,milk,Organic Cow Milk,,milk,organic,4.1,500ml,₹58/500ml
,"Vellingiri Dairy Farm, Peelamedu",farm,dairy-farm;dairy,641012,"Vellingiri Dairy Farm, Peelamedu is a dairy farm near Peelamedu keeping cows and buffaloes and selling fresh farm milk.",Peelamedu அருகில் பசுக்கள் மற்றும் எருமைகளை வளர்த்து புதிய பண்ணைப் பாலை விற்கும் பால் பண்ணை.,Peelamedu के पास गायें और भैंसें पालने वाला और ताज़ा फ़ार्म का दूध बेचने वाला डेयरी फ़ार्म।,"Dr Nanjappa Road, Peelamedu",,,641012,,,641012;641021;641001,milk,Farm Fresh Cow Milk,,milk,cow,4.0,1l,₹64/1l
,"Sri Murugan Dairy Farm, Ondipudur",farm,dairy-farm;dairy,641015,A small dairy farm in Ondipudur producing fresh cow milk from its own herd.,Ondipudur பகுதியில் தன் சொந்த மந்தையிலிருந்து புதிய பசும்பால் தயாரிக்கும் சிறிய பால் பண்ணை.,Ondipudur में अपने ही झुंड से ताज़ा गाय का दूध तैयार करने वाला छोटा डेयरी फ़ार्म।,"Trichy Road, Ondipudur",,,641015,,,641015,milk,Fresh Buffalo Milk,,milk,buffalo,6.5,500ml,₹45/500ml
,"Nallur Dairy Farm, Rathinapuri",farm,dairy-farm;dairy,641018,"Nallur Dairy Farm, Rathinapuri rears dairy cattle at Rathinapuri and supplies fresh milk to nearby homes and shops.",Rathinapuri பகுதியில் பால் கால்நடைகளை வளர்த்து அருகிலுள்ள வீடுகள் மற்றும் கடைகளுக்கு புதிய பால் வழங்கும் பால் பண்ணை.,Rathinapuri में डेयरी पशु पालने वाला और आसपास के घरों व दुकानों को ताज़ा दूध देने वाला डेयरी फ़ार्म।,"Avinashi Road, Rathinapuri",,,641018,,,641018;641035;641001,milk,A2 Cow Milk,,milk,a2,4.3,1l,₹98/1l
,"Karpagam Dairy Farm, Kuniyamuthur",farm,dairy-farm;dairy,641021,Family-run dairy farm at Kuniyamuthur offering fresh cow and buffalo milk direct from the farm.,Kuniyamuthur பகுதியில் பண்ணையிலிருந்து நேரடியாக புதிய பசும்பால் மற்றும் எருமைப்பால் வழங்கும் குடும்ப பால் பண்ணை.,Kuniyamuthur में फ़ार्म से सीधे ताज़ा गाय और भैंस का दूध देने वाला पारिवारिक डेयरी फ़ार्म।,"Mettupalayam Road, Kuniyamuthur",,,641021,,,641021;641001,milk,Organic Cow Milk,,milk,organic,4.1,500ml,₹58/500ml
,"Sri Velan Dairy Farm, Ukkadam",farm,dairy-farm;dairy,641025,"Sri Velan Dairy Farm, Ukkadam is a dairy farm near Ukkadam keeping cows and buffaloes and selling fresh farm milk.",Ukkadam அருகில் பசுக்கள் மற்றும் எருமைகளை வளர்த்து புதிய பண்ணைப் பாலை விற்கும் பால் பண்ணை.,Ukkadam के पास गायें और भैंसें पालने वाला और ताज़ा फ़ार्म का दूध बेचने वाला डेयरी फ़ार्म।,"Sathy Road, Ukkadam",,,641025,,,641025;641041;641001,milk,Farm Fresh Cow Milk,,milk,cow,4.0,1l,₹64/1l
,"Ponni Dairy Farm, Podanur",farm,dairy-farm;dairy,641035,A small dairy farm in Podanur producing fresh cow milk from its own herd.,Podanur பகுதியில் தன் சொந்த மந்தையிலிருந்து புதிய பசும்பால் தயாரிக்கும் சிறிய பால் பண்ணை.,Podanur में अपने ही झुंड से ताज़ा गाय का दूध तैयार करने वाला छोटा डेयरी फ़ार्म।,"Cross Cut Road, Podanur",,,641035,,,641035,milk,Fresh Buffalo Milk,,milk,buffalo,6.5,500ml,₹45/500ml
,"Sri Lakshmi Dairy Farm, Kavundampalayam",farm,dairy-farm;dairy,641037,"Sri Lakshmi Dairy Farm, Kavundampalayam rears dairy cattle at Kavundampalayam and supplies fresh milk to nearby homes and shops.",Kavundampalayam பகுதியில் பால் கால்நடைகளை வளர்த்து அருகிலுள்ள வீடுகள் மற்றும் கடைகளுக்கு புதிய பால் வழங்கும் பால் பண்ணை.,Kavundampalayam में डेयरी पशु पालने वाला और आसपास के घरों व दुकानों को ताज़ा दूध देने वाला डेयरी फ़ार्म।,"Big Bazaar Street, Kavundampalayam",,,641037,,,641037;641046;641001,milk,A2 Cow Milk,,milk,a2,4.3,1l,₹98/1l
,"Thendral Dairy Farm, Thudiyalur",farm,dairy-farm;dairy,641041,Family-run dairy farm at Thudiyalur offering fresh cow and buffalo milk direct from the farm.,Thudiyalur பகுதியில் பண்ணையிலிருந்து நேரடியாக புதிய பசும்பால் மற்றும் எருமைப்பால் வழங்கும் குடும்ப பால் பண்ணை.,Thudiyalur में फ़ार्म से सीधे ताज़ा गाय और भैंस का दूध देने वाला पारिवारिक डेयरी फ़ार्म।,"Sungam Bypass, Thudiyalur",,,641041,,,641041,milk,Organic Cow Milk,,milk,organic,4.1,500ml,₹58/500ml
,"Kongu Dairy Farm, Vadavalli",farm,dairy-farm;dairy,641045,"Kongu Dairy Farm, Vadavalli is a dairy farm near Vadavalli keeping cows and buffaloes and selling fresh farm milk.",Vadavalli அருகில் பசுக்கள் மற்றும் எருமைகளை வளர்த்து புதிய பண்ணைப் பாலை விற்கும் பால் பண்ணை.,Vadavalli के पास गायें और भैंसें पालने वाला और ताज़ा फ़ार्म का दूध बेचने वाला डेयरी फ़ार्म।,"Pollachi Main Road, Vadavalli",,,641045,,,641045;641062,milk,Farm Fresh Cow Milk,,milk,cow,4.0,1l,₹64/1l
,"Sri Balaji Veterinary Clinic, Maruthamalai",shop,veterinarian,641046,"Sri Balaji Veterinary Clinic, Maruthamalai is a veterinary clinic in Maruthamalai providing health care and treatment for cattle and pets.",Maruthamalai பகுதியில் கால்நடைகள் மற்றும் செல்லப்பிராணிகளுக்கு சிகிச்சை அளிக்கும் கால்நடை மருத்துவர் கிளினிக்.,Maruthamalai में पशुओं और पालतू जानवरों के इलाज व देखभाल के लिए पशु चिकित्सक क्लिनिक।,"Trichy Road, Maruthamalai",,,641046,,,641046;641103,,,,,,,,
,"Amman Veterinary Clinic, Saravanampatti",shop,veterinarian,641048,"A veterinary clinic serving Saravanampatti with animal health check-ups, vaccination and cattle care.","Saravanampatti பகுதிக்கு விலங்கு உடல்நல பரிசோதனை, தடுப்பூசி மற்றும் கால்நடை பராமரிப்பு வழங்கும் கால்நடை மருத்துவர் மையம்.","Saravanampatti क्षेत्र में पशु स्वास्थ्य जाँच, टीकाकरण और मवेशी देखभाल देने वाला पशु चिकित्सक क्लिनिक।","Avinashi Road, Saravanampatti",,,641048,,,641048,,,,,,,,
,"Kongu Veterinary Clinic, Nava India",shop,veterinarian,641062,"Kongu Veterinary Clinic, Nava India offers veterinary treatment and cattle health services for dairy farmers around Nava India.",Nava India பகுதியில் உள்ள பால் விவசாயிகளுக்கு கால்நடை சிகிச்சை மற்றும் விலங்கு உடல்நல சேவைகளை வழங்கும் கால்நடை மருத்துவர்.,Nava India के आसपास डेयरी किसानों के लिए पशु चिकित्सा और मवेशी स्वास्थ्य सेवाएँ देने वाला पशु चिकित्सक।,"Mettupalayam Road, Nava India",,,641062,,,641062;641114;641001,,,,,,,,
,"Sri Murugan Veterinary Clinic, Perur",shop,veterinarian,641103,"Sri Murugan Veterinary Clinic, Perur is a veterinary clinic in Perur providing health care and treatment for cattle and pets.",Perur பகுதியில் கால்நடைகள் மற்றும் செல்லப்பிராணிகளுக்கு சிகிச்சை அளிக்கும் கால்நடை மருத்துவர் கிளினிக்.,Perur में पशुओं और पालतू जानवरों के इलाज व देखभाल के लिए पशु चिकित्सक क्लिनिक।,"Sathy Road, Perur",,,641103,,,641103,,,,,,,,
,"Vetcare Veterinary Clinic, Vellakinar",shop,veterinarian,641107,"A veterinary clinic serving Vellakinar with animal health check-ups, vaccination and cattle care.","Vellakinar பகுதிக்கு விலங்கு உடல்நல பரிசோதனை, தடுப்பூசி மற்றும் கால்நடை பராமரிப்பு வழங்கும் கால்நடை மருத்துவர் மையம்.","Vellakinar क्षेत्र में पशु स्वास्थ्य जाँच, टीकाकरण और मवेशी देखभाल देने वाला पशु चिकित्सक क्लिनिक।","Cross Cut Road, Vellakinar",,,641107,,,641107;641301,,,,,,,,
,"Sri Vinayaga Veterinary Clinic, Thondamuthur",shop,veterinarian,641114,"Sri Vinayaga Veterinary Clinic, Thondamuthur offers veterinary treatment and cattle health services for dairy farmers around Thondamuthur.",Thondamuthur பகுதியில் உள்ள பால் விவசாயிகளுக்கு கால்நடை சிகிச்சை மற்றும் விலங்கு உடல்நல சேவைகளை வழங்கும் கால்நடை மருத்துவர்.,Thondamuthur के आसपास डेयरी किसानों के लिए पशु चिकित्सा और मवेशी स्वास्थ्य सेवाएँ देने वाला पशु चिकित्सक।,"Big Bazaar Street, Thondamuthur",,,641114,,,641114,,,,,,,,
,"Nallur Veterinary Clinic, Kinathukadavu",shop,veterinarian,641202,"Nallur Veterinary Clinic, Kinathukadavu is a veterinary clinic in Kinathukadavu providing health care and treatment for cattle and pets.",Kinathukadavu பகுதியில் கால்நடைகள் மற்றும் செல்லப்பிராணிகளுக்கு சிகிச்சை அளிக்கும் கால்நடை மருத்துவர் கிளினிக்.,Kinathukadavu में पशुओं और पालतू जानवरों के इलाज व देखभाल के लिए पशु चिकित्सक क्लिनिक।,"Sungam Bypass, Kinathukadavu",,,641202,,,641202;642001,,,,,,,,
,"Sri Lakshmi Veterinary Clinic, Mettupalayam",shop,veterinarian,641301,"A veterinary clinic serving Mettupalayam with animal health check-ups, vaccination and cattle care.","Mettupalayam பகுதிக்கு விலங்கு உடல்நல பரிசோதனை, தடுப்பூசி மற்றும் கால்நடை பராமரிப்பு வழங்கும் கால்நடை மருத்துவர் மையம்.","Mettupalayam क्षेत्र में पशु स्वास्थ्य जाँच, टीकाकरण और मवेशी देखभाल देने वाला पशु चिकित्सक क्लिनिक।","Pollachi Main Road, Mettupalayam",,,641301,,,641301,,,,,,,,
,"Green Valley Veterinary Clinic, Sulur",shop,veterinarian,641402,"Green Valley Veterinary Clinic, Sulur offers veterinary treatment and cattle health services for dairy farmers around Sulur.",Sulur பகுதியில் உள்ள பால் விவசாயிகளுக்கு கால்நடை சிகிச்சை மற்றும் விலங்கு உடல்நல சேவைகளை வழங்கும் கால்நடை மருத்துவர்.,Sulur के आसपास डेयरी किसानों के लिए पशु चिकित्सा और मवेशी स्वास्थ्य सेवाएँ देने वाला पशु चिकित्सक।,"Thadagam Road, Sulur",,,641402,,,641402;642126,,,,,,,,
,"Sri Karpagam Veterinary Clinic, Pollachi",shop,veterinarian,642001,"Sri Karpagam Veterinary Clinic, Pollachi is a veterinary clinic in Pollachi providing health care and treatment for cattle and pets.",Pollachi பகுதியில் கால்நடைகள் மற்றும் செல்லப்பிராணிகளுக்கு சிகிச்சை அளிக்கும் கால்நடை மருத்துவர் கிளினிக்.,Pollachi में पशुओं और पालतू जानवरों के इलाज व देखभाल के लिए पशु चिकित्सक क्लिनिक।,"Marudhamalai Road, Pollachi",,,642001,,,642001,,,,,,,,
,"Sri Balaji Pet & Cattle Clinic, Pollachi East",shop,veterinarian,642002,"A veterinary clinic serving Pollachi East with animal health check-ups, vaccination and cattle care.","Pollachi East பகுதிக்கு விலங்கு உடல்நல பரிசோதனை, தடுப்பூசி மற்றும் கால்நடை பராமரிப்பு வழங்கும் கால்நடை மருத்துவர் மையம்.","Pollachi East क्षेत्र में पशु स्वास्थ्य जाँच, टीकाकरण और मवेशी देखभाल देने वाला पशु चिकित्सक क्लिनिक।","Bharathiar Road, Pollachi East",,,642002,,,642002;641604,,,,,,,,
,"Amman Pet & Cattle Clinic, Valparai",shop,veterinarian,642126,"Amman Pet & Cattle Clinic, Valparai offers veterinary treatment and cattle health services for dairy farmers around Valparai.",Valparai பகுதியில் உள்ள பால் விவசாயிகளுக்கு கால்நடை சிகிச்சை மற்றும் விலங்கு உடல்நல சேவைகளை வழங்கும் கால்நடை மருத்துவர்.,Valparai के आसपास डेयरी किसानों के लिए पशु चिकित्सा और मवेशी स्वास्थ्य सेवाएँ देने वाला पशु चिकित्सक।,"Perur Main Road, Valparai",,,642126,,,642126,,,,,,,,
,"Kongu Pet & Cattle Clinic, Valparai Town",shop,veterinarian,642127,"Kongu Pet & Cattle Clinic, Valparai Town is a veterinary clinic in Valparai Town providing health care and treatment for cattle and pets.",Valparai Town பகுதியில் கால்நடைகள் மற்றும் செல்லப்பிராணிகளுக்கு சிகிச்சை அளிக்கும் கால்நடை மருத்துவர் கிளினிக்.,Valparai Town में पशुओं और पालतू जानवरों के इलाज व देखभाल के लिए पशु चिकित्सक क्लिनिक।,"Kamarajar Road, Valparai Town",,,642127,,,642127;641001,,,,,,,,
,"Sri Murugan Pet & Cattle Clinic, Tiruppur",shop,veterinarian,641604,"A veterinary clinic serving Tiruppur with animal health check-ups, vaccination and cattle care.","Tiruppur பகுதிக்கு விலங்கு உடல்நல பரிசோதனை, தடுப்பூசி மற்றும் கால்நடை பராமரிப்பு வழங்கும் கால்நடை மருத்துவர் மையம்.","Tiruppur क्षेत्र में पशु स्वास्थ्य जाँच, टीकाकरण और मवेशी देखभाल देने वाला पशु चिकित्सक क्लिनिक।","Sanganoor Road, Tiruppur",,Tiruppur,641604,,,641604,,,,,,,,
,"Vetcare Pet & Cattle Clinic, Palladam",shop,veterinarian,638051,"Vetcare Pet & Cattle Clinic, Palladam offers veterinary treatment and cattle health services for dairy farmers around Palladam.",Palladam பகுதியில் உள்ள பால் விவசாயிகளுக்கு கால்நடை சிகிச்சை மற்றும் விலங்கு உடல்நல சேவைகளை வழங்கும் கால்நடை மருத்துவர்.,Palladam के आसपास डेयरी किसानों के लिए पशु चिकित्सा और मवेशी स्वास्थ्य सेवाएँ देने वाला पशु चिकित्सक।,"Vilankurichi Road, Palladam",,Tiruppur,638051,,,638051;641004,,,,,,,,
,"Sri Vinayaga Pet & Cattle Clinic, Town Hall",shop,veterinarian,641001,"Sri Vinayaga Pet & Cattle Clinic, Town Hall is a veterinary clinic in Town Hall providing health care and treatment for cattle and pets.",Town Hall பகுதியில் கால்நடைகள் மற்றும் செல்லப்பிராணிகளுக்கு சிகிச்சை அளிக்கும் கால்நடை மருத்துவர் கிளினிக்.,Town Hall में पशुओं और पालतू जानवरों के इलाज व देखभाल के लिए पशु चिकित्सक क्लिनिक।,"Race Course Road, Town Hall",,,641001,,,641001,,,,,,,,
,"Nallur Pet & Cattle Clinic, Ram Nagar",shop,veterinarian,641002,"A veterinary clinic serving Ram Nagar with animal health check-ups, vaccination and cattle care.","Ram Nagar பகுதிக்கு விலங்கு உடல்நல பரிசோதனை, தடுப்பூசி மற்றும் கால்நடை பராமரிப்பு வழங்கும் கால்நடை மருத்துவர் மையம்.","Ram Nagar क्षेत्र में पशु स्वास्थ्य जाँच, टीकाकरण और मवेशी देखभाल देने वाला पशु चिकित्सक क्लिनिक।","Dr Nanjappa Road, Ram Nagar",,,641002,,,641002;641006;641001,,,,,,,,
,"Sri Lakshmi Pet & Cattle Clinic, R.S. Puram",shop,veterinarian,641004,"Sri Lakshmi Pet & Cattle Clinic, R.S. Puram offers veterinary treatment and cattle health services for dairy farmers around R.S. Puram.",R.S. Puram பகுதியில் உள்ள பால் விவசாயிகளுக்கு கால்நடை சிகிச்சை மற்றும் விலங்கு உடல்நல சேவைகளை வழங்கும் கால்நடை மருத்துவர்.,R.S. Puram के आसपास डेयरी किसानों के लिए पशु चिकित्सा और मवेशी स्वास्थ्य सेवाएँ देने वाला पशु चिकित्सक।,"Trichy Road, R.S. Puram",,,641004,,,641004;641001,,,,,,,,
,"Green Valley Pet & Cattle Clinic, Singanallur",shop,veterinarian,641005,"Green Valley Pet & Cattle Clinic, Singanallur is a veterinary clinic in Singanallur providing health care and treatment for cattle and pets.",Singanallur பகுதியில் கால்நடைகள் மற்றும் செல்லப்பிராணிகளுக்கு சிகிச்சை அளிக்கும் கால்நடை மருத்துவர் கிளினிக்.,Singanallur में पशुओं और पालतू जानवरों के इलाज व देखभाल के लिए पशु चिकित्सक क्लिनिक।,"Avinashi Road, Singanallur",,,641005,,,641005;641009;641001,,,,,,,,
,"Sri Karpagam Pet & Cattle Clinic, Ramanathapuram",shop,veterinarian,641006,"A veterinary clinic serving Ramanathapuram with animal health check-ups, vaccination and cattle care.","Ramanathapuram பகுதிக்கு விலங்கு உடல்நல பரிசோதனை, தடுப்பூசி மற்றும் கால்நடை பராமரிப்பு வழங்கும் கால்நடை மருத்துவர் மையம்.","Ramanathapuram क्षेत्र में पशु स्वास्थ्य जाँच, टीकाकरण और मवेशी देखभाल देने वाला पशु चिकित्सक क्लिनिक।","Mettupalayam Road, Ramanathapuram",,,641006,,,641006;641001,,,,,,,,
,"Sri Balaji Animal Health Centre, Uppilipalayam",shop,veterinarian,641007,"Sri Balaji Animal Health Centre, Uppilipalayam offers veterinary treatment and cattle health services for dairy farmers around Uppilipalayam.",Uppilipalayam பகுதியில் உள்ள பால் விவசாயிகளுக்கு கால்நடை சிகிச்சை மற்றும் விலங்கு உடல்நல சேவைகளை வழங்கும் கால்நடை மருத்துவர்.,Uppilipalayam के आसपास डेयरी किसानों के लिए पशु चिकित्सा और मवेशी स्वास्थ्य सेवाएँ देने वाला पशु चिकित्सक।,"Sathy Road, Uppilipalayam",,,641007,,,641007;641012;641001,,,,,,,,
,"Amman Animal Health Centre, Gandhipuram",shop,veterinarian,641009,"Amman Animal Health Centre, Gandhipuram is a veterinary clinic in Gandhipuram providing health care and treatment for cattle and pets.",Gandhipuram பகுதியில் கால்நடைகள் மற்றும் செல்லப்பிராணிகளுக்கு சிகிச்சை அளிக்கும் கால்நடை மருத்துவர் கிளினிக்.,Gandhipuram में पशुओं और पालतू जानवरों के इलाज व देखभाल के लिए पशु चिकित्सक क्लिनिक।,"Cross Cut Road, Gandhipuram",,,641009,,,641009;641001,,,,,,,,
,"Kongu Animal Health Centre, Ganapathy",shop,veterinarian,641011,"A veterinary clinic serving Ganapathy with animal health check-ups, vaccination and cattle care.","Ganapathy பகுதிக்கு விலங்கு உடல்நல பரிசோதனை, தடுப்பூசி மற்றும் கால்நடை பராமரிப்பு வழங்கும் கால்நடை மருத்துவர் மையம்.","Ganapathy क्षेत्र में पशु स्वास्थ्य जाँच, टीकाकरण और मवेशी देखभाल देने वाला पशु चिकित्सक क्लिनिक।","Big Bazaar Street, Ganapathy",,,641011,,,641011;641018;641001,,,,,,,,
,"Sri Murugan Animal Health Centre, Peelamedu",shop,veterinarian,641012,"Sri Murugan Animal Health Centre, Peelamedu offers veterinary treatment and cattle health services for dairy farmers around Peelamedu.",Peelamedu பகுதியில் உள்ள பால் விவசாயிகளுக்கு கால்நடை சிகிச்சை மற்றும் விலங்கு உடல்நல சேவைகளை வழங்கும் கால்நடை மருத்துவர்.,Peelamedu के आसपास डेयरी किसानों के लिए पशु चिकित्सा और मवेशी स्वास्थ्य सेवाएँ देने वाला पशु चिकित्सक।,"Sungam Bypass, Peelamedu",,,641012,,,641012;641001,,,,,,,,
,"Vetcare Animal Health Centre, Ondipudur",shop,veterinarian,641015,"Vetcare Animal Health Centre, Ondipudur is a veterinary clinic in Ondipudur providing health care and treatment for cattle and pets.",Ondipudur பகுதியில் கால்நடைகள் மற்றும் செல்லப்பிராணிகளுக்கு சிகிச்சை அளிக்கும் கால்நடை மருத்துவர் கிளினிக்.,Ondipudur में पशुओं और पालतू जानवरों के इलाज व देखभाल के लिए पशु चिकित्सक क्लिनिक।,"Pollachi Main Road, Ondipudur",,,641015,,,641015;641025,,,,,,,,
,"Kongu Cattle Feeds, Rathinapuri",shop,feed-supplier,641018,"Kongu Cattle Feeds, Rathinapuri is a cattle feed shop in Rathinapuri supplying dairy feed, fodder and mineral mixture.","Rathinapuri பகுதியில் கால்நடை தீவனம், தீவனப் புல் மற்றும் தாது கலவை வழங்கும் கால்நடை தீவனக் கடை.","Rathinapuri में पशु आहार, चारा और मिनरल मिक्सचर देने वाली पशु आहार की दुकान।","Trichy Road, Rathinapuri",,,641018,,,641018;641035;641001,,,,,,,,
,"Sri Balaji Cattle Feeds, Kuniyamuthur",shop,feed-supplier,641021,A cattle feed supplier in Kuniyamuthur stocking cattle feed and fodder for dairy farms.,Kuniyamuthur பகுதியில் பால் பண்ணைகளுக்கான கால்நடை தீவனம் மற்றும் தீவனப் புல் வைத்திருக்கும் தீவன விற்பனையாளர்.,Kuniyamuthur में डेयरी फ़ार्मों के लिए पशु आहार और चारा रखने वाला पशु आहार आपूर्तिकर्ता।,"Avinashi Road, Kuniyamuthur",,,641021,,,641021;641001,,,,,,,,
,"Amman Cattle Feeds, Ukkadam",shop,feed-supplier,641025,"Amman Cattle Feeds, Ukkadam supplies cattle feed, dairy meal and fodder to livestock keepers around Ukkadam.","Ukkadam பகுதியில் கால்நடை வளர்ப்பாளர்களுக்கு கால்நடை தீவனம், பால் தீவனம் மற்றும் தீவனப் புல் வழங்கும் கடை.","Ukkadam के आसपास पशुपालकों को पशु आहार, डेयरी दाना और चारा देने वाली दुकान।","Mettupalayam Road, Ukkadam",,,641025,,,641025;641041;641001,,,,,,,,
,"Vetri Cattle Feeds, Podanur",shop,feed-supplier,641035,"Vetri Cattle Feeds, Podanur is a cattle feed shop in Podanur supplying dairy feed, fodder and mineral mixture.","Podanur பகுதியில் கால்நடை தீவனம், தீவனப் புல் மற்றும் தாது கலவை வழங்கும் கால்நடை தீவனக் கடை.","Podanur में पशु आहार, चारा और मिनरल मिक्सचर देने वाली पशु आहार की दुकान।","Sathy Road, Podanur",,,641035,,,641035,,,,,,,,
,"Sri Murugan Cattle Feeds, Kavundampalayam",shop,feed-supplier,641037,A cattle feed supplier in Kavundampalayam stocking cattle feed and fodder for dairy farms.,Kavundampalayam பகுதியில் பால் பண்ணைகளுக்கான கால்நடை தீவனம் மற்றும் தீவனப் புல் வைத்திருக்கும் தீவன விற்பனையாளர்.,Kavundampalayam में डेयरी फ़ार्मों के लिए पशु आहार और चारा रखने वाला पशु आहार आपूर्तिकर्ता।,"Cross Cut Road, Kavundampalayam",,,641037,,,641037;641046;641001,,,,,,,,
,"Ponni Cattle Feeds, Thudiyalur",shop,feed-supplier,641041,"Ponni Cattle Feeds, Thudiyalur supplies cattle feed, dairy meal and fodder to livestock keepers around Thudiyalur.","Thudiyalur பகுதியில் கால்நடை வளர்ப்பாளர்களுக்கு கால்நடை தீவனம், பால் தீவனம் மற்றும் தீவனப் புல் வழங்கும் கடை.","Thudiyalur के आसपास पशुपालकों को पशु आहार, डेयरी दाना और चारा देने वाली दुकान।","Big Bazaar Street, Thudiyalur",,,641041,,,641041,,,,,,,,
,"Nallur Cattle Feeds, Vadavalli",shop,feed-supplier,641045,"Nallur Cattle Feeds, Vadavalli is a cattle feed shop in Vadavalli supplying dairy feed, fodder and mineral mixture.","Vadavalli பகுதியில் கால்நடை தீவனம், தீவனப் புல் மற்றும் தாது கலவை வழங்கும் கால்நடை தீவனக் கடை.","Vadavalli में पशु आहार, चारा और मिनरल मिक्सचर देने वाली पशु आहार की दुकान।","Sungam Bypass, Vadavalli",,,641045,,,641045;641062,,,,,,,,
,"Sri Velan Cattle Feeds, Maruthamalai",shop,feed-supplier,641046,A cattle feed supplier in Maruthamalai stocking cattle feed and fodder for dairy farms.,Maruthamalai பகுதியில் பால் பண்ணைகளுக்கான கால்நடை தீவனம் மற்றும் தீவனப் புல் வைத்திருக்கும் தீவன விற்பனையாளர்.,Maruthamalai में डेयरी फ़ार्मों के लिए पशु आहार और चारा रखने वाला पशु आहार आपूर्तिकर्ता।,"Pollachi Main Road, Maruthamalai",,,641046,,,641046,,,,,,,,
,"Kaveri Cattle Feeds, Saravanampatti",shop,feed-supplier,641048,"Kaveri Cattle Feeds, Saravanampatti supplies cattle feed, dairy meal and fodder to livestock keepers around Saravanampatti.","Saravanampatti பகுதியில் கால்நடை வளர்ப்பாளர்களுக்கு கால்நடை தீவனம், பால் தீவனம் மற்றும் தீவனப் புல் வழங்கும் கடை.","Saravanampatti के आसपास पशुपालकों को पशु आहार, डेयरी दाना और चारा देने वाली दुकान।","Thadagam Road, Saravanampatti",,,641048,,,641048;641107,,,,,,,,
,"Sri Lakshmi Cattle Feeds, Nava India",shop,feed-supplier,641062,"Sri Lakshmi Cattle Feeds, Nava India is a cattle feed shop in Nava India supplying dairy feed, fodder and mineral mixture.","Nava India பகுதியில் கால்நடை தீவனம், தீவனப் புல் மற்றும் தாது கலவை வழங்கும் கால்நடை தீவனக் கடை.","Nava India में पशु आहार, चारा और मिनरल मिक्सचर देने वाली पशु आहार की दुकान।","Marudhamalai Road, Nava India",,,641062,,,641062;641001,,,,,,,,
,"Thendral Cattle Feeds, Perur",shop,feed-supplier,641103,A cattle feed supplier in Perur stocking cattle feed and fodder for dairy farms.,Perur பகுதியில் பால் பண்ணைகளுக்கான கால்நடை தீவனம் மற்றும் தீவனப் புல் வைத்திருக்கும் தீவன விற்பனையாளர்.,Perur में डेयरी फ़ार्मों के लिए पशु आहार और चारा रखने वाला पशु आहार आपूर्तिकर्ता।,"Bharathiar Road, Perur",,,641103,,,641103;641202,,,,,,,,
,"Sri Ganga Cattle Feeds, Vellakinar",shop,feed-supplier,641107,"Sri Ganga Cattle Feeds, Vellakinar supplies cattle feed, dairy meal and fodder to livestock keepers around Vellakinar.","Vellakinar பகுதியில் கால்நடை வளர்ப்பாளர்களுக்கு கால்நடை தீவனம், பால் தீவனம் மற்றும் தீவனப் புல் வழங்கும் கடை.","Vellakinar के आसपास पशुपालकों को पशु आहार, डेयरी दाना और चारा देने वाली दुकान।","Perur Main Road, Vellakinar",,,641107,,,641107,,,,,,,,
,"Kongu Agro Feeds, Thondamuthur",shop,feed-supplier,641114,"Kongu Agro Feeds, Thondamuthur is a cattle feed shop in Thondamuthur supplying dairy feed, fodder and mineral mixture.","Thondamuthur பகுதியில் கால்நடை தீவனம், தீவனப் புல் மற்றும் தாது கலவை வழங்கும் கால்நடை தீவனக் கடை.","Thondamuthur में पशु आहार, चारा और मिनरल मिक्सचर देने वाली पशु आहार की दुकान।","Kamarajar Road, Thondamuthur",,,641114,,,641114;641402,,,,,,,,
,"Sri Balaji Agro Feeds, Kinathukadavu",shop,feed-supplier,641202,A cattle feed supplier in Kinathukadavu stocking cattle feed and fodder for dairy farms.,Kinathukadavu பகுதியில் பால் பண்ணைகளுக்கான கால்நடை தீவனம் மற்றும் தீவனப் புல் வைத்திருக்கும் தீவன விற்பனையாளர்.,Kinathukadavu में डेयरी फ़ार्मों के लिए पशु आहार और चारा रखने वाला पशु आहार आपूर्तिकर्ता।,"Sanganoor Road, Kinathukadavu",,,641202,,,641202,,,,,,,,
,"Amman Agro Feeds, Mettupalayam",shop,feed-supplier,641301,"Amman Agro Feeds, Mettupalayam supplies cattle feed, dairy meal and fodder to livestock keepers around Mettupalayam.","Mettupalayam பகுதியில் கால்நடை வளர்ப்பாளர்களுக்கு கால்நடை தீவனம், பால் தீவனம் மற்றும் தீவனப் புல் வழங்கும் கடை.","Mettupalayam के आसपास पशुपालकों को पशु आहार, डेयरी दाना और चारा देने वाली दुकान।","Vilankurichi Road, Mettupalayam",,,641301,,,641301;642002,,,,,,,,
,"Vetri Agro Feeds, Sulur",shop,feed-supplier,641402,"Vetri Agro Feeds, Sulur is a cattle feed shop in Sulur supplying dairy feed, fodder and mineral mixture.","Sulur பகுதியில் கால்நடை தீவனம், தீவனப் புல் மற்றும் தாது கலவை வழங்கும் கால்நடை தீவனக் கடை.","Sulur में पशु आहार, चारा और मिनरल मिक्सचर देने वाली पशु आहार की दुकान।","Race Course Road, Sulur",,,641402,,,641402,,,,,,,,
,"Sri Murugan Agro Feeds, Pollachi",shop,feed-supplier,642001,A cattle feed supplier in Pollachi stocking cattle feed and fodder for dairy farms.,Pollachi பகுதியில் பால் பண்ணைகளுக்கான கால்நடை தீவனம் மற்றும் தீவனப் புல் வைத்திருக்கும் தீவன விற்பனையாளர்.,Pollachi में डेयरी फ़ार्मों के लिए पशु आहार और चारा रखने वाला पशु आहार आपूर्तिकर्ता।,"Dr Nanjappa Road, Pollachi",,,642001,,,642001;642127,,,,,,,,
,"Ponni Agro Feeds, Pollachi East",shop,feed-supplier,642002,"Ponni Agro Feeds, Pollachi East supplies cattle feed, dairy meal and fodder to livestock keepers around Pollachi East.","Pollachi East பகுதியில் கால்நடை வளர்ப்பாளர்களுக்கு கால்நடை தீவனம், பால் தீவனம் மற்றும் தீவனப் புல் வழங்கும் கடை.","Pollachi East के आसपास पशुपालकों को पशु आहार, डेयरी दाना और चारा देने वाली दुकान।","Trichy Road, Pollachi East",,,642002,,,642002,,,,,,,,
,"Nallur Agro Feeds, Valparai",shop,feed-supplier,642126,"Nallur Agro Feeds, Valparai is a cattle feed shop in Valparai supplying dairy feed, fodder and mineral mixture.","Valparai பகுதியில் கால்நடை தீவனம், தீவனப் புல் மற்றும் தாது கலவை வழங்கும் கால்நடை தீவனக் கடை.","Valparai में पशु आहार, चारा और मिनरल मिक्सचर देने वाली पशु आहार की दुकान।","Avinashi Road, Valparai",,,642126,,,642126;638051,,,,,,,,
,"Sri Velan Agro Feeds, Valparai Town",shop,feed-supplier,642127,A cattle feed supplier in Valparai Town stocking cattle feed and fodder for dairy farms.,Valparai Town பகுதியில் பால் பண்ணைகளுக்கான கால்நடை தீவனம் மற்றும் தீவனப் புல் வைத்திருக்கும் தீவன விற்பனையாளர்.,Valparai Town में डेयरी फ़ार्मों के लिए पशु आहार और चारा रखने वाला पशु आहार आपूर्तिकर्ता।,"Mettupalayam Road, Valparai Town",,,642127,,,642127,,,,,,,,
,"Kaveri Agro Feeds, Tiruppur",shop,feed-supplier,641604,"Kaveri Agro Feeds, Tiruppur supplies cattle feed, dairy meal and fodder to livestock keepers around Tiruppur.","Tiruppur பகுதியில் கால்நடை வளர்ப்பாளர்களுக்கு கால்நடை தீவனம், பால் தீவனம் மற்றும் தீவனப் புல் வழங்கும் கடை.","Tiruppur के आसपास पशुपालकों को पशु आहार, डेयरी दाना और चारा देने वाली दुकान।","Sathy Road, Tiruppur",,Tiruppur,641604,,,641604;641002,,,,,,,,
,"Sri Lakshmi Agro Feeds, Palladam",shop,feed-supplier,638051,"Sri Lakshmi Agro Feeds, Palladam is a cattle feed shop in Palladam supplying dairy feed, fodder and mineral mixture.","Palladam பகுதியில் கால்நடை தீவனம், தீவனப் புல் மற்றும் தாது கலவை வழங்கும் கால்நடை தீவனக் கடை.","Palladam में पशु आहार, चारा और मिनरल मिक्सचर देने वाली पशु आहार की दुकान।","Cross Cut Road, Palladam",,Tiruppur,638051,,,638051,,,,,,,,
,Kongu Town Hall Milk Producers Cooperative Society,vendor,cooperative;dairy,641001,Kongu Town Hall Milk Producers Cooperative Society is a milk producers cooperative society in Town Hall collecting milk from local dairy farmers.,Town Hall பகுதியில் உள்ளூர் பால் விவசாயிகளிடமிருந்து பாலை சேகரிக்கும் பால் உற்பத்தியாளர் கூட்டுறவு சங்கம்.,Town Hall में स्थानीय डेयरी किसानों से दूध एकत्र करने वाली दूध उत्पादक सहकारी समिति।,"Trichy Road, Town Hall",,,641001,,,641001;641005,milk,Cooperative Toned Milk,,milk,toned,3.0,500ml,₹28/500ml
,Nallur Ram Nagar Cooperative Dairy,vendor,cooperative;dairy,641002,A dairy cooperative society at Ram Nagar pooling milk from member farmers and supplying nearby areas.,Ram Nagar பகுதியில் உறுப்பினர் விவசாயிகளிடமிருந்து பாலை ஒன்றிணைத்து அருகிலுள்ள பகுதிகளுக்கு வழங்கும் பால் கூட்டுறவு சங்கம்.,Ram Nagar में सदस्य किसानों से दूध जुटाकर आसपास के इलाकों को आपूर्ति करने वाली डेयरी सहकारी समिति।,"Avinashi Road, Ram Nagar",,,641002,,,641002;641001,milk,Cooperative Cow Milk,,milk,cow,4.0,500ml,₹32/500ml
,Ponni R.S. Puram Milk Sangam,vendor,cooperative;dairy,641004,Ponni R.S. Puram Milk Sangam runs a village milk cooperative in R.S. Puram handling daily milk collection and distribution.,R.S. Puram பகுதியில் தினசரி பால் சேகரிப்பு மற்றும் விநியோகத்தை கையாளும் கிராம பால் கூட்டுறவு சங்கம்.,R.S. Puram में रोज़ दूध संग्रह और वितरण संभालने वाली गाँव की दूध सहकारी समिति।,"Mettupalayam Road, R.S. Puram",,,641004,,,641004;641007;641001,milk,Cooperative Toned Milk,,milk,toned,3.0,500ml,₹28/500ml
,Vellingiri Singanallur Milk Producers Cooperative Society,vendor,cooperative;dairy,641005,Vellingiri Singanallur Milk Producers Cooperative Society is a milk producers cooperative society in Singanallur collecting milk from local dairy farmers.,Singanallur பகுதியில் உள்ளூர் பால் விவசாயிகளிடமிருந்து பாலை சேகரிக்கும் பால் உற்பத்தியாளர் கூட்டுறவு சங்கம்.,Singanallur में स्थानीय डेयरी किसानों से दूध एकत्र करने वाली दूध उत्पादक सहकारी समिति।,"Sathy Road, Singanallur",,,641005,,,641005;641001,milk,Cooperative Cow Milk,,milk,cow,4.0,500ml,₹32/500ml
,Thendral Ramanathapuram Cooperative Dairy,vendor,cooperative;dairy,641006,A dairy cooperative society at Ramanathapuram pooling milk from member farmers and supplying nearby areas.,Ramanathapuram பகுதியில் உறுப்பினர் விவசாயிகளிடமிருந்து பாலை ஒன்றிணைத்து அருகிலுள்ள பகுதிகளுக்கு வழங்கும் பால் கூட்டுறவு சங்கம்.,Ramanathapuram में सदस्य किसानों से दूध जुटाकर आसपास के इलाकों को आपूर्ति करने वाली डेयरी सहकारी समिति।,"Cross Cut Road, Ramanathapuram",,,641006,,,641006;641011;641001,milk,Cooperative Toned Milk,,milk,toned,3.0,500ml,₹28/500ml
,Sri Velan Uppilipalayam Milk Sangam,vendor,cooperative;dairy,641007,Sri Velan Uppilipalayam Milk Sangam runs a village milk cooperative in Uppilipalayam handling daily milk collection and distribution.,Uppilipalayam பகுதியில் தினசரி பால் சேகரிப்பு மற்றும் விநியோகத்தை கையாளும் கிராம பால் கூட்டுறவு சங்கம்.,Uppilipalayam में रोज़ दूध संग्रह और वितरण संभालने वाली गाँव की दूध सहकारी समिति।,"Big Bazaar Street, Uppilipalayam",,,641007,,,641007;641001,milk,Cooperative Cow Milk,,milk,cow,4.0,500ml,₹32/500ml
,Kongu Gandhipuram Milk Producers Cooperative Society,vendor,cooperative;dairy,641009,Kongu Gandhipuram Milk Producers Cooperative Society is a milk producers cooperative society in Gandhipuram collecting milk from local dairy farmers.,Gandhipuram பகுதியில் உள்ளூர் பால் விவசாயிகளிடமிருந்து பாலை சேகரிக்கும் பால் உற்பத்தியாளர் கூட்டுறவு சங்கம்.,Gandhipuram में स्थानीय डेयरी किसानों से दूध एकत्र करने वाली दूध उत्पादक सहकारी समिति।,"Sungam Bypass, Gandhipuram",,,641009,,,641009;641015;641001,milk,Cooperative Toned Milk,,milk,toned,3.0,500ml,₹28/500ml
,Nallur Ganapathy Cooperative Dairy,vendor,cooperative;dairy,641011,A dairy cooperative society at Ganapathy pooling milk from member farmers and supplying nearby areas.,Ganapathy பகுதியில் உறுப்பினர் விவசாயிகளிடமிருந்து பாலை ஒன்றிணைத்து அருகிலுள்ள பகுதிகளுக்கு வழங்கும் பால் கூட்டுறவு சங்கம்.,Ganapathy में सदस्य किसानों से दूध जुटाकर आसपास के इलाकों को आपूर्ति करने वाली डेयरी सहकारी समिति।,"Pollachi Main Road, Ganapathy",,,641011,,,641011;641001,milk,Cooperative Cow Milk,,milk,cow,4.0,500ml,₹32/500ml
,Ponni Peelamedu Milk Sangam,vendor,cooperative;dairy,641012,Ponni Peelamedu Milk Sangam runs a village milk cooperative in Peelamedu handling daily milk collection and distribution.,Peelamedu பகுதியில் தினசரி பால் சேகரிப்பு மற்றும் விநியோகத்தை கையாளும் கிராம பால் கூட்டுறவு சங்கம்.,Peelamedu में रोज़ दूध संग्रह और वितरण संभालने वाली गाँव की दूध सहकारी समिति।,"Thadagam Road, Peelamedu",,,641012,,,641012;641021;641001,milk,Cooperative Toned Milk,,milk,toned,3.0,500ml,₹28/500ml
,Vellingiri Ondipudur Milk Producers Cooperative Society,vendor,cooperative;dairy,641015,Vellingiri Ondipudur Milk Producers Cooperative Society is a milk producers cooperative society in Ondipudur collecting milk from local dairy farmers.,Ondipudur பகுதியில் உள்ளூர் பால் விவசாயிகளிடமிருந்து பாலை சேகரிக்கும் பால் உற்பத்தியாளர் கூட்டுறவு சங்கம்.,Ondipudur में स्थानीय डेयरी किसानों से दूध एकत्र करने वाली दूध उत्पादक सहकारी समिति।,"Marudhamalai Road, Ondipudur",,,641015,,,641015,milk,Cooperative Cow Milk,,milk,cow,4.0,500ml,₹32/500ml
,Thendral Rathinapuri Cooperative Dairy,vendor,cooperative;dairy,641018,A dairy cooperative society at Rathinapuri pooling milk from member farmers and supplying nearby areas.,Rathinapuri பகுதியில் உறுப்பினர் விவசாயிகளிடமிருந்து பாலை ஒன்றிணைத்து அருகிலுள்ள பகுதிகளுக்கு வழங்கும் பால் கூட்டுறவு சங்கம்.,Rathinapuri में सदस्य किसानों से दूध जुटाकर आसपास के इलाकों को आपूर्ति करने वाली डेयरी सहकारी समिति।,"Bharathiar Road, Rathinapuri",,,641018,,,641018;641035;641001,milk,Cooperative Toned Milk,,milk,toned,3.0,500ml,₹28/500ml
,Sri Velan Kuniyamuthur Milk Sangam,vendor,cooperative;dairy,641021,Sri Velan Kuniyamuthur Milk Sangam runs a village milk cooperative in Kuniyamuthur handling daily milk collection and distribution.,Kuniyamuthur பகுதியில் தினசரி பால் சேகரிப்பு மற்றும் விநியோகத்தை கையாளும் கிராம பால் கூட்டுறவு சங்கம்.,Kuniyamuthur में रोज़ दूध संग्रह और वितरण संभालने वाली गाँव की दूध सहकारी समिति।,"Perur Main Road, Kuniyamuthur",,,641021,,,641021;641001,milk,Cooperative Cow Milk,,milk,cow,4.0,500ml,₹32/500ml
,Kongu Ukkadam Milk Producers Cooperative Society,vendor,cooperative;dairy,641025,Kongu Ukkadam Milk Producers Cooperative Society is a milk producers cooperative society in Ukkadam collecting milk from local dairy farmers.,Ukkadam பகுதியில் உள்ளூர் பால் விவசாயிகளிடமிருந்து பாலை சேகரிக்கும் பால் உற்பத்தியாளர் கூட்டுறவு சங்கம்.,Ukkadam में स्थानीय डेयरी किसानों से दूध एकत्र करने वाली दूध उत्पादक सहकारी समिति।,"Kamarajar Road, Ukkadam",,,641025,,,641025;641041;641001,,,,,,,,
,Nallur Podanur Cooperative Dairy,vendor,cooperative;dairy,641035,A dairy cooperative society at Podanur pooling milk from member farmers and supplying nearby areas.,Podanur பகுதியில் உறுப்பினர் விவசாயிகளிடமிருந்து பாலை ஒன்றிணைத்து அருகிலுள்ள பகுதிகளுக்கு வழங்கும் பால் கூட்டுறவு சங்கம்.,Podanur में सदस्य किसानों से दूध जुटाकर आसपास के इलाकों को आपूर्ति करने वाली डेयरी सहकारी समिति।,"Sanganoor Road, Podanur",,,641035,,,641035,,,,,,,,
,Ponni Kavundampalayam Milk Sangam,vendor,cooperative;dairy,641037,Ponni Kavundampalayam Milk Sangam runs a village milk cooperative in Kavundampalayam handling daily milk collection and distribution.,Kavundampalayam பகுதியில் தினசரி பால் சேகரிப்பு மற்றும் விநியோகத்தை கையாளும் கிராம பால் கூட்டுறவு சங்கம்.,Kavundampalayam में रोज़ दूध संग्रह और वितरण संभालने वाली गाँव की दूध सहकारी समिति।,"Vilankurichi Road, Kavundampalayam",,,641037,,,641037;641046;641001,,,,,,,,
,Kovai Ghee House,shop,dairy;shop,641001,"Kovai Ghee House is a single-product ghee house at Town Hall, Coimbatore, hand-churning traditional cow ghee in small batches.",கோயம்புத்தூர் டவுன் ஹால் பகுதியில் பாரம்பரிய முறையில் சிறிய அளவில் கடைந்து தயாரிக்கப்படும் பசு நெய் மட்டும் விற்கும் கடை.,कोयंबटूर के टाउन हॉल में पारंपरिक तरीके से छोटे बैच में बना गाय का घी ही बेचने वाली दुकान।,"Oppanakara Street, Town Hall",,,641001,,,641001,milk,Kovai Hand-Churned Cow Ghee,,ghee,,,500ml,₹340/500ml
cbedairymart,Coimbatore Dairy Mart,shop,dairy;shop,641001,"Coimbatore Dairy Mart stocks the full dairy range - milk, ghee, paneer, milk powder, yogurt, lassi, curd, buttermilk, cheese, butter, cream, khoa and flavoured milk - across its Coimbatore counters.","பால், நெய், பன்னீர், பால் பொடி, யோகர்ட், லஸ்சி, தயிர், மோர், சீஸ், வெண்ணெய், கிரீம், கோவா மற்றும் சுவையூட்டப்பட்ட பால் என அனைத்து பால் பொருட்களையும் கோயம்புத்தூர் கடைகளில் வழங்கும் நிறுவனம்.","दूध, घी, पनीर, दूध पाउडर, योगर्ट, लस्सी, दही, छाछ, चीज़, मक्खन, क्रीम, खोया और फ्लेवर्ड दूध - पूरी डेयरी रेंज कोयंबटूर के अपने काउंटरों पर रखने वाला व्यवसाय।","Oppanakara Street, Town Hall",,,641001,,,641001,milk,Dairy Mart Fresh Cow Milk,,milk,cow,4.0,500ml,₹34/500ml
cbedairymart,Coimbatore Dairy Mart,shop,dairy;shop,641001,"Coimbatore Dairy Mart stocks the full dairy range - milk, ghee, paneer, milk powder, yogurt, lassi, curd, buttermilk, cheese, butter, cream, khoa and flavoured milk - across its Coimbatore counters.","பால், நெய், பன்னீர், பால் பொடி, யோகர்ட், லஸ்சி, தயிர், மோர், சீஸ், வெண்ணெய், கிரீம், கோவா மற்றும் சுவையூட்டப்பட்ட பால் என அனைத்து பால் பொருட்களையும் கோயம்புத்தூர் கடைகளில் வழங்கும் நிறுவனம்.","दूध, घी, पनीर, दूध पाउडर, योगर्ट, लस्सी, दही, छाछ, चीज़, मक्खन, क्रीम, खोया और फ्लेवर्ड दूध - पूरी डेयरी रेंज कोयंबटूर के अपने काउंटरों पर रखने वाला व्यवसाय।","Raja Street, Ram Nagar",,,641002,,,641002;641001,milk,Dairy Mart Cow Ghee,,ghee,,,500ml,₹310/500ml
cbedairymart,Coimbatore Dairy Mart,shop,dairy;shop,641001,"Coimbatore Dairy Mart stocks the full dairy range - milk, ghee, paneer, milk powder, yogurt, lassi, curd, buttermilk, cheese, butter, cream, khoa and flavoured milk - across its Coimbatore counters.","பால், நெய், பன்னீர், பால் பொடி, யோகர்ட், லஸ்சி, தயிர், மோர், சீஸ், வெண்ணெய், கிரீம், கோவா மற்றும் சுவையூட்டப்பட்ட பால் என அனைத்து பால் பொருட்களையும் கோயம்புத்தூர் கடைகளில் வழங்கும் நிறுவனம்.","दूध, घी, पनीर, दूध पाउडर, योगर्ट, लस्सी, दही, छाछ, चीज़, मक्खन, क्रीम, खोया और फ्लेवर्ड दूध - पूरी डेयरी रेंज कोयंबटूर के अपने काउंटरों पर रखने वाला व्यवसाय।","Kalingarayan Street, R.S. Puram",,,641004,,,641004;641001,milk,Dairy Mart Fresh Paneer,,paneer,,,,₹90/200g
cbedairymart,Coimbatore Dairy Mart,shop,dairy;shop,641001,"Coimbatore Dairy Mart stocks the full dairy range - milk, ghee, paneer, milk powder, yogurt, lassi, curd, buttermilk, cheese, butter, cream, khoa and flavoured milk - across its Coimbatore counters.","பால், நெய், பன்னீர், பால் பொடி, யோகர்ட், லஸ்சி, தயிர், மோர், சீஸ், வெண்ணெய், கிரீம், கோவா மற்றும் சுவையூட்டப்பட்ட பால் என அனைத்து பால் பொருட்களையும் கோயம்புத்தூர் கடைகளில் வழங்கும் நிறுவனம்.","दूध, घी, पनीर, दूध पाउडर, योगर्ट, लस्सी, दही, छाछ, चीज़, मक्खन, क्रीम, खोया और फ्लेवर्ड दूध - पूरी डेयरी रेंज कोयंबटूर के अपने काउंटरों पर रखने वाला व्यवसाय।","Variety Hall Road, Singanallur",,,641005,,,641005;641001,milk,Dairy Mart Instant Milk Powder,,milk-powder,,,,₹250/500g
cbedairymart,Coimbatore Dairy Mart,shop,dairy;shop,641001,"Coimbatore Dairy Mart stocks the full dairy range - milk, ghee, paneer, milk powder, yogurt, lassi, curd, buttermilk, cheese, butter, cream, khoa and flavoured milk - across its Coimbatore counters.","பால், நெய், பன்னீர், பால் பொடி, யோகர்ட், லஸ்சி, தயிர், மோர், சீஸ், வெண்ணெய், கிரீம், கோவா மற்றும் சுவையூட்டப்பட்ட பால் என அனைத்து பால் பொருட்களையும் கோயம்புத்தூர் கடைகளில் வழங்கும் நிறுவனம்.","दूध, घी, पनीर, दूध पाउडर, योगर्ट, लस्सी, दही, छाछ, चीज़, मक्खन, क्रीम, खोया और फ्लेवर्ड दूध - पूरी डेयरी रेंज कोयंबटूर के अपने काउंटरों पर रखने वाला व्यवसाय।","Nehru Street, Ramanathapuram",,,641006,,,641006;641001,milk,Dairy Mart Set Yogurt,,yogurt,,,,₹25/100g
cbedairymart,Coimbatore Dairy Mart,shop,dairy;shop,641001,"Coimbatore Dairy Mart stocks the full dairy range - milk, ghee, paneer, milk powder, yogurt, lassi, curd, buttermilk, cheese, butter, cream, khoa and flavoured milk - across its Coimbatore counters.","பால், நெய், பன்னீர், பால் பொடி, யோகர்ட், லஸ்சி, தயிர், மோர், சீஸ், வெண்ணெய், கிரீம், கோவா மற்றும் சுவையூட்டப்பட்ட பால் என அனைத்து பால் பொருட்களையும் கோயம்புத்தூர் கடைகளில் வழங்கும் நிறுவனம்.","दूध, घी, पनीर, दूध पाउडर, योगर्ट, लस्सी, दही, छाछ, चीज़, मक्खन, क्रीम, खोया और फ्लेवर्ड दूध - पूरी डेयरी रेंज कोयंबटूर के अपने काउंटरों पर रखने वाला व्यवसाय।","Bazaar Street, Uppilipalayam",,,641007,,,641007;641001,milk,Dairy Mart Sweet Lassi,,lassi,,,250ml,₹25/250ml
cbedairymart,Coimbatore Dairy Mart,shop,dairy;shop,641001,"Coimbatore Dairy Mart stocks the full dairy range - milk, ghee, paneer, milk powder, yogurt, lassi, curd, buttermilk, cheese, butter, cream, khoa and flavoured milk - across its Coimbatore counters.","பால், நெய், பன்னீர், பால் பொடி, யோகர்ட், லஸ்சி, தயிர், மோர், சீஸ், வெண்ணெய், கிரீம், கோவா மற்றும் சுவையூட்டப்பட்ட பால் என அனைத்து பால் பொருட்களையும் கோயம்புத்தூர் கடைகளில் வழங்கும் நிறுவனம்.","दूध, घी, पनीर, दूध पाउडर, योगर्ट, लस्सी, दही, छाछ, चीज़, मक्खन, क्रीम, खोया और फ्लेवर्ड दूध - पूरी डेयरी रेंज कोयंबटूर के अपने काउंटरों पर रखने वाला व्यवसाय।","Sastri Road, Gandhipuram",,,641009,,,641009;641001,milk,Dairy Mart Thick Curd,,curd,,,,₹32/500g
cbedairymart,Coimbatore Dairy Mart,shop,dairy;shop,641001,"Coimbatore Dairy Mart stocks the full dairy range - milk, ghee, paneer, milk powder, yogurt, lassi, curd, buttermilk, cheese, butter, cream, khoa and flavoured milk - across its Coimbatore counters.","பால், நெய், பன்னீர், பால் பொடி, யோகர்ட், லஸ்சி, தயிர், மோர், சீஸ், வெண்ணெய், கிரீம், கோவா மற்றும் சுவையூட்டப்பட்ட பால் என அனைத்து பால் பொருட்களையும் கோயம்புத்தூர் கடைகளில் வழங்கும் நிறுவனம்.","दूध, घी, पनीर, दूध पाउडर, योगर्ट, लस्सी, दही, छाछ, चीज़, मक्खन, क्रीम, खोया और फ्लेवर्ड दूध - पूरी डेयरी रेंज कोयंबटूर के अपने काउंटरों पर रखने वाला व्यवसाय।","Ranganathan Street, Ganapathy",,,641011,,,641011;641001,milk,Dairy Mart Spiced Buttermilk,,buttermilk,,,,₹15/200ml
cbedairymart,Coimbatore Dairy Mart,shop,dairy;shop,641001,"Coimbatore Dairy Mart stocks the full dairy range - milk, ghee, paneer, milk powder, yogurt, lassi, curd, buttermilk, cheese, butter, cream, khoa and flavoured milk - across its Coimbatore counters.","பால், நெய், பன்னீர், பால் பொடி, யோகர்ட், லஸ்சி, தயிர், மோர், சீஸ், வெண்ணெய், கிரீம், கோவா மற்றும் சுவையூட்டப்பட்ட பால் என அனைத்து பால் பொருட்களையும் கோயம்புத்தூர் கடைகளில் வழங்கும் நிறுவனம்.","दूध, घी, पनीर, दूध पाउडर, योगर्ट, लस्सी, दही, छाछ, चीज़, मक्खन, क्रीम, खोया और फ्लेवर्ड दूध - पूरी डेयरी रेंज कोयंबटूर के अपने काउंटरों पर रखने वाला व्यवसाय।","Kumaran Road, Peelamedu",,,641012,,,641012;641001,milk,Dairy Mart Cheese Block,,cheese,,,,₹130/200g
cbedairymart,Coimbatore Dairy Mart,shop,dairy;shop,641001,"Coimbatore Dairy Mart stocks the full dairy range - milk, ghee, paneer, milk powder, yogurt, lassi, curd, buttermilk, cheese, butter, cream, khoa and flavoured milk - across its Coimbatore counters.","பால், நெய், பன்னீர், பால் பொடி, யோகர்ட், லஸ்சி, தயிர், மோர், சீஸ், வெண்ணெய், கிரீம், கோவா மற்றும் சுவையூட்டப்பட்ட பால் என அனைத்து பால் பொருட்களையும் கோயம்புத்தூர் கடைகளில் வழங்கும் நிறுவனம்.","दूध, घी, पनीर, दूध पाउडर, योगर्ट, लस्सी, दही, छाछ, चीज़, मक्खन, क्रीम, खोया और फ्लेवर्ड दूध - पूरी डेयरी रेंज कोयंबटूर के अपने काउंटरों पर रखने वाला व्यवसाय।","Kalidas Road, Ondipudur",,,641015,,,641015;641001,milk,Dairy Mart Table Butter,,butter,,,,₹56/100g
cbedairymart,Coimbatore Dairy Mart,shop,dairy;shop,641001,"Coimbatore Dairy Mart stocks the full dairy range - milk, ghee, paneer, milk powder, yogurt, lassi, curd, buttermilk, cheese, butter, cream, khoa and flavoured milk - across its Coimbatore counters.","பால், நெய், பன்னீர், பால் பொடி, யோகர்ட், லஸ்சி, தயிர், மோர், சீஸ், வெண்ணெய், கிரீம், கோவா மற்றும் சுவையூட்டப்பட்ட பால் என அனைத்து பால் பொருட்களையும் கோயம்புத்தூர் கடைகளில் வழங்கும் நிறுவனம்.","दूध, घी, पनीर, दूध पाउडर, योगर्ट, लस्सी, दही, छाछ, चीज़, मक्खन, क्रीम, खोया और फ्लेवर्ड दूध - पूरी डेयरी रेंज कोयंबटूर के अपने काउंटरों पर रखने वाला व्यवसाय।","Vysial Street, Rathinapuri",,,641018,,,641018;641001,milk,Dairy Mart Fresh Cream,,cream,,,250ml,₹80/250ml
cbedairymart,Coimbatore Dairy Mart,shop,dairy;shop,641001,"Coimbatore Dairy Mart stocks the full dairy range - milk, ghee, paneer, milk powder, yogurt, lassi, curd, buttermilk, cheese, butter, cream, khoa and flavoured milk - across its Coimbatore counters.","பால், நெய், பன்னீர், பால் பொடி, யோகர்ட், லஸ்சி, தயிர், மோர், சீஸ், வெண்ணெய், கிரீம், கோவா மற்றும் சுவையூட்டப்பட்ட பால் என அனைத்து பால் பொருட்களையும் கோயம்புத்தூர் கடைகளில் வழங்கும் நிறுவனம்.","दूध, घी, पनीर, दूध पाउडर, योगर्ट, लस्सी, दही, छाछ, चीज़, मक्खन, क्रीम, खोया और फ्लेवर्ड दूध - पूरी डेयरी रेंज कोयंबटूर के अपने काउंटरों पर रखने वाला व्यवसाय।","Sukrawarpet Road, Kuniyamuthur",,,641021,,,641021;641001,milk,Dairy Mart Khoa,,khoa,,,,₹115/250g
cbedairymart,Coimbatore Dairy Mart,shop,dairy;shop,641001,"Coimbatore Dairy Mart stocks the full dairy range - milk, ghee, paneer, milk powder, yogurt, lassi, curd, buttermilk, cheese, butter, cream, khoa and flavoured milk - across its Coimbatore counters.","பால், நெய், பன்னீர், பால் பொடி, யோகர்ட், லஸ்சி, தயிர், மோர், சீஸ், வெண்ணெய், கிரீம், கோவா மற்றும் சுவையூட்டப்பட்ட பால் என அனைத்து பால் பொருட்களையும் கோயம்புத்தூர் கடைகளில் வழங்கும் நிறுவனம்.","दूध, घी, पनीर, दूध पाउडर, योगर्ट, लस्सी, दही, छाछ, चीज़, मक्खन, क्रीम, खोया और फ्लेवर्ड दूध - पूरी डेयरी रेंज कोयंबटूर के अपने काउंटरों पर रखने वाला व्यवसाय।","Chinnasamy Road, Ukkadam",,,641025,,,641025;641001,milk,Dairy Mart Badam Flavoured Milk,,flavoured-milk,,,,₹30/180ml
